game_id,date,venue,home_team,away_team,game_type,home_score,away_score,winner,loser,won_by,margin,winning_pitcher,losing_pitcher,save_pitcher,top_hitter,top_hitter_team,top_hitter_line,top_pitcher,top_pitcher_team,top_pitcher_line
823244,2026-03-25,Oracle Park,San Francisco Giants,New York Yankees,R,0,7,New York Yankees,San Francisco Giants,Away,7,Max Fried,Logan Webb,,Giancarlo Stanton,New York Yankees,"2-4, 0 HR, 1 RBI",Logan Webb,San Francisco Giants,"5.0 IP, 7 K, 6 ER"
823649,2026-03-26,Citi Field,New York Mets,Pittsburgh Pirates,R,11,7,New York Mets,Pittsburgh Pirates,Home,4,Freddy Peralta,Paul Skenes,,Brandon Lowe,Pittsburgh Pirates,"2-4, 2 HR, 3 RBI",Freddy Peralta,New York Mets,"5.0 IP, 7 K, 4 ER"
823812,2026-03-26,American Family Field,Milwaukee Brewers,Chicago White Sox,R,14,2,Milwaukee Brewers,Chicago White Sox,Home,12,Jacob Misiorowski,Shane Smith,,Jake Bauers,Milwaukee Brewers,"2-5, 1 HR, 3 RBI",Jacob Misiorowski,Milwaukee Brewers,"5.0 IP, 11 K, 1 ER"
824704,2026-03-26,Wrigley Field,Chicago Cubs,Washington Nationals,R,4,10,Washington Nationals,Chicago Cubs,Away,6,Brad Lord,Matthew Boyd,,Joey Wiemer,Washington Nationals,"3-3, 1 HR, 1 RBI",Matthew Boyd,Chicago Cubs,"3.2 IP, 7 K, 6 ER"
824865,2026-03-26,Oriole Park at Camden Yards,Baltimore Orioles,Minnesota Twins,R,2,1,Baltimore Orioles,Minnesota Twins,Home,1,Trevor Rogers,Kody Funderburk,Ryan Helsley,Adley Rutschman,Baltimore Orioles,"2-4, 0 HR, 0 RBI",Joe Ryan,Minnesota Twins,"5.1 IP, 7 K, 0 ER"
824541,2026-03-26,Great American Ball Park,Cincinnati Reds,Boston Red Sox,R,0,3,Boston Red Sox,Cincinnati Reds,Away,3,Garrett Crochet,Pierce Johnson,Aroldis Chapman,Sal Stewart,Cincinnati Reds,"3-4, 0 HR, 0 RBI",Garrett Crochet,Boston Red Sox,"6.0 IP, 8 K, 0 ER"
824218,2026-03-26,Daikin Park,Houston Astros,Los Angeles Angels,R,0,3,Los Angeles Angels,Houston Astros,Away,3,José Soriano,AJ Blubaugh,Jordan Romano,Joey Loperfido,Houston Astros,"2-4, 0 HR, 0 RBI",Hunter Brown,Houston Astros,"4.2 IP, 9 K, 0 ER"
823325,2026-03-26,Petco Park,San Diego Padres,Detroit Tigers,R,2,8,Detroit Tigers,San Diego Padres,Away,6,Tarik Skubal,Nick Pivetta,,Kevin McGonigle,Detroit Tigers,"4-5, 0 HR, 2 RBI",Tarik Skubal,Detroit Tigers,"6.0 IP, 6 K, 0 ER"
823081,2026-03-26,Busch Stadium,St. Louis Cardinals,Tampa Bay Rays,R,9,7,St. Louis Cardinals,Tampa Bay Rays,Home,2,Riley O'Brien,Garrett Cleavinger,Ryne Stanek,Alec Burleson,St. Louis Cardinals,"3-4, 1 HR, 2 RBI",Riley O'Brien,St. Louis Cardinals,"1.1 IP, 2 K, 0 ER"
823486,2026-03-26,Citizens Bank Park,Philadelphia Phillies,Texas Rangers,R,5,3,Philadelphia Phillies,Texas Rangers,Home,2,Cristopher Sánchez,Nathan Eovaldi,Jhoan Duran,Jake Burger,Texas Rangers,"3-4, 1 HR, 2 RBI",Cristopher Sánchez,Philadelphia Phillies,"6.0 IP, 10 K, 0 ER"
823974,2026-03-26,UNIQLO Field at Dodger Stadium,Los Angeles Dodgers,Arizona Diamondbacks,R,8,2,Los Angeles Dodgers,Arizona Diamondbacks,Home,6,Yoshinobu Yamamoto,Zac Gallen,,Will Smith,Los Angeles Dodgers,"2-4, 1 HR, 3 RBI",Yoshinobu Yamamoto,Los Angeles Dodgers,"6.0 IP, 6 K, 2 ER"
823163,2026-03-26,T-Mobile Park,Seattle Mariners,Cleveland Guardians,R,4,6,Cleveland Guardians,Seattle Mariners,Away,2,Connor Brogdon,Gabe Speier,Cade Smith,Chase DeLauter,Cleveland Guardians,"3-5, 2 HR, 2 RBI",Logan Gilbert,Seattle Mariners,"5.1 IP, 7 K, 3 ER"
823243,2026-03-27,Oracle Park,San Francisco Giants,New York Yankees,R,0,3,New York Yankees,San Francisco Giants,Away,3,Cam Schlittler,Robbie Ray,David Bednar,Giancarlo Stanton,New York Yankees,"2-4, 1 HR, 1 RBI",Cam Schlittler,New York Yankees,"5.1 IP, 8 K, 0 ER"
822839,2026-03-27,Rogers Centre,Toronto Blue Jays,Athletics,R,3,2,Toronto Blue Jays,Athletics,Home,1,Jeff Hoffman,Justin Sterner,,Shea Langeliers,Athletics,"3-4, 2 HR, 2 RBI",Kevin Gausman,Toronto Blue Jays,"6.0 IP, 11 K, 1 ER"
823893,2026-03-27,loanDepot park,Miami Marlins,Colorado Rockies,R,2,1,Miami Marlins,Colorado Rockies,Home,1,Sandy Alcantara,Kyle Freeland,Pete Fairbanks,Javier Sanoja,Miami Marlins,"3-3, 0 HR, 1 RBI",Sandy Alcantara,Miami Marlins,"7.0 IP, 5 K, 0 ER"
824946,2026-03-27,Truist Park,Atlanta Braves,Kansas City Royals,R,6,0,Atlanta Braves,Kansas City Royals,Home,6,Chris Sale,Cole Ragans,,Austin Riley,Atlanta Braves,"3-3, 0 HR, 0 RBI",Chris Sale,Atlanta Braves,"6.0 IP, 6 K, 0 ER"
824216,2026-03-27,Daikin Park,Houston Astros,Los Angeles Angels,R,2,6,Los Angeles Angels,Houston Astros,Away,4,Ryan Zeferjahn,Mike Burrows,,Mike Trout,Los Angeles Angels,"3-4, 1 HR, 1 RBI",Mike Burrows,Houston Astros,"5.2 IP, 6 K, 5 ER"
823324,2026-03-27,Petco Park,San Diego Padres,Detroit Tigers,R,2,5,Detroit Tigers,San Diego Padres,Away,3,Enmanuel De Jesus,Jeremiah Estrada,Kenley Jansen,Jackson Merrill,San Diego Padres,"2-3, 0 HR, 0 RBI",Michael King,San Diego Padres,"5.0 IP, 6 K, 0 ER"
823162,2026-03-27,T-Mobile Park,Seattle Mariners,Cleveland Guardians,R,5,1,Seattle Mariners,Cleveland Guardians,Home,4,George Kirby,Gavin Williams,,Steven Kwan,Cleveland Guardians,"2-4, 0 HR, 0 RBI",Gavin Williams,Cleveland Guardians,"5.0 IP, 7 K, 3 ER"
823971,2026-03-27,UNIQLO Field at Dodger Stadium,Los Angeles Dodgers,Arizona Diamondbacks,R,5,4,Los Angeles Dodgers,Arizona Diamondbacks,Home,1,Edgardo Henriquez,Kevin Ginkel,Edwin Díaz,Alex Freeland,Los Angeles Dodgers,"2-3, 1 HR, 1 RBI",Emmet Sheehan,Los Angeles Dodgers,"3.1 IP, 6 K, 4 ER"
823082,2026-03-28,Busch Stadium,St. Louis Cardinals,Tampa Bay Rays,R,6,5,St. Louis Cardinals,Tampa Bay Rays,Home,1,Ryne Stanek,Griffin Jax,,JJ Wetherholt,St. Louis Cardinals,"2-5, 0 HR, 2 RBI",Michael McGreevy,St. Louis Cardinals,"6.0 IP, 5 K, 0 ER"
824701,2026-03-28,Wrigley Field,Chicago Cubs,Washington Nationals,R,10,2,Chicago Cubs,Washington Nationals,Home,8,Cade Horton,Miles Mikolas,,Miguel Amaya,Chicago Cubs,"2-4, 1 HR, 2 RBI",Cade Horton,Chicago Cubs,"6.1 IP, 4 K, 2 ER"
822838,2026-03-28,Rogers Centre,Toronto Blue Jays,Athletics,R,8,7,Toronto Blue Jays,Athletics,Home,1,Spencer Miles,Luis Medina,,Andrés Giménez,Toronto Blue Jays,"4-5, 0 HR, 1 RBI",Dylan Cease,Toronto Blue Jays,"5.1 IP, 12 K, 1 ER"
824862,2026-03-28,Oriole Park at Camden Yards,Baltimore Orioles,Minnesota Twins,R,1,4,Minnesota Twins,Baltimore Orioles,Away,3,Anthony Banda,Kyle Bradish,Cole Sands,Jeremiah Jackson,Baltimore Orioles,"2-4, 0 HR, 1 RBI",Taj Bradley,Minnesota Twins,"4.1 IP, 9 K, 1 ER"
823488,2026-03-28,Citizens Bank Park,Philadelphia Phillies,Texas Rangers,R,4,5,Texas Rangers,Philadelphia Phillies,Away,1,Chris Martin,Jhoan Duran,Tyler Alexander,Jake Burger,Texas Rangers,"2-5, 1 HR, 2 RBI",Aaron Nola,Philadelphia Phillies,"5.0 IP, 7 K, 3 ER"
824540,2026-03-28,Great American Ball Park,Cincinnati Reds,Boston Red Sox,R,6,5,Cincinnati Reds,Boston Red Sox,Home,1,Connor Phillips,Justin Slaten,,Matt McLain,Cincinnati Reds,"3-4, 0 HR, 1 RBI",Brady Singer,Cincinnati Reds,"4.0 IP, 5 K, 3 ER"
823651,2026-03-28,Citi Field,New York Mets,Pittsburgh Pirates,R,4,2,New York Mets,Pittsburgh Pirates,Home,2,Richard Lovelady,Hunter Barco,,Bryan Reynolds,Pittsburgh Pirates,"2-5, 0 HR, 1 RBI",David Peterson,New York Mets,"5.1 IP, 3 K, 0 ER"
823892,2026-03-28,loanDepot park,Miami Marlins,Colorado Rockies,R,4,3,Miami Marlins,Colorado Rockies,Home,1,Calvin Faucher,Jaden Hill,Pete Fairbanks,Owen Caissie,Miami Marlins,"3-4, 0 HR, 1 RBI",Eury Pérez,Miami Marlins,"7.0 IP, 8 K, 3 ER"
824213,2026-03-28,Daikin Park,Houston Astros,Los Angeles Angels,R,11,9,Houston Astros,Los Angeles Angels,Home,2,Kai-Wei Teng,Walbert Ureña,,Oswald Peraza,Los Angeles Angels,"3-4, 1 HR, 1 RBI",Reid Detmers,Los Angeles Angels,"4.2 IP, 9 K, 3 ER"
823811,2026-03-28,American Family Field,Milwaukee Brewers,Chicago White Sox,R,6,1,Milwaukee Brewers,Chicago White Sox,Home,5,Aaron Ashby,Sean Burke,,Christian Yelich,Milwaukee Brewers,"3-5, 0 HR, 1 RBI",Sean Burke,Chicago White Sox,"4.0 IP, 5 K, 3 ER"
824945,2026-03-28,Truist Park,Atlanta Braves,Kansas City Royals,R,6,2,Atlanta Braves,Kansas City Royals,Home,4,Osvaldo Bido,Carlos Estévez,,Michael Harris II,Atlanta Braves,"3-4, 0 HR, 1 RBI",Michael Wacha,Kansas City Royals,"6.0 IP, 7 K, 0 ER"
823241,2026-03-28,Oracle Park,San Francisco Giants,New York Yankees,R,1,3,New York Yankees,San Francisco Giants,Away,2,Jake Bird,Tyler Mahle,David Bednar,Rafael Devers,San Francisco Giants,"2-4, 0 HR, 0 RBI",Tyler Mahle,San Francisco Giants,"4.0 IP, 5 K, 2 ER"
823323,2026-03-28,Petco Park,San Diego Padres,Detroit Tigers,R,3,0,San Diego Padres,Detroit Tigers,Home,3,Randy Vásquez,Jack Flaherty,Mason Miller,Ramón Laureano,San Diego Padres,"3-4, 0 HR, 0 RBI",Randy Vásquez,San Diego Padres,"6.0 IP, 8 K, 0 ER"
823973,2026-03-28,UNIQLO Field at Dodger Stadium,Los Angeles Dodgers,Arizona Diamondbacks,R,3,2,Los Angeles Dodgers,Arizona Diamondbacks,Home,1,Will Klein,Juan Morillo,Edwin Díaz,Freddie Freeman,Los Angeles Dodgers,"3-4, 0 HR, 1 RBI",Tyler Glasnow,Los Angeles Dodgers,"6.0 IP, 6 K, 2 ER"
823161,2026-03-28,T-Mobile Park,Seattle Mariners,Cleveland Guardians,R,5,6,Cleveland Guardians,Seattle Mariners,Away,1,Cade Smith,Andrés Muñoz,Connor Brogdon,Victor Robles,Seattle Mariners,"2-3, 0 HR, 1 RBI",Bryan Woo,Seattle Mariners,"6.0 IP, 9 K, 2 ER"
824864,2026-03-29,Oriole Park at Camden Yards,Baltimore Orioles,Minnesota Twins,R,8,6,Baltimore Orioles,Minnesota Twins,Home,2,Rico Garcia,Mick Abel,Ryan Helsley,Tristan Gray,Minnesota Twins,"2-4, 0 HR, 3 RBI",Shane Baz,Baltimore Orioles,"5.1 IP, 4 K, 4 ER"
823487,2026-03-29,Citizens Bank Park,Philadelphia Phillies,Texas Rangers,R,3,8,Texas Rangers,Philadelphia Phillies,Away,5,MacKenzie Gore,Jesús Luzardo,,Andrew McCutchen,Texas Rangers,"2-4, 1 HR, 3 RBI",Jesús Luzardo,Philadelphia Phillies,"6.0 IP, 7 K, 6 ER"
824944,2026-03-29,Truist Park,Atlanta Braves,Kansas City Royals,R,1,4,Kansas City Royals,Atlanta Braves,Away,3,Seth Lugo,Grant Holmes,Lucas Erceg,Drake Baldwin,Atlanta Braves,"2-4, 1 HR, 1 RBI",Didier Fuentes,Atlanta Braves,"4.0 IP, 4 K, 1 ER"
822837,2026-03-29,Rogers Centre,Toronto Blue Jays,Athletics,R,5,2,Toronto Blue Jays,Athletics,Home,3,Eric Lauer,Luis Morales,Jeff Hoffman,Vladimir Guerrero Jr.,Toronto Blue Jays,"2-4, 0 HR, 0 RBI",Eric Lauer,Toronto Blue Jays,"5.1 IP, 9 K, 2 ER"
824538,2026-03-29,Great American Ball Park,Cincinnati Reds,Boston Red Sox,R,3,2,Cincinnati Reds,Boston Red Sox,Home,1,Brock Burke,Greg Weissert,Emilio Pagán,Wilyer Abreu,Boston Red Sox,"3-4, 1 HR, 2 RBI",Connelly Early,Boston Red Sox,"5.1 IP, 6 K, 1 ER"
823647,2026-03-29,Citi Field,New York Mets,Pittsburgh Pirates,R,3,4,Pittsburgh Pirates,New York Mets,Away,1,Dennis Santana,Richard Lovelady,José Urquidy,Ryan O'Hearn,Pittsburgh Pirates,"3-5, 0 HR, 2 RBI",Nolan McLean,New York Mets,"5.0 IP, 8 K, 2 ER"
823891,2026-03-29,loanDepot park,Miami Marlins,Colorado Rockies,R,4,3,Miami Marlins,Colorado Rockies,Home,1,Michael Petersen,Victor Vodnik,,Otto Lopez,Miami Marlins,"2-4, 0 HR, 1 RBI",Max Meyer,Miami Marlins,"5.0 IP, 5 K, 3 ER"
824215,2026-03-29,Daikin Park,Houston Astros,Los Angeles Angels,R,9,7,Houston Astros,Los Angeles Angels,Home,2,AJ Blubaugh,Drew Pomeranz,Bryan King,Isaac Paredes,Houston Astros,"2-5, 0 HR, 2 RBI",Tatsuya Imai,Houston Astros,"2.2 IP, 4 K, 4 ER"
823810,2026-03-29,American Family Field,Milwaukee Brewers,Chicago White Sox,R,9,7,Milwaukee Brewers,Chicago White Sox,Home,2,Jake Woodford,Seranthony Domínguez,Trevor Megill,Colson Montgomery,Chicago White Sox,"2-3, 1 HR, 5 RBI",Anthony Kay,Chicago White Sox,"4.2 IP, 5 K, 2 ER"
823079,2026-03-29,Busch Stadium,St. Louis Cardinals,Tampa Bay Rays,R,7,11,Tampa Bay Rays,St. Louis Cardinals,Away,4,Steven Matz,Dustin May,,Yandy Díaz,Tampa Bay Rays,"5-6, 0 HR, 4 RBI",Dustin May,St. Louis Cardinals,"4.0 IP, 3 K, 6 ER"
824700,2026-03-29,Wrigley Field,Chicago Cubs,Washington Nationals,R,3,6,Washington Nationals,Chicago Cubs,Away,3,Jake Irvin,Shota Imanaga,Clayton Beeter,Joey Wiemer,Washington Nationals,"3-3, 1 HR, 3 RBI",Shota Imanaga,Chicago Cubs,"5.0 IP, 7 K, 4 ER"
823160,2026-03-29,T-Mobile Park,Seattle Mariners,Cleveland Guardians,R,8,0,Seattle Mariners,Cleveland Guardians,Home,8,Emerson Hancock,Slade Cecconi,Cooper Criswell,Brendan Donovan,Seattle Mariners,"2-3, 1 HR, 3 RBI",Emerson Hancock,Seattle Mariners,"6.0 IP, 9 K, 0 ER"
824135,2026-03-30,Kauffman Stadium,Kansas City Royals,Minnesota Twins,R,3,1,Kansas City Royals,Minnesota Twins,Home,2,Kris Bubic,Simeon Woods Richardson,John Schreiber,Kyle Isbel,Kansas City Royals,"2-3, 1 HR, 2 RBI",Kris Bubic,Kansas City Royals,"6.0 IP, 4 K, 1 ER"
824863,2026-03-30,Oriole Park at Camden Yards,Baltimore Orioles,Texas Rangers,R,2,5,Texas Rangers,Baltimore Orioles,Away,3,Jack Leiter,Chris Bassitt,Tyler Alexander,Brandon Nimmo,Texas Rangers,"3-5, 0 HR, 1 RBI",Jack Leiter,Texas Rangers,"6.0 IP, 8 K, 2 ER"
824539,2026-03-30,Great American Ball Park,Cincinnati Reds,Pittsburgh Pirates,R,2,0,Cincinnati Reds,Pittsburgh Pirates,Home,2,Chase Burns,Braxton Ashcraft,Connor Phillips,Will Benson,Cincinnati Reds,"1-3, 0 HR, 1 RBI",Chase Burns,Cincinnati Reds,"5.0 IP, 7 K, 0 ER"
823484,2026-03-30,Citizens Bank Park,Philadelphia Phillies,Washington Nationals,R,2,13,Washington Nationals,Philadelphia Phillies,Away,11,Foster Griffin,Taijuan Walker,,José Tena,Washington Nationals,"3-5, 0 HR, 2 RBI",Foster Griffin,Washington Nationals,"5.0 IP, 5 K, 2 ER"
823890,2026-03-30,loanDepot park,Miami Marlins,Chicago White Sox,R,4,9,Chicago White Sox,Miami Marlins,Away,5,Davis Martin,Chris Paddack,Jordan Hicks,Miguel Vargas,Chicago White Sox,"2-4, 1 HR, 6 RBI",Chris Paddack,Miami Marlins,"4.0 IP, 6 K, 8 ER"
822834,2026-03-30,Rogers Centre,Toronto Blue Jays,Colorado Rockies,R,5,14,Colorado Rockies,Toronto Blue Jays,Away,9,Chase Dollander,Louis Varland,,Ezequiel Tovar,Colorado Rockies,"3-6, 0 HR, 3 RBI",Chase Dollander,Colorado Rockies,"4.0 IP, 5 K, 4 ER"
824943,2026-03-30,Truist Park,Atlanta Braves,Athletics,R,4,0,Atlanta Braves,Athletics,Home,4,Bryce Elder,Jacob Lopez,,Mauricio Dubón,Atlanta Braves,"3-4, 0 HR, 3 RBI",Bryce Elder,Atlanta Braves,"6.0 IP, 5 K, 0 ER"
824702,2026-03-30,Wrigley Field,Chicago Cubs,Los Angeles Angels,R,7,2,Chicago Cubs,Los Angeles Angels,Home,5,Edward Cabrera,Ryan Johnson,Colin Rea,Dansby Swanson,Chicago Cubs,"2-3, 0 HR, 1 RBI",Edward Cabrera,Chicago Cubs,"6.0 IP, 5 K, 0 ER"
823809,2026-03-30,American Family Field,Milwaukee Brewers,Tampa Bay Rays,R,2,3,Tampa Bay Rays,Milwaukee Brewers,Away,1,Garrett Cleavinger,Trevor Megill,Kevin Kelly,William Contreras,Milwaukee Brewers,"2-4, 1 HR, 2 RBI",Kyle Harrison,Milwaukee Brewers,"5.0 IP, 8 K, 1 ER"
823080,2026-03-30,Busch Stadium,St. Louis Cardinals,New York Mets,R,2,4,New York Mets,St. Louis Cardinals,Away,2,Clay Holmes,Kyle Leahy,Devin Williams,Alec Burleson,St. Louis Cardinals,"2-4, 0 HR, 1 RBI",Clay Holmes,New York Mets,"5.2 IP, 5 K, 2 ER"
824214,2026-03-30,Daikin Park,Houston Astros,Boston Red Sox,R,8,1,Houston Astros,Boston Red Sox,Home,7,Lance McCullers Jr.,Ranger Suarez,,Jose Altuve,Houston Astros,"4-4, 2 HR, 2 RBI",Lance McCullers Jr.,Houston Astros,"7.0 IP, 9 K, 1 ER"
823320,2026-03-30,Petco Park,San Diego Padres,San Francisco Giants,R,2,3,San Francisco Giants,San Diego Padres,Away,1,Landen Roupp,Walker Buehler,Ryan Walker,Casey Schmitt,San Francisco Giants,"2-3, 0 HR, 1 RBI",Landen Roupp,San Francisco Giants,"6.0 IP, 7 K, 0 ER"
823159,2026-03-30,T-Mobile Park,Seattle Mariners,New York Yankees,R,2,1,Seattle Mariners,New York Yankees,Home,1,Matt Brash,Paul Blackburn,,Cole Young,Seattle Mariners,"3-4, 0 HR, 1 RBI",Luis Castillo,Seattle Mariners,"6.0 IP, 7 K, 0 ER"
825108,2026-03-30,Chase Field,Arizona Diamondbacks,Detroit Tigers,R,9,6,Arizona Diamondbacks,Detroit Tigers,Home,3,Michael Soroka,Justin Verlander,Paul Sewald,Corbin Carroll,Arizona Diamondbacks,"2-4, 1 HR, 4 RBI",Michael Soroka,Arizona Diamondbacks,"5.0 IP, 10 K, 0 ER"
823972,2026-03-30,UNIQLO Field at Dodger Stadium,Los Angeles Dodgers,Cleveland Guardians,R,2,4,Cleveland Guardians,Los Angeles Dodgers,Away,2,Parker Messick,Roki Sasaki,,Steven Kwan,Cleveland Guardians,"3-5, 0 HR, 1 RBI",Parker Messick,Cleveland Guardians,"6.0 IP, 5 K, 0 ER"
824861,2026-03-31,Oriole Park at Camden Yards,Baltimore Orioles,Texas Rangers,R,5,8,Texas Rangers,Baltimore Orioles,Away,3,Cole Winn,Yennier Cano,,Taylor Ward,Baltimore Orioles,"4-5, 0 HR, 2 RBI",Zach Eflin,Baltimore Orioles,"3.2 IP, 7 K, 1 ER"
824537,2026-03-31,Great American Ball Park,Cincinnati Reds,Pittsburgh Pirates,R,3,8,Pittsburgh Pirates,Cincinnati Reds,Away,5,Yohan Ramírez,Brandon Williamson,,Oneil Cruz,Pittsburgh Pirates,"3-4, 2 HR, 3 RBI",Bubba Chandler,Pittsburgh Pirates,"4.1 IP, 6 K, 0 ER"
823485,2026-03-31,Citizens Bank Park,Philadelphia Phillies,Washington Nationals,R,3,2,Philadelphia Phillies,Washington Nationals,Home,1,Andrew Painter,Zack Littell,Jhoan Duran,Daylen Lile,Washington Nationals,"3-4, 0 HR, 0 RBI",Andrew Painter,Philadelphia Phillies,"5.1 IP, 8 K, 1 ER"
823888,2026-03-31,loanDepot park,Miami Marlins,Chicago White Sox,R,9,2,Miami Marlins,Chicago White Sox,Home,7,Anthony Bender,Erick Fedde,,Griffin Conine,Miami Marlins,"2-4, 1 HR, 2 RBI",Janson Junk,Miami Marlins,"4.1 IP, 5 K, 2 ER"
822836,2026-03-31,Rogers Centre,Toronto Blue Jays,Colorado Rockies,R,5,1,Toronto Blue Jays,Colorado Rockies,Home,4,Max Scherzer,Juan Mejia,,TJ Rumfield,Colorado Rockies,"3-4, 0 HR, 0 RBI",Max Scherzer,Toronto Blue Jays,"6.0 IP, 4 K, 1 ER"
824942,2026-03-31,Truist Park,Atlanta Braves,Athletics,R,2,5,Athletics,Atlanta Braves,Away,3,Aaron Civale,José Suarez,Mark Leiter Jr.,Andy Ibáñez,Athletics,"2-4, 0 HR, 2 RBI",José Suarez,Atlanta Braves,"3.2 IP, 6 K, 4 ER"
824699,2026-03-31,Wrigley Field,Chicago Cubs,Los Angeles Angels,R,0,2,Los Angeles Angels,Chicago Cubs,Away,2,José Soriano,Phil Maton,Jordan Romano,Oswald Peraza,Los Angeles Angels,"2-3, 0 HR, 0 RBI",Ben Brown,Chicago Cubs,"3.1 IP, 5 K, 0 ER"
823807,2026-03-31,American Family Field,Milwaukee Brewers,Tampa Bay Rays,R,6,2,Milwaukee Brewers,Tampa Bay Rays,Home,4,Brandon Woodruff,Shane McClanahan,,Jake Bauers,Milwaukee Brewers,"2-4, 1 HR, 1 RBI",Brandon Woodruff,Milwaukee Brewers,"5.0 IP, 6 K, 2 ER"
823077,2026-03-31,Busch Stadium,St. Louis Cardinals,New York Mets,R,3,0,St. Louis Cardinals,New York Mets,Home,3,Andre Pallante,Kodai Senga,Riley O'Brien,Victor Scott II,St. Louis Cardinals,"2-3, 0 HR, 0 RBI",Kodai Senga,New York Mets,"6.0 IP, 9 K, 2 ER"
824212,2026-03-31,Daikin Park,Houston Astros,Boston Red Sox,R,9,2,Houston Astros,Boston Red Sox,Home,7,Hunter Brown,Brayan Bello,Cody Bolton,Yordan Alvarez,Houston Astros,"2-3, 1 HR, 2 RBI",Hunter Brown,Houston Astros,"6.0 IP, 8 K, 1 ER"
825107,2026-03-31,Chase Field,Arizona Diamondbacks,Detroit Tigers,R,7,5,Arizona Diamondbacks,Detroit Tigers,Home,2,Andrew Hoffmann,Will Vest,Paul Sewald,Jose Fernandez,Arizona Diamondbacks,"3-4, 2 HR, 4 RBI",Casey Mize,Detroit Tigers,"6.0 IP, 9 K, 1 ER"
823322,2026-03-31,Petco Park,San Diego Padres,San Francisco Giants,R,3,9,San Francisco Giants,San Diego Padres,Away,6,Logan Webb,Germán Márquez,,Willy Adames,San Francisco Giants,"4-5, 1 HR, 2 RBI",Logan Webb,San Francisco Giants,"6.0 IP, 5 K, 3 ER"
823158,2026-03-31,T-Mobile Park,Seattle Mariners,New York Yankees,R,0,5,New York Yankees,Seattle Mariners,Away,5,Max Fried,Logan Gilbert,,Giancarlo Stanton,New York Yankees,"2-4, 0 HR, 2 RBI",Logan Gilbert,Seattle Mariners,"5.1 IP, 6 K, 5 ER"
823969,2026-03-31,UNIQLO Field at Dodger Stadium,Los Angeles Dodgers,Cleveland Guardians,R,4,1,Los Angeles Dodgers,Cleveland Guardians,Home,3,Shohei Ohtani,Tanner Bibee,,Max Muncy,Los Angeles Dodgers,"2-3, 1 HR, 1 RBI",Shohei Ohtani,Los Angeles Dodgers,"6.0 IP, 6 K, 0 ER"
824940,2026-04-01,Truist Park,Atlanta Braves,Athletics,R,5,1,Atlanta Braves,Athletics,Home,4,Chris Sale,Luis Severino,,Shea Langeliers,Athletics,"2-4, 1 HR, 1 RBI",Luis Severino,Athletics,"3.1 IP, 7 K, 4 ER"
824860,2026-04-01,Oriole Park at Camden Yards,Baltimore Orioles,Texas Rangers,R,8,3,Baltimore Orioles,Texas Rangers,Home,5,Trevor Rogers,Nathan Eovaldi,Albert Suárez,Dylan Beavers,Baltimore Orioles,"3-5, 1 HR, 1 RBI",Nathan Eovaldi,Texas Rangers,"4.0 IP, 5 K, 6 ER"
824536,2026-04-01,Great American Ball Park,Cincinnati Reds,Pittsburgh Pirates,R,3,8,Pittsburgh Pirates,Cincinnati Reds,Away,5,Paul Skenes,Andrew Abbott,,Oneil Cruz,Pittsburgh Pirates,"2-5, 1 HR, 3 RBI",Andrew Abbott,Cincinnati Reds,"5.2 IP, 5 K, 4 ER"
823483,2026-04-01,Citizens Bank Park,Philadelphia Phillies,Washington Nationals,R,6,5,Philadelphia Phillies,Washington Nationals,Home,1,Jhoan Duran,Cole Henry,,Justin Crawford,Philadelphia Phillies,"3-5, 0 HR, 1 RBI",Cristopher Sánchez,Philadelphia Phillies,"5.1 IP, 7 K, 1 ER"
822835,2026-04-01,Rogers Centre,Toronto Blue Jays,Colorado Rockies,R,1,2,Colorado Rockies,Toronto Blue Jays,Away,1,Brennan Bernardino,Brendon Little,Jimmy Herget,Troy Johnston,Colorado Rockies,"2-4, 0 HR, 1 RBI",Kevin Gausman,Toronto Blue Jays,"6.0 IP, 10 K, 0 ER"
823889,2026-04-01,loanDepot park,Miami Marlins,Chicago White Sox,R,10,0,Miami Marlins,Chicago White Sox,Home,10,Sandy Alcantara,Shane Smith,,Liam Hicks,Miami Marlins,"3-4, 1 HR, 4 RBI",Sandy Alcantara,Miami Marlins,"9.0 IP, 7 K, 0 ER"
823078,2026-04-01,Busch Stadium,St. Louis Cardinals,New York Mets,R,2,1,St. Louis Cardinals,New York Mets,Home,1,Gordon Graceffo,Tobias Myers,,Juan Soto,New York Mets,"1-5, 1 HR, 1 RBI",Freddy Peralta,New York Mets,"5.1 IP, 7 K, 1 ER"
823806,2026-04-01,American Family Field,Milwaukee Brewers,Tampa Bay Rays,R,8,2,Milwaukee Brewers,Tampa Bay Rays,Home,6,Aaron Ashby,Griffin Jax,,Christian Yelich,Milwaukee Brewers,"2-4, 0 HR, 2 RBI",Drew Rasmussen,Tampa Bay Rays,"5.0 IP, 8 K, 1 ER"
824211,2026-04-01,Daikin Park,Houston Astros,Boston Red Sox,R,6,4,Houston Astros,Boston Red Sox,Home,2,Mike Burrows,Garrett Crochet,Bryan Abreu,Wilyer Abreu,Boston Red Sox,"2-4, 1 HR, 1 RBI",Garrett Crochet,Boston Red Sox,"5.0 IP, 7 K, 4 ER"
824698,2026-04-01,Wrigley Field,Chicago Cubs,Los Angeles Angels,R,6,2,Chicago Cubs,Los Angeles Angels,Home,4,Matthew Boyd,Yusei Kikuchi,,Nico Hoerner,Chicago Cubs,"3-5, 0 HR, 1 RBI",Matthew Boyd,Chicago Cubs,"5.2 IP, 10 K, 1 ER"
825106,2026-04-01,Chase Field,Arizona Diamondbacks,Detroit Tigers,R,1,0,Arizona Diamondbacks,Detroit Tigers,Home,1,Zac Gallen,Tarik Skubal,Jonathan Loáisiga,Corbin Carroll,Arizona Diamondbacks,"2-3, 1 HR, 1 RBI",Tarik Skubal,Detroit Tigers,"7.0 IP, 3 K, 1 ER"
823321,2026-04-01,Petco Park,San Diego Padres,San Francisco Giants,R,7,1,San Diego Padres,San Francisco Giants,Home,6,Nick Pivetta,Adrian Houser,Mason Miller,Luis Arraez,San Francisco Giants,"3-4, 0 HR, 0 RBI",Nick Pivetta,San Diego Padres,"5.0 IP, 8 K, 0 ER"
823157,2026-04-01,T-Mobile Park,Seattle Mariners,New York Yankees,R,3,5,New York Yankees,Seattle Mariners,Away,2,Cam Schlittler,George Kirby,David Bednar,Ben Rice,New York Yankees,"2-3, 1 HR, 2 RBI",Cam Schlittler,New York Yankees,"6.1 IP, 7 K, 0 ER"
824136,2026-04-01,Kauffman Stadium,Kansas City Royals,Minnesota Twins,R,13,9,Kansas City Royals,Minnesota Twins,Home,4,Noah Cameron,Joe Ryan,Lucas Erceg,Kyle Isbel,Kansas City Royals,"4-4, 1 HR, 2 RBI",Noah Cameron,Kansas City Royals,"5.0 IP, 5 K, 1 ER"
823970,2026-04-01,UNIQLO Field at Dodger Stadium,Los Angeles Dodgers,Cleveland Guardians,R,1,4,Cleveland Guardians,Los Angeles Dodgers,Away,3,Gavin Williams,Yoshinobu Yamamoto,,Andy Pages,Los Angeles Dodgers,"3-3, 0 HR, 0 RBI",Gavin Williams,Cleveland Guardians,"7.0 IP, 10 K, 0 ER"
824133,2026-04-02,Kauffman Stadium,Kansas City Royals,Minnesota Twins,R,1,5,Minnesota Twins,Kansas City Royals,Away,4,Taj Bradley,Cole Ragans,,Kody Clemens,Minnesota Twins,"2-3, 1 HR, 1 RBI",Cole Ragans,Kansas City Royals,"6.0 IP, 8 K, 0 ER"
825105,2026-04-02,Chase Field,Arizona Diamondbacks,Atlanta Braves,R,2,17,Atlanta Braves,Arizona Diamondbacks,Away,15,Reynaldo López,Ryne Nelson,Osvaldo Bido,Matt Olson,Atlanta Braves,"3-5, 1 HR, 3 RBI",Ryne Nelson,Arizona Diamondbacks,"4.2 IP, 3 K, 2 ER"
823242,2026-04-02,Oracle Park,San Francisco Giants,New York Mets,R,7,2,San Francisco Giants,New York Mets,Home,5,Robbie Ray,David Peterson,Blade Tidwell,Casey Schmitt,San Francisco Giants,"3-3, 0 HR, 1 RBI",Robbie Ray,San Francisco Giants,"5.1 IP, 7 K, 2 ER"
824621,2026-04-03,Rate Field,Chicago White Sox,Toronto Blue Jays,R,5,4,Chicago White Sox,Toronto Blue Jays,Home,1,Seranthony Domínguez,Jeff Hoffman,,Tristan Peters,Chicago White Sox,"2-5, 0 HR, 1 RBI",Sean Burke,Chicago White Sox,"6.0 IP, 7 K, 1 ER"
822758,2026-04-03,Nationals Park,Washington Nationals,Los Angeles Dodgers,R,6,13,Los Angeles Dodgers,Washington Nationals,Away,7,Emmet Sheehan,Miles Mikolas,,Kyle Tucker,Los Angeles Dodgers,"3-6, 1 HR, 2 RBI",Miles Mikolas,Washington Nationals,"4.1 IP, 4 K, 11 ER"
824299,2026-04-03,Comerica Park,Detroit Tigers,St. Louis Cardinals,R,4,0,Detroit Tigers,St. Louis Cardinals,Home,4,Framber Valdez,Michael McGreevy,,Javier Báez,Detroit Tigers,"2-3, 0 HR, 1 RBI",Framber Valdez,Detroit Tigers,"6.0 IP, 5 K, 0 ER"
823568,2026-04-03,Yankee Stadium,New York Yankees,Miami Marlins,R,8,2,New York Yankees,Miami Marlins,Home,6,Will Warren,Eury Pérez,,Aaron Judge,New York Yankees,"2-3, 1 HR, 3 RBI",Will Warren,New York Yankees,"5.2 IP, 6 K, 2 ER"
824786,2026-04-03,Fenway Park,Boston Red Sox,San Diego Padres,R,5,2,Boston Red Sox,San Diego Padres,Home,3,Sonny Gray,Michael King,Aroldis Chapman,Marcelo Mayer,Boston Red Sox,"2-2, 1 HR, 2 RBI",Michael King,San Diego Padres,"5.2 IP, 5 K, 4 ER"
824621,2026-04-03,Rate Field,Chicago White Sox,Toronto Blue Jays,R,5,4,Chicago White Sox,Toronto Blue Jays,Home,1,Seranthony Domínguez,Jeff Hoffman,,Tristan Peters,Chicago White Sox,"2-5, 0 HR, 1 RBI",Sean Burke,Chicago White Sox,"6.0 IP, 7 K, 1 ER"
822919,2026-04-03,Globe Life Field,Texas Rangers,Cincinnati Reds,R,3,5,Cincinnati Reds,Texas Rangers,Away,2,Tony Santillan,Chris Martin,Emilio Pagán,Spencer Steer,Cincinnati Reds,"2-4, 1 HR, 2 RBI",MacKenzie Gore,Texas Rangers,"6.0 IP, 9 K, 3 ER"
824458,2026-04-03,Progressive Field,Cleveland Guardians,Chicago Cubs,R,4,1,Cleveland Guardians,Chicago Cubs,Home,3,Connor Brogdon,Hunter Harvey,Cade Smith,Chase DeLauter,Cleveland Guardians,"3-4, 1 HR, 3 RBI",Joey Cantillo,Cleveland Guardians,"5.1 IP, 6 K, 1 ER"
823732,2026-04-03,Target Field,Minnesota Twins,Tampa Bay Rays,R,10,4,Minnesota Twins,Tampa Bay Rays,Home,6,Kody Funderburk,Kevin Kelly,,Josh Bell,Minnesota Twins,"2-5, 0 HR, 2 RBI",Joe Boyle,Tampa Bay Rays,"5.1 IP, 9 K, 2 ER"
824377,2026-04-03,Coors Field,Colorado Rockies,Philadelphia Phillies,R,1,10,Philadelphia Phillies,Colorado Rockies,Away,9,Aaron Nola,Michael Lorenzen,,Trea Turner,Philadelphia Phillies,"3-4, 0 HR, 1 RBI",Aaron Nola,Philadelphia Phillies,"6.1 IP, 9 K, 1 ER"
823406,2026-04-03,PNC Park,Pittsburgh Pirates,Baltimore Orioles,R,5,4,Pittsburgh Pirates,Baltimore Orioles,Home,1,Mitch Keller,Kyle Bradish,Gregory Soto,Gunnar Henderson,Baltimore Orioles,"3-5, 1 HR, 2 RBI",Kyle Bradish,Baltimore Orioles,"4.0 IP, 6 K, 4 ER"
824056,2026-04-03,Angel Stadium,Los Angeles Angels,Seattle Mariners,R,1,3,Seattle Mariners,Los Angeles Angels,Away,2,Andrés Muñoz,Brent Suter,Gabe Speier,Josh Naylor,Seattle Mariners,"2-5, 0 HR, 2 RBI",Bryan Woo,Seattle Mariners,"7.0 IP, 6 K, 0 ER"
825026,2026-04-03,Sutter Health Park,Athletics,Houston Astros,R,11,4,Athletics,Houston Astros,Home,7,Jeffrey Springs,Cristian Javier,,Lawrence Butler,Athletics,"3-5, 1 HR, 4 RBI",Jeffrey Springs,Athletics,"6.0 IP, 7 K, 1 ER"
825103,2026-04-03,Chase Field,Arizona Diamondbacks,Atlanta Braves,R,0,2,Atlanta Braves,Arizona Diamondbacks,Away,2,Robert Suarez,Paul Sewald,Raisel Iglesias,Ozzie Albies,Atlanta Braves,"3-4, 1 HR, 1 RBI",Grant Holmes,Atlanta Braves,"6.0 IP, 4 K, 0 ER"
823240,2026-04-03,Oracle Park,San Francisco Giants,New York Mets,R,3,10,New York Mets,San Francisco Giants,Away,7,Nolan McLean,Tyler Mahle,,Marcus Semien,New York Mets,"3-5, 1 HR, 3 RBI",Tyler Mahle,San Francisco Giants,"5.0 IP, 4 K, 5 ER"
824134,2026-04-04,Kauffman Stadium,Kansas City Royals,Milwaukee Brewers,R,8,2,Kansas City Royals,Milwaukee Brewers,Home,6,Nick Mears,Brandon Sproat,Eli Morgan,Maikel Garcia,Kansas City Royals,"3-5, 0 HR, 1 RBI",Seth Lugo,Kansas City Royals,"5.0 IP, 7 K, 2 ER"
824295,2026-04-04,Comerica Park,Detroit Tigers,St. Louis Cardinals,R,11,6,Detroit Tigers,St. Louis Cardinals,Home,5,Brant Hurter,Dustin May,,Jordan Walker,St. Louis Cardinals,"3-4, 1 HR, 5 RBI",Jack Flaherty,Detroit Tigers,"4.0 IP, 6 K, 5 ER"
824622,2026-04-04,Rate Field,Chicago White Sox,Toronto Blue Jays,R,6,3,Chicago White Sox,Toronto Blue Jays,Home,3,Chris Murphy,Brendon Little,Seranthony Domínguez,Miguel Vargas,Chicago White Sox,"2-2, 0 HR, 0 RBI",Lazaro Estrada,Toronto Blue Jays,"4.0 IP, 3 K, 0 ER"
824132,2026-04-04,Kauffman Stadium,Kansas City Royals,Milwaukee Brewers,R,2,5,Milwaukee Brewers,Kansas City Royals,Away,3,Chad Patrick,Luinder Avila,Trevor Megill,Garrett Mitchell,Milwaukee Brewers,"2-4, 1 HR, 5 RBI",Luinder Avila,Kansas City Royals,"3.0 IP, 4 K, 5 ER"
824134,2026-04-04,Kauffman Stadium,Kansas City Royals,Milwaukee Brewers,R,8,2,Kansas City Royals,Milwaukee Brewers,Home,6,Nick Mears,Brandon Sproat,Eli Morgan,Maikel Garcia,Kansas City Royals,"3-5, 0 HR, 1 RBI",Seth Lugo,Kansas City Royals,"5.0 IP, 7 K, 2 ER"
822757,2026-04-04,Nationals Park,Washington Nationals,Los Angeles Dodgers,R,5,10,Los Angeles Dodgers,Washington Nationals,Away,5,Tyler Glasnow,Jake Irvin,,Andy Pages,Los Angeles Dodgers,"3-5, 1 HR, 3 RBI",Tyler Glasnow,Los Angeles Dodgers,"6.0 IP, 9 K, 2 ER"
825027,2026-04-04,Sutter Health Park,Athletics,Houston Astros,R,0,11,Houston Astros,Athletics,Away,11,Tatsuya Imai,Luis Morales,,Christian Walker,Houston Astros,"3-5, 1 HR, 2 RBI",Tatsuya Imai,Houston Astros,"5.2 IP, 9 K, 0 ER"
823404,2026-04-04,PNC Park,Pittsburgh Pirates,Baltimore Orioles,R,3,2,Pittsburgh Pirates,Baltimore Orioles,Home,1,Dennis Santana,Ryan Helsley,,Bryan Reynolds,Pittsburgh Pirates,"3-4, 0 HR, 0 RBI",Carmen Mlodzinski,Pittsburgh Pirates,"4.2 IP, 5 K, 2 ER"
824782,2026-04-04,Fenway Park,Boston Red Sox,San Diego Padres,R,2,3,San Diego Padres,Boston Red Sox,Away,1,Adrian Morejon,Aroldis Chapman,Mason Miller,Miguel Andujar,San Diego Padres,"3-5, 0 HR, 0 RBI",Connelly Early,Boston Red Sox,"4.0 IP, 4 K, 2 ER"
822920,2026-04-04,Globe Life Field,Texas Rangers,Cincinnati Reds,R,0,2,Cincinnati Reds,Texas Rangers,Away,2,Rhett Lowder,Kumar Rocker,Emilio Pagán,Sal Stewart,Cincinnati Reds,"2-4, 0 HR, 1 RBI",Rhett Lowder,Cincinnati Reds,"6.0 IP, 4 K, 0 ER"
823569,2026-04-04,Yankee Stadium,New York Yankees,Miami Marlins,R,9,7,New York Yankees,Miami Marlins,Home,2,Brent Headrick,Michael Petersen,David Bednar,Xavier Edwards,Miami Marlins,"3-4, 0 HR, 1 RBI",Max Meyer,Miami Marlins,"4.2 IP, 6 K, 2 ER"
823730,2026-04-04,Target Field,Minnesota Twins,Tampa Bay Rays,R,1,7,Tampa Bay Rays,Minnesota Twins,Away,6,Steven Matz,Mick Abel,,Chandler Simpson,Tampa Bay Rays,"2-5, 0 HR, 0 RBI",Steven Matz,Tampa Bay Rays,"6.0 IP, 8 K, 1 ER"
825104,2026-04-04,Chase Field,Arizona Diamondbacks,Atlanta Braves,R,2,1,Arizona Diamondbacks,Atlanta Braves,Home,1,Michael Soroka,Bryce Elder,Paul Sewald,Gabriel Moreno,Arizona Diamondbacks,"2-3, 0 HR, 0 RBI",Bryce Elder,Atlanta Braves,"7.0 IP, 8 K, 0 ER"
824378,2026-04-04,Coors Field,Colorado Rockies,Philadelphia Phillies,R,1,2,Philadelphia Phillies,Colorado Rockies,Away,1,Jesús Luzardo,Chase Dollander,Jhoan Duran,Brett Sullivan,Colorado Rockies,"2-3, 0 HR, 1 RBI",Jesús Luzardo,Philadelphia Phillies,"6.2 IP, 11 K, 1 ER"
823239,2026-04-04,Oracle Park,San Francisco Giants,New York Mets,R,0,9,New York Mets,San Francisco Giants,Away,9,Clay Holmes,Landen Roupp,,Mark Vientos,New York Mets,"3-5, 0 HR, 1 RBI",Landen Roupp,San Francisco Giants,"4.2 IP, 7 K, 5 ER"
824054,2026-04-04,Angel Stadium,Los Angeles Angels,Seattle Mariners,R,1,0,Los Angeles Angels,Seattle Mariners,Home,1,Jack Kochanowicz,Emerson Hancock,Jordan Romano,Zach Neto,Los Angeles Angels,"2-4, 1 HR, 1 RBI",Jack Kochanowicz,Los Angeles Angels,"5.2 IP, 7 K, 0 ER"
824460,2026-04-05,Progressive Field,Cleveland Guardians,Chicago Cubs,R,6,5,Cleveland Guardians,Chicago Cubs,Home,1,Shawn Armstrong,Jacob Webb,Cade Smith,CJ Kayfus,Cleveland Guardians,"2-2, 1 HR, 2 RBI",Parker Messick,Cleveland Guardians,"5.0 IP, 6 K, 1 ER"
824459,2026-04-05,Progressive Field,Cleveland Guardians,Chicago Cubs,R,0,1,Chicago Cubs,Cleveland Guardians,Away,1,Caleb Thielbar,Connor Brogdon,Daniel Palencia,Miguel Amaya,Chicago Cubs,"1-2, 0 HR, 1 RBI",Slade Cecconi,Cleveland Guardians,"6.0 IP, 6 K, 0 ER"
824460,2026-04-05,Progressive Field,Cleveland Guardians,Chicago Cubs,R,6,5,Cleveland Guardians,Chicago Cubs,Home,1,Shawn Armstrong,Jacob Webb,Cade Smith,CJ Kayfus,Cleveland Guardians,"2-2, 1 HR, 2 RBI",Parker Messick,Cleveland Guardians,"5.0 IP, 6 K, 1 ER"
822756,2026-04-05,Nationals Park,Washington Nationals,Los Angeles Dodgers,R,6,8,Los Angeles Dodgers,Washington Nationals,Away,2,Jack Dreyer,Cionel Pérez,Edwin Díaz,Shohei Ohtani,Los Angeles Dodgers,"2-4, 1 HR, 2 RBI",Foster Griffin,Washington Nationals,"5.0 IP, 6 K, 1 ER"
823405,2026-04-05,PNC Park,Pittsburgh Pirates,Baltimore Orioles,R,8,2,Pittsburgh Pirates,Baltimore Orioles,Home,6,Braxton Ashcraft,Chris Bassitt,,Taylor Ward,Baltimore Orioles,"3-4, 0 HR, 0 RBI",Braxton Ashcraft,Pittsburgh Pirates,"6.0 IP, 8 K, 1 ER"
824781,2026-04-05,Fenway Park,Boston Red Sox,San Diego Padres,R,6,8,San Diego Padres,Boston Red Sox,Away,2,Jeremiah Estrada,Tyler Uberstine,Mason Miller,Jackson Merrill,San Diego Padres,"3-5, 1 HR, 2 RBI",Walker Buehler,San Diego Padres,"2.2 IP, 4 K, 4 ER"
823566,2026-04-05,Yankee Stadium,New York Yankees,Miami Marlins,R,6,7,Miami Marlins,New York Yankees,Away,1,John King,Jake Bird,Anthony Bender,Xavier Edwards,Miami Marlins,"2-4, 0 HR, 3 RBI",Max Fried,New York Yankees,"6.2 IP, 4 K, 3 ER"
823729,2026-04-05,Target Field,Minnesota Twins,Tampa Bay Rays,R,1,4,Tampa Bay Rays,Minnesota Twins,Away,3,Bryan Baker,Justin Topa,Kevin Kelly,Richie Palacios,Tampa Bay Rays,"2-3, 1 HR, 2 RBI",Simeon Woods Richardson,Minnesota Twins,"6.2 IP, 4 K, 1 ER"
824620,2026-04-05,Rate Field,Chicago White Sox,Toronto Blue Jays,R,3,0,Chicago White Sox,Toronto Blue Jays,Home,3,Davis Martin,Eric Lauer,Chris Murphy,Luisangel Acuña,Chicago White Sox,"2-4, 0 HR, 0 RBI",Davis Martin,Chicago White Sox,"6.0 IP, 6 K, 0 ER"
824131,2026-04-05,Kauffman Stadium,Kansas City Royals,Milwaukee Brewers,R,5,8,Milwaukee Brewers,Kansas City Royals,Away,3,Kyle Harrison,Kris Bubic,Trevor Megill,Maikel Garcia,Kansas City Royals,"2-5, 1 HR, 3 RBI",Kris Bubic,Kansas City Royals,"5.0 IP, 8 K, 4 ER"
822917,2026-04-05,Globe Life Field,Texas Rangers,Cincinnati Reds,R,1,2,Cincinnati Reds,Texas Rangers,Away,1,Sam Moll,Robert Garcia,Brock Burke,Elly De La Cruz,Cincinnati Reds,"2-5, 0 HR, 1 RBI",Jack Leiter,Texas Rangers,"5.0 IP, 9 K, 1 ER"
824379,2026-04-05,Coors Field,Colorado Rockies,Philadelphia Phillies,R,4,1,Colorado Rockies,Philadelphia Phillies,Home,3,Tomoyuki Sugano,Taijuan Walker,Victor Vodnik,Mickey Moniak,Colorado Rockies,"2-4, 2 HR, 2 RBI",Tomoyuki Sugano,Colorado Rockies,"6.0 IP, 5 K, 1 ER"
825025,2026-04-05,Sutter Health Park,Athletics,Houston Astros,R,12,10,Athletics,Houston Astros,Home,2,Elvis Alvarado,Bryan Abreu,,Brent Rooker,Athletics,"2-4, 2 HR, 6 RBI",Jacob Lopez,Athletics,"4.1 IP, 6 K, 3 ER"
823238,2026-04-05,Oracle Park,San Francisco Giants,New York Mets,R,2,5,New York Mets,San Francisco Giants,Away,3,Huascar Brazobán,Keaton Winn,Devin Williams,Luis Robert Jr.,New York Mets,"3-5, 0 HR, 0 RBI",Kodai Senga,New York Mets,"5.2 IP, 7 K, 2 ER"
824053,2026-04-05,Angel Stadium,Los Angeles Angels,Seattle Mariners,R,8,7,Los Angeles Angels,Seattle Mariners,Home,1,Shaun Anderson,Gabe Speier,,Adam Frazier,Los Angeles Angels,"3-4, 0 HR, 1 RBI",Ryan Zeferjahn,Los Angeles Angels,"2.0 IP, 5 K, 2 ER"
825102,2026-04-05,Chase Field,Arizona Diamondbacks,Atlanta Braves,R,6,5,Arizona Diamondbacks,Atlanta Braves,Home,1,Taylor Rashi,Joel Payamps,,Drake Baldwin,Atlanta Braves,"3-5, 1 HR, 4 RBI",Robert Suarez,Atlanta Braves,"1.0 IP, 3 K, 0 ER"
824296,2026-04-05,Comerica Park,Detroit Tigers,St. Louis Cardinals,R,3,5,St. Louis Cardinals,Detroit Tigers,Away,2,Kyle Leahy,Keider Montero,Riley O'Brien,Parker Meadows,Detroit Tigers,"2-4, 0 HR, 0 RBI",Kyle Leahy,St. Louis Cardinals,"5.0 IP, 4 K, 2 ER"
823002,2026-04-06,Tropicana Field,Tampa Bay Rays,Chicago Cubs,R,6,4,Tampa Bay Rays,Chicago Cubs,Home,2,Kevin Kelly,Jameson Taillon,Bryan Baker,Chandler Simpson,Tampa Bay Rays,"2-4, 0 HR, 0 RBI",Shane McClanahan,Tampa Bay Rays,"4.0 IP, 5 K, 2 ER"
824456,2026-04-06,Progressive Field,Cleveland Guardians,Kansas City Royals,R,2,4,Kansas City Royals,Cleveland Guardians,Away,2,Michael Wacha,Peyton Pallette,Lucas Erceg,Jonathan India,Kansas City Royals,"2-4, 1 HR, 3 RBI",Peyton Pallette,Cleveland Guardians,"2.0 IP, 3 K, 1 ER"
823401,2026-04-06,PNC Park,Pittsburgh Pirates,San Diego Padres,R,0,5,San Diego Padres,Pittsburgh Pirates,Away,5,Germán Márquez,Bubba Chandler,,Nick Castellanos,San Diego Padres,"2-4, 0 HR, 1 RBI",Bubba Chandler,Pittsburgh Pirates,"4.1 IP, 4 K, 3 ER"
823886,2026-04-06,loanDepot park,Miami Marlins,Cincinnati Reds,R,0,2,Cincinnati Reds,Miami Marlins,Away,2,Brandon Williamson,Janson Junk,Emilio Pagán,Otto Lopez,Miami Marlins,"2-4, 0 HR, 0 RBI",Brandon Williamson,Cincinnati Reds,"6.2 IP, 4 K, 0 ER"
822755,2026-04-06,Nationals Park,Washington Nationals,St. Louis Cardinals,R,9,6,Washington Nationals,St. Louis Cardinals,Home,3,Cionel Pérez,Matt Svanson,,Ramón Urías,St. Louis Cardinals,"3-4, 1 HR, 3 RBI",Zack Littell,Washington Nationals,"5.0 IP, 6 K, 1 ER"
824783,2026-04-06,Fenway Park,Boston Red Sox,Milwaukee Brewers,R,6,8,Milwaukee Brewers,Boston Red Sox,Away,2,Aaron Ashby,Garrett Whitlock,Angel Zerpa,Willson Contreras,Boston Red Sox,"3-3, 1 HR, 2 RBI",Brayan Bello,Boston Red Sox,"3.1 IP, 5 K, 3 ER"
822832,2026-04-06,Rogers Centre,Toronto Blue Jays,Los Angeles Dodgers,R,2,14,Los Angeles Dodgers,Toronto Blue Jays,Away,12,Justin Wrobleski,Max Scherzer,,Dalton Rushing,Los Angeles Dodgers,"4-4, 2 HR, 2 RBI",Tommy Nance,Toronto Blue Jays,"1.1 IP, 3 K, 4 ER"
823728,2026-04-06,Target Field,Minnesota Twins,Detroit Tigers,R,7,3,Minnesota Twins,Detroit Tigers,Home,4,Joe Ryan,Casey Mize,Cody Laweryson,Victor Caratini,Minnesota Twins,"2-4, 0 HR, 3 RBI",Joe Ryan,Minnesota Twins,"5.0 IP, 7 K, 2 ER"
824619,2026-04-06,Rate Field,Chicago White Sox,Baltimore Orioles,R,1,2,Baltimore Orioles,Chicago White Sox,Away,1,Brandon Young,Erick Fedde,Ryan Helsley,Chase Meidroth,Chicago White Sox,"2-3, 0 HR, 0 RBI",Erick Fedde,Chicago White Sox,"6.0 IP, 4 K, 2 ER"
822918,2026-04-06,Globe Life Field,Texas Rangers,Seattle Mariners,R,2,1,Texas Rangers,Seattle Mariners,Home,1,Jalen Beeks,Logan Gilbert,Jakob Junis,Corey Seager,Texas Rangers,"2-3, 0 HR, 1 RBI",Jacob deGrom,Texas Rangers,"5.0 IP, 6 K, 1 ER"
824376,2026-04-06,Coors Field,Colorado Rockies,Houston Astros,R,9,7,Colorado Rockies,Houston Astros,Home,2,Ryan Feltner,Ryan Weiss,Juan Mejia,Troy Johnston,Colorado Rockies,"3-5, 1 HR, 2 RBI",Cody Bolton,Houston Astros,"4.1 IP, 5 K, 2 ER"
824052,2026-04-06,Angel Stadium,Los Angeles Angels,Atlanta Braves,R,6,2,Los Angeles Angels,Atlanta Braves,Home,4,José Soriano,Chris Sale,Jordan Romano,Jo Adell,Los Angeles Angels,"2-4, 1 HR, 2 RBI",José Soriano,Los Angeles Angels,"8.0 IP, 10 K, 1 ER"
823237,2026-04-06,Oracle Park,San Francisco Giants,Philadelphia Phillies,R,4,6,Philadelphia Phillies,San Francisco Giants,Away,2,Jonathan Bowlan,Ryan Borucki,Jhoan Duran,Bryce Harper,Philadelphia Phillies,"3-4, 0 HR, 3 RBI",Adrian Houser,San Francisco Giants,"6.0 IP, 3 K, 4 ER"
824457,2026-04-07,Progressive Field,Cleveland Guardians,Kansas City Royals,R,2,1,Cleveland Guardians,Kansas City Royals,Home,1,Cade Smith,John Schreiber,,Juan Brito,Cleveland Guardians,"2-4, 0 HR, 0 RBI",Gavin Williams,Cleveland Guardians,"5.2 IP, 8 K, 1 ER"
824618,2026-04-07,Rate Field,Chicago White Sox,Baltimore Orioles,R,2,4,Baltimore Orioles,Chicago White Sox,Away,2,Yennier Cano,Jordan Hicks,Ryan Helsley,Gunnar Henderson,Baltimore Orioles,"2-4, 1 HR, 2 RBI",Shane Smith,Chicago White Sox,"3.2 IP, 8 K, 0 ER"
823648,2026-04-07,Citi Field,New York Mets,Arizona Diamondbacks,R,4,3,New York Mets,Arizona Diamondbacks,Home,1,Luke Weaver,Paul Sewald,,Nolan Arenado,Arizona Diamondbacks,"2-5, 0 HR, 1 RBI",Freddy Peralta,New York Mets,"4.2 IP, 5 K, 3 ER"
823402,2026-04-07,PNC Park,Pittsburgh Pirates,San Diego Padres,R,7,1,Pittsburgh Pirates,San Diego Padres,Home,6,Paul Skenes,Nick Pivetta,,Konnor Griffin,Pittsburgh Pirates,"2-4, 0 HR, 2 RBI",Nick Pivetta,San Diego Padres,"5.0 IP, 8 K, 2 ER"
822999,2026-04-07,Tropicana Field,Tampa Bay Rays,Chicago Cubs,R,2,9,Chicago Cubs,Tampa Bay Rays,Away,7,Javier Assad,Mason Englert,,Pete Crow-Armstrong,Chicago Cubs,"3-5, 1 HR, 1 RBI",Javier Assad,Chicago Cubs,"5.2 IP, 3 K, 0 ER"
823887,2026-04-07,loanDepot park,Miami Marlins,Cincinnati Reds,R,3,6,Cincinnati Reds,Miami Marlins,Away,3,Emilio Pagán,Calvin Faucher,,Matt McLain,Cincinnati Reds,"2-5, 0 HR, 2 RBI",Sandy Alcantara,Miami Marlins,"8.1 IP, 6 K, 2 ER"
822754,2026-04-07,Nationals Park,Washington Nationals,St. Louis Cardinals,R,6,7,St. Louis Cardinals,Washington Nationals,Away,1,George Soriano,Cole Henry,Riley O'Brien,Curtis Mead,Washington Nationals,"3-4, 1 HR, 2 RBI",Matthew Liberatore,St. Louis Cardinals,"5.0 IP, 6 K, 4 ER"
824780,2026-04-07,Fenway Park,Boston Red Sox,Milwaukee Brewers,R,3,2,Boston Red Sox,Milwaukee Brewers,Home,1,Garrett Crochet,Jacob Misiorowski,Aroldis Chapman,Trevor Story,Boston Red Sox,"1-4, 0 HR, 2 RBI",Jacob Misiorowski,Milwaukee Brewers,"5.1 IP, 10 K, 3 ER"
823567,2026-04-07,Yankee Stadium,New York Yankees,Athletics,R,5,3,New York Yankees,Athletics,Home,2,Fernando Cruz,Mark Leiter Jr.,David Bednar,Amed Rosario,New York Yankees,"2-4, 2 HR, 4 RBI",Cam Schlittler,New York Yankees,"5.0 IP, 7 K, 3 ER"
822831,2026-04-07,Rogers Centre,Toronto Blue Jays,Los Angeles Dodgers,R,1,4,Los Angeles Dodgers,Toronto Blue Jays,Away,3,Yoshinobu Yamamoto,Kevin Gausman,Edwin Díaz,Alex Freeland,Los Angeles Dodgers,"3-3, 0 HR, 1 RBI",Yoshinobu Yamamoto,Los Angeles Dodgers,"6.0 IP, 6 K, 1 ER"
823727,2026-04-07,Target Field,Minnesota Twins,Detroit Tigers,R,4,2,Minnesota Twins,Detroit Tigers,Home,2,Taj Bradley,Tarik Skubal,Justin Topa,Josh Bell,Minnesota Twins,"3-4, 0 HR, 1 RBI",Taj Bradley,Minnesota Twins,"6.1 IP, 10 K, 1 ER"
822916,2026-04-07,Globe Life Field,Texas Rangers,Seattle Mariners,R,3,2,Texas Rangers,Seattle Mariners,Home,1,Nathan Eovaldi,George Kirby,Jakob Junis,Kyle Higashioka,Texas Rangers,"2-3, 1 HR, 2 RBI",Nathan Eovaldi,Texas Rangers,"6.0 IP, 7 K, 2 ER"
824375,2026-04-07,Coors Field,Colorado Rockies,Houston Astros,R,5,1,Colorado Rockies,Houston Astros,Home,4,Kyle Freeland,Mike Burrows,Antonio Senzatela,Willi Castro,Colorado Rockies,"3-4, 1 HR, 3 RBI",Kyle Freeland,Colorado Rockies,"6.1 IP, 5 K, 1 ER"
824051,2026-04-07,Angel Stadium,Los Angeles Angels,Atlanta Braves,R,2,7,Atlanta Braves,Los Angeles Angels,Away,5,Tyler Kinley,Yusei Kikuchi,Raisel Iglesias,Drake Baldwin,Atlanta Braves,"2-5, 0 HR, 1 RBI",Yusei Kikuchi,Los Angeles Angels,"5.0 IP, 8 K, 4 ER"
823235,2026-04-07,Oracle Park,San Francisco Giants,Philadelphia Phillies,R,6,0,San Francisco Giants,Philadelphia Phillies,Home,6,Robbie Ray,Cristopher Sánchez,,Daniel Susac,San Francisco Giants,"3-4, 0 HR, 2 RBI",Robbie Ray,San Francisco Giants,"6.2 IP, 7 K, 0 ER"
823403,2026-04-08,PNC Park,Pittsburgh Pirates,San Diego Padres,R,2,8,San Diego Padres,Pittsburgh Pirates,Away,6,Michael King,Justin Lawrence,,Nick Yorke,Pittsburgh Pirates,"3-3, 0 HR, 0 RBI",Mitch Keller,Pittsburgh Pirates,"6.0 IP, 4 K, 0 ER"
824455,2026-04-08,Progressive Field,Cleveland Guardians,Kansas City Royals,R,10,2,Cleveland Guardians,Kansas City Royals,Home,8,Joey Cantillo,Cole Ragans,Matt Festa,Angel Martínez,Cleveland Guardians,"4-5, 1 HR, 4 RBI",Joey Cantillo,Cleveland Guardians,"5.2 IP, 9 K, 1 ER"
824779,2026-04-08,Fenway Park,Boston Red Sox,Milwaukee Brewers,R,5,0,Boston Red Sox,Milwaukee Brewers,Home,5,Sonny Gray,Shane Drohan,,Wilyer Abreu,Boston Red Sox,"2-4, 0 HR, 1 RBI",Tyler Samaniego,Boston Red Sox,"1.0 IP, 3 K, 0 ER"
824617,2026-04-08,Rate Field,Chicago White Sox,Baltimore Orioles,R,3,5,Baltimore Orioles,Chicago White Sox,Away,2,Kyle Bradish,Lucas Sims,Rico Garcia,Taylor Ward,Baltimore Orioles,"4-5, 0 HR, 2 RBI",Kyle Bradish,Baltimore Orioles,"5.0 IP, 7 K, 2 ER"
822915,2026-04-08,Globe Life Field,Texas Rangers,Seattle Mariners,R,3,0,Texas Rangers,Seattle Mariners,Home,3,MacKenzie Gore,Bryan Woo,Cole Winn,Brandon Nimmo,Texas Rangers,"2-4, 0 HR, 0 RBI",MacKenzie Gore,Texas Rangers,"5.0 IP, 9 K, 0 ER"
822833,2026-04-08,Rogers Centre,Toronto Blue Jays,Los Angeles Dodgers,R,4,3,Toronto Blue Jays,Los Angeles Dodgers,Home,1,Tyler Rogers,Ben Casparius,Jeff Hoffman,George Springer,Toronto Blue Jays,"2-5, 0 HR, 1 RBI",Dylan Cease,Toronto Blue Jays,"5.0 IP, 8 K, 1 ER"
824374,2026-04-08,Coors Field,Colorado Rockies,Houston Astros,R,9,1,Colorado Rockies,Houston Astros,Home,8,Michael Lorenzen,AJ Blubaugh,Zach Agnos,Edouard Julien,Colorado Rockies,"2-4, 0 HR, 2 RBI",Michael Lorenzen,Colorado Rockies,"5.2 IP, 4 K, 1 ER"
823234,2026-04-08,Oracle Park,San Francisco Giants,Philadelphia Phillies,R,5,0,San Francisco Giants,Philadelphia Phillies,Home,5,Matt Gage,Aaron Nola,,Rafael Devers,San Francisco Giants,"2-4, 1 HR, 4 RBI",Tyler Mahle,San Francisco Giants,"5.2 IP, 6 K, 0 ER"
822753,2026-04-08,Nationals Park,Washington Nationals,St. Louis Cardinals,R,1,6,St. Louis Cardinals,Washington Nationals,Away,5,Michael McGreevy,Miles Mikolas,,Alec Burleson,St. Louis Cardinals,"3-4, 0 HR, 3 RBI",Miles Mikolas,Washington Nationals,"3.0 IP, 3 K, 2 ER"
824050,2026-04-08,Angel Stadium,Los Angeles Angels,Atlanta Braves,R,2,8,Atlanta Braves,Los Angeles Angels,Away,6,Grant Holmes,Reid Detmers,,Jo Adell,Los Angeles Angels,"3-4, 0 HR, 0 RBI",Grant Holmes,Atlanta Braves,"6.2 IP, 6 K, 2 ER"
823646,2026-04-08,Citi Field,New York Mets,Arizona Diamondbacks,R,2,7,Arizona Diamondbacks,New York Mets,Away,5,Ryne Nelson,David Peterson,,Corbin Carroll,Arizona Diamondbacks,"3-5, 0 HR, 2 RBI",David Peterson,New York Mets,"5.0 IP, 6 K, 5 ER"
823000,2026-04-08,Tropicana Field,Tampa Bay Rays,Chicago Cubs,R,2,6,Chicago Cubs,Tampa Bay Rays,Away,4,Colin Rea,Joe Boyle,,Nico Hoerner,Chicago Cubs,"3-5, 1 HR, 2 RBI",Jesse Scholtens,Tampa Bay Rays,"4.2 IP, 4 K, 0 ER"
823885,2026-04-08,loanDepot park,Miami Marlins,Cincinnati Reds,R,7,4,Miami Marlins,Cincinnati Reds,Home,3,Eury Pérez,Brady Singer,Michael Petersen,TJ Friedl,Cincinnati Reds,"3-5, 0 HR, 0 RBI",Eury Pérez,Miami Marlins,"5.0 IP, 6 K, 2 ER"
823564,2026-04-08,Yankee Stadium,New York Yankees,Athletics,R,2,3,Athletics,New York Yankees,Away,1,Elvis Alvarado,David Bednar,Joel Kuhnel,Jeff McNeil,Athletics,"2-4, 0 HR, 1 RBI",Luis Severino,Athletics,"5.0 IP, 7 K, 2 ER"
823726,2026-04-08,Target Field,Minnesota Twins,Detroit Tigers,R,8,6,Minnesota Twins,Detroit Tigers,Home,2,Bailey Ober,Framber Valdez,Kody Funderburk,Dillon Dingler,Detroit Tigers,"3-4, 0 HR, 1 RBI",Cody Laweryson,Minnesota Twins,"1.1 IP, 2 K, 0 ER"
823884,2026-04-09,loanDepot park,Miami Marlins,Cincinnati Reds,R,8,1,Miami Marlins,Cincinnati Reds,Home,7,Max Meyer,Rhett Lowder,Tyler Phillips,Owen Caissie,Miami Marlins,"3-4, 0 HR, 3 RBI",Tyler Phillips,Miami Marlins,"3.0 IP, 4 K, 0 ER"
823565,2026-04-09,Yankee Stadium,New York Yankees,Athletics,R,0,1,Athletics,New York Yankees,Away,1,Jeffrey Springs,Ryan Weathers,Hogan Harris,Max Muncy,Athletics,"2-4, 0 HR, 0 RBI",Ryan Weathers,New York Yankees,"8.0 IP, 7 K, 1 ER"
823724,2026-04-09,Target Field,Minnesota Twins,Detroit Tigers,R,3,1,Minnesota Twins,Detroit Tigers,Home,2,Garrett Acton,Will Vest,Eric Orze,Josh Bell,Minnesota Twins,"3-4, 1 HR, 1 RBI",Mick Abel,Minnesota Twins,"6.0 IP, 6 K, 0 ER"
823645,2026-04-09,Citi Field,New York Mets,Arizona Diamondbacks,R,1,7,Arizona Diamondbacks,New York Mets,Away,6,Eduardo Rodriguez,Nolan McLean,,Gabriel Moreno,Arizona Diamondbacks,"2-2, 0 HR, 2 RBI",Nolan McLean,New York Mets,"6.1 IP, 8 K, 2 ER"
824130,2026-04-09,Kauffman Stadium,Kansas City Royals,Chicago White Sox,R,0,2,Chicago White Sox,Kansas City Royals,Away,2,Anthony Kay,Seth Lugo,Seranthony Domínguez,Maikel Garcia,Kansas City Royals,"2-4, 0 HR, 0 RBI",Anthony Kay,Chicago White Sox,"5.2 IP, 6 K, 0 ER"
823319,2026-04-09,Petco Park,San Diego Padres,Colorado Rockies,R,7,3,San Diego Padres,Colorado Rockies,Home,4,David Morgan,Valente Bellozo,,Xander Bogaerts,San Diego Padres,"2-6, 1 HR, 4 RBI",Randy Vásquez,San Diego Padres,"5.2 IP, 8 K, 1 ER"
824695,2026-04-10,Wrigley Field,Chicago Cubs,Pittsburgh Pirates,R,0,2,Pittsburgh Pirates,Chicago Cubs,Away,2,Mason Montgomery,Caleb Thielbar,Dennis Santana,Ian Happ,Chicago Cubs,"2-3, 0 HR, 0 RBI",Shota Imanaga,Chicago Cubs,"6.0 IP, 9 K, 0 ER"
823482,2026-04-10,Citizens Bank Park,Philadelphia Phillies,Arizona Diamondbacks,R,4,5,Arizona Diamondbacks,Philadelphia Phillies,Away,1,Michael Soroka,Jesús Luzardo,Paul Sewald,Bryce Harper,Philadelphia Phillies,"2-4, 0 HR, 1 RBI",Michael Soroka,Arizona Diamondbacks,"5.2 IP, 10 K, 4 ER"
824297,2026-04-10,Comerica Park,Detroit Tigers,Miami Marlins,R,2,0,Detroit Tigers,Miami Marlins,Home,2,Keider Montero,Chris Paddack,Kenley Jansen,Colt Keith,Detroit Tigers,"2-4, 0 HR, 0 RBI",Keider Montero,Detroit Tigers,"6.0 IP, 7 K, 0 ER"
824534,2026-04-10,Great American Ball Park,Cincinnati Reds,Los Angeles Angels,R,2,10,Los Angeles Angels,Cincinnati Reds,Away,8,Jack Kochanowicz,Chase Burns,,Jorge Soler,Los Angeles Angels,"2-5, 1 HR, 4 RBI",Connor Phillips,Cincinnati Reds,"1.2 IP, 3 K, 0 ER"
822829,2026-04-10,Rogers Centre,Toronto Blue Jays,Minnesota Twins,R,10,4,Toronto Blue Jays,Minnesota Twins,Home,6,Joe Mantiply,Simeon Woods Richardson,,Ryan Jeffers,Minnesota Twins,"3-3, 1 HR, 3 RBI",Braydon Fisher,Toronto Blue Jays,"2.0 IP, 4 K, 0 ER"
823643,2026-04-10,Citi Field,New York Mets,Athletics,R,0,4,Athletics,New York Mets,Away,4,Jack Perkins,Clay Holmes,,Jacob Wilson,Athletics,"3-4, 0 HR, 0 RBI",J.T. Ginn,Athletics,"4.0 IP, 4 K, 0 ER"
822997,2026-04-10,Tropicana Field,Tampa Bay Rays,New York Yankees,R,5,3,Tampa Bay Rays,New York Yankees,Home,2,Steven Matz,Luis Gil,Bryan Baker,Yandy Díaz,Tampa Bay Rays,"2-4, 1 HR, 2 RBI",Steven Matz,Tampa Bay Rays,"5.0 IP, 7 K, 2 ER"
824858,2026-04-10,Oriole Park at Camden Yards,Baltimore Orioles,San Francisco Giants,R,3,6,San Francisco Giants,Baltimore Orioles,Away,3,Landen Roupp,Shane Baz,,Casey Schmitt,San Francisco Giants,"3-5, 0 HR, 1 RBI",Shane Baz,Baltimore Orioles,"5.0 IP, 4 K, 3 ER"
824941,2026-04-10,Truist Park,Atlanta Braves,Cleveland Guardians,R,11,5,Atlanta Braves,Cleveland Guardians,Home,6,Tyler Kinley,Slade Cecconi,,Dominic Smith,Atlanta Braves,"3-4, 0 HR, 2 RBI",Bryce Elder,Atlanta Braves,"4.2 IP, 3 K, 2 ER"
824128,2026-04-10,Kauffman Stadium,Kansas City Royals,Chicago White Sox,R,2,0,Kansas City Royals,Chicago White Sox,Home,2,Kris Bubic,Davis Martin,Lucas Erceg,Carter Jensen,Kansas City Royals,"1-3, 1 HR, 1 RBI",Kris Bubic,Kansas City Royals,"7.0 IP, 11 K, 0 ER"
823808,2026-04-10,American Family Field,Milwaukee Brewers,Washington Nationals,R,3,7,Washington Nationals,Milwaukee Brewers,Away,4,PJ Poulin,Trevor Megill,,James Wood,Washington Nationals,"4-5, 0 HR, 1 RBI",Jake Irvin,Washington Nationals,"5.0 IP, 5 K, 3 ER"
823076,2026-04-10,Busch Stadium,St. Louis Cardinals,Boston Red Sox,R,3,2,St. Louis Cardinals,Boston Red Sox,Home,1,Dustin May,Zack Kelly,Riley O'Brien,Jordan Walker,St. Louis Cardinals,"2-4, 0 HR, 0 RBI",Connelly Early,Boston Red Sox,"4.1 IP, 5 K, 1 ER"
823318,2026-04-10,Petco Park,San Diego Padres,Colorado Rockies,R,5,2,San Diego Padres,Colorado Rockies,Home,3,Mason Miller,Juan Mejia,,Gavin Sheets,San Diego Padres,"2-4, 2 HR, 4 RBI",Walker Buehler,San Diego Padres,"6.0 IP, 4 K, 0 ER"
823156,2026-04-10,T-Mobile Park,Seattle Mariners,Houston Astros,R,9,6,Seattle Mariners,Houston Astros,Home,3,Emerson Hancock,Ryan Weiss,Andrés Muñoz,Randy Arozarena,Seattle Mariners,"2-4, 1 HR, 3 RBI",Emerson Hancock,Seattle Mariners,"5.0 IP, 5 K, 3 ER"
823968,2026-04-10,UNIQLO Field at Dodger Stadium,Los Angeles Dodgers,Texas Rangers,R,8,7,Los Angeles Dodgers,Texas Rangers,Home,1,Edwin Díaz,Jacob Latz,,Max Muncy,Los Angeles Dodgers,"4-5, 3 HR, 3 RBI",Tyler Glasnow,Los Angeles Dodgers,"6.0 IP, 7 K, 4 ER"
823480,2026-04-11,Citizens Bank Park,Philadelphia Phillies,Arizona Diamondbacks,R,4,3,Philadelphia Phillies,Arizona Diamondbacks,Home,1,Taijuan Walker,Brandon Pfaadt,Jhoan Duran,Adrian Del Castillo,Arizona Diamondbacks,"3-4, 0 HR, 1 RBI",Taijuan Walker,Philadelphia Phillies,"5.0 IP, 6 K, 2 ER"
824294,2026-04-11,Comerica Park,Detroit Tigers,Miami Marlins,R,6,1,Detroit Tigers,Miami Marlins,Home,5,Casey Mize,Janson Junk,Drew Anderson,Riley Greene,Detroit Tigers,"2-3, 1 HR, 4 RBI",Casey Mize,Detroit Tigers,"5.2 IP, 5 K, 1 ER"
824697,2026-04-11,Wrigley Field,Chicago Cubs,Pittsburgh Pirates,R,3,4,Pittsburgh Pirates,Chicago Cubs,Away,1,Yohan Ramírez,Caleb Thielbar,,Oneil Cruz,Pittsburgh Pirates,"4-5, 0 HR, 0 RBI",Braxton Ashcraft,Pittsburgh Pirates,"5.0 IP, 9 K, 1 ER"
822830,2026-04-11,Rogers Centre,Toronto Blue Jays,Minnesota Twins,R,4,7,Minnesota Twins,Toronto Blue Jays,Away,3,Joe Ryan,Eric Lauer,,Brooks Lee,Minnesota Twins,"2-4, 1 HR, 1 RBI",Joe Ryan,Minnesota Twins,"7.0 IP, 5 K, 2 ER"
824535,2026-04-11,Great American Ball Park,Cincinnati Reds,Los Angeles Angels,R,7,3,Cincinnati Reds,Los Angeles Angels,Home,4,Pierce Johnson,George Klassen,,Elly De La Cruz,Cincinnati Reds,"3-4, 0 HR, 0 RBI",Pierce Johnson,Cincinnati Reds,"1.1 IP, 3 K, 0 ER"
823644,2026-04-11,Citi Field,New York Mets,Athletics,R,6,11,Athletics,New York Mets,Away,5,Jacob Lopez,Kodai Senga,,Tyler Soderstrom,Athletics,"3-5, 2 HR, 5 RBI",Jacob Lopez,Athletics,"5.0 IP, 5 K, 5 ER"
824129,2026-04-11,Kauffman Stadium,Kansas City Royals,Chicago White Sox,R,2,0,Kansas City Royals,Chicago White Sox,Home,2,Michael Wacha,Erick Fedde,Lucas Erceg,Maikel Garcia,Kansas City Royals,"2-4, 1 HR, 1 RBI",Michael Wacha,Kansas City Royals,"8.0 IP, 7 K, 0 ER"
822996,2026-04-11,Tropicana Field,Tampa Bay Rays,New York Yankees,R,5,4,Tampa Bay Rays,New York Yankees,Home,1,Cole Sulser,David Bednar,,José Caballero,New York Yankees,"2-5, 0 HR, 3 RBI",Max Fried,New York Yankees,"8.0 IP, 6 K, 3 ER"
823805,2026-04-11,American Family Field,Milwaukee Brewers,Washington Nationals,R,1,3,Washington Nationals,Milwaukee Brewers,Away,2,Foster Griffin,Kyle Harrison,Clayton Beeter,Nasim Nuñez,Washington Nationals,"3-3, 0 HR, 0 RBI",Brandon Sproat,Milwaukee Brewers,"3.2 IP, 3 K, 1 ER"
824857,2026-04-11,Oriole Park at Camden Yards,Baltimore Orioles,San Francisco Giants,R,6,2,Baltimore Orioles,San Francisco Giants,Home,4,Grant Wolfram,Logan Webb,,Jeremiah Jackson,Baltimore Orioles,"3-4, 1 HR, 2 RBI",Logan Webb,San Francisco Giants,"6.0 IP, 6 K, 4 ER"
823074,2026-04-11,Busch Stadium,St. Louis Cardinals,Boston Red Sox,R,1,7,Boston Red Sox,St. Louis Cardinals,Away,6,Ranger Suarez,Kyle Leahy,,Willson Contreras,Boston Red Sox,"2-4, 0 HR, 3 RBI",Ranger Suarez,Boston Red Sox,"6.0 IP, 6 K, 0 ER"
824939,2026-04-11,Truist Park,Atlanta Braves,Cleveland Guardians,R,0,6,Cleveland Guardians,Atlanta Braves,Away,6,Parker Messick,Martín Pérez,,José Ramírez,Cleveland Guardians,"2-4, 1 HR, 1 RBI",Parker Messick,Cleveland Guardians,"6.2 IP, 5 K, 0 ER"
823316,2026-04-11,Petco Park,San Diego Padres,Colorado Rockies,R,9,5,San Diego Padres,Colorado Rockies,Home,4,Germán Márquez,Ryan Feltner,Jason Adam,Mickey Moniak,Colorado Rockies,"3-4, 2 HR, 4 RBI",Germán Márquez,San Diego Padres,"5.0 IP, 5 K, 4 ER"
823967,2026-04-11,UNIQLO Field at Dodger Stadium,Los Angeles Dodgers,Texas Rangers,R,6,3,Los Angeles Dodgers,Texas Rangers,Home,3,Emmet Sheehan,Jack Leiter,Alex Vesia,Brandon Nimmo,Texas Rangers,"3-4, 2 HR, 3 RBI",Emmet Sheehan,Los Angeles Dodgers,"6.0 IP, 6 K, 3 ER"
823155,2026-04-11,T-Mobile Park,Seattle Mariners,Houston Astros,R,8,7,Seattle Mariners,Houston Astros,Home,1,Andrés Muñoz,Bryan Abreu,,Cam Smith,Houston Astros,"4-5, 0 HR, 2 RBI",Lance McCullers Jr.,Houston Astros,"4.1 IP, 4 K, 6 ER"
824859,2026-04-12,Oriole Park at Camden Yards,Baltimore Orioles,San Francisco Giants,R,6,2,Baltimore Orioles,San Francisco Giants,Home,4,Cade Povich,Adrian Houser,,Casey Schmitt,San Francisco Giants,"3-4, 1 HR, 1 RBI",Cade Povich,Baltimore Orioles,"6.2 IP, 5 K, 1 ER"
823479,2026-04-12,Citizens Bank Park,Philadelphia Phillies,Arizona Diamondbacks,R,3,4,Arizona Diamondbacks,Philadelphia Phillies,Away,1,Taylor Clarke,José Alvarado,Paul Sewald,Trea Turner,Philadelphia Phillies,"2-4, 1 HR, 2 RBI",Andrew Painter,Philadelphia Phillies,"5.0 IP, 7 K, 1 ER"
822828,2026-04-12,Rogers Centre,Toronto Blue Jays,Minnesota Twins,R,2,8,Minnesota Twins,Toronto Blue Jays,Away,6,Taj Bradley,Max Scherzer,,Daulton Varsho,Toronto Blue Jays,"3-5, 0 HR, 1 RBI",Taj Bradley,Minnesota Twins,"5.0 IP, 7 K, 1 ER"
824533,2026-04-12,Great American Ball Park,Cincinnati Reds,Los Angeles Angels,R,6,9,Los Angeles Angels,Cincinnati Reds,Away,3,José Soriano,Andrew Abbott,,Elly De La Cruz,Cincinnati Reds,"2-5, 1 HR, 3 RBI",José Soriano,Los Angeles Angels,"7.0 IP, 10 K, 0 ER"
823642,2026-04-12,Citi Field,New York Mets,Athletics,R,0,1,Athletics,New York Mets,Away,1,Aaron Civale,Freddy Peralta,Joel Kuhnel,Francisco Lindor,New York Mets,"2-4, 0 HR, 0 RBI",Freddy Peralta,New York Mets,"6.0 IP, 6 K, 1 ER"
824293,2026-04-12,Comerica Park,Detroit Tigers,Miami Marlins,R,8,2,Detroit Tigers,Miami Marlins,Home,6,Tarik Skubal,Sandy Alcantara,,Kevin McGonigle,Detroit Tigers,"3-4, 1 HR, 1 RBI",Tarik Skubal,Detroit Tigers,"6.2 IP, 7 K, 1 ER"
822998,2026-04-12,Tropicana Field,Tampa Bay Rays,New York Yankees,R,5,4,Tampa Bay Rays,New York Yankees,Home,1,Drew Rasmussen,Cam Schlittler,Mason Englert,Chandler Simpson,Tampa Bay Rays,"3-4, 0 HR, 1 RBI",Cam Schlittler,New York Yankees,"5.0 IP, 8 K, 3 ER"
824126,2026-04-12,Kauffman Stadium,Kansas City Royals,Chicago White Sox,R,5,6,Chicago White Sox,Kansas City Royals,Away,1,Jordan Leasure,John Schreiber,Seranthony Domínguez,Colson Montgomery,Chicago White Sox,"2-3, 1 HR, 2 RBI",Noah Cameron,Kansas City Royals,"5.1 IP, 4 K, 5 ER"
823804,2026-04-12,American Family Field,Milwaukee Brewers,Washington Nationals,R,6,8,Washington Nationals,Milwaukee Brewers,Away,2,PJ Poulin,Angel Zerpa,Gus Varland,Brice Turang,Milwaukee Brewers,"3-4, 2 HR, 2 RBI",Brandon Woodruff,Milwaukee Brewers,"6.0 IP, 6 K, 1 ER"
823075,2026-04-12,Busch Stadium,St. Louis Cardinals,Boston Red Sox,R,3,9,Boston Red Sox,St. Louis Cardinals,Away,6,Brayan Bello,Andre Pallante,,Willson Contreras,Boston Red Sox,"4-5, 1 HR, 3 RBI",Andre Pallante,St. Louis Cardinals,"5.0 IP, 2 K, 6 ER"
824696,2026-04-12,Wrigley Field,Chicago Cubs,Pittsburgh Pirates,R,7,6,Chicago Cubs,Pittsburgh Pirates,Home,1,Daniel Palencia,José Urquidy,,Brandon Lowe,Pittsburgh Pirates,"2-4, 2 HR, 5 RBI",Jameson Taillon,Chicago Cubs,"6.0 IP, 10 K, 6 ER"
823317,2026-04-12,Petco Park,San Diego Padres,Colorado Rockies,R,7,2,San Diego Padres,Colorado Rockies,Home,5,David Morgan,Jimmy Herget,,Ty France,San Diego Padres,"3-3, 1 HR, 1 RBI",David Morgan,San Diego Padres,"1.2 IP, 4 K, 0 ER"
823154,2026-04-12,T-Mobile Park,Seattle Mariners,Houston Astros,R,6,1,Seattle Mariners,Houston Astros,Home,5,Logan Gilbert,Cody Bolton,,Luke Raley,Seattle Mariners,"3-5, 0 HR, 2 RBI",Logan Gilbert,Seattle Mariners,"7.0 IP, 7 K, 1 ER"
823966,2026-04-12,UNIQLO Field at Dodger Stadium,Los Angeles Dodgers,Texas Rangers,R,2,5,Texas Rangers,Los Angeles Dodgers,Away,3,Jacob deGrom,Roki Sasaki,Jakob Junis,Brandon Nimmo,Texas Rangers,"2-5, 0 HR, 2 RBI",Jacob deGrom,Texas Rangers,"6.0 IP, 9 K, 1 ER"
824938,2026-04-12,Truist Park,Atlanta Braves,Cleveland Guardians,R,13,1,Atlanta Braves,Cleveland Guardians,Home,12,Chris Sale,Tanner Bibee,Dylan Dodd,Jorge Mateo,Atlanta Braves,"4-4, 0 HR, 1 RBI",Chris Sale,Atlanta Braves,"6.0 IP, 6 K, 1 ER"
823153,2026-04-13,T-Mobile Park,Seattle Mariners,Houston Astros,R,6,2,Seattle Mariners,Houston Astros,Home,4,George Kirby,Mike Burrows,,Luke Raley,Seattle Mariners,"3-4, 0 HR, 1 RBI",George Kirby,Seattle Mariners,"7.2 IP, 6 K, 2 ER"
824856,2026-04-13,Oriole Park at Camden Yards,Baltimore Orioles,Arizona Diamondbacks,R,9,7,Baltimore Orioles,Arizona Diamondbacks,Home,2,Albert Suárez,Jonathan Loáisiga,Ryan Helsley,Jeremiah Jackson,Baltimore Orioles,"3-4, 2 HR, 5 RBI",Dean Kremer,Baltimore Orioles,"5.0 IP, 9 K, 2 ER"
823400,2026-04-13,PNC Park,Pittsburgh Pirates,Washington Nationals,R,16,5,Pittsburgh Pirates,Washington Nationals,Home,11,Paul Skenes,Cade Cavalli,,Brandon Lowe,Pittsburgh Pirates,"3-5, 1 HR, 5 RBI",Paul Skenes,Pittsburgh Pirates,"6.0 IP, 6 K, 1 ER"
823481,2026-04-13,Citizens Bank Park,Philadelphia Phillies,Chicago Cubs,R,13,7,Philadelphia Phillies,Chicago Cubs,Home,6,Cristopher Sánchez,Javier Assad,,J.T. Realmuto,Philadelphia Phillies,"3-5, 0 HR, 3 RBI",Cristopher Sánchez,Philadelphia Phillies,"6.0 IP, 8 K, 2 ER"
823563,2026-04-13,Yankee Stadium,New York Yankees,Los Angeles Angels,R,11,10,New York Yankees,Los Angeles Angels,Home,1,Paul Blackburn,Jordan Romano,,Trent Grisham,New York Yankees,"2-3, 2 HR, 5 RBI",Will Warren,New York Yankees,"3.2 IP, 6 K, 0 ER"
824937,2026-04-13,Truist Park,Atlanta Braves,Miami Marlins,R,4,10,Miami Marlins,Atlanta Braves,Away,6,Andrew Nardi,Aaron Bummer,,Agustín Ramírez,Miami Marlins,"3-4, 1 HR, 4 RBI",Lake Bachar,Miami Marlins,"2.0 IP, 4 K, 0 ER"
823725,2026-04-13,Target Field,Minnesota Twins,Boston Red Sox,R,13,6,Minnesota Twins,Boston Red Sox,Home,7,Bailey Ober,Garrett Crochet,,Ryan Jeffers,Minnesota Twins,"3-4, 1 HR, 3 RBI",Bailey Ober,Minnesota Twins,"6.0 IP, 7 K, 4 ER"
823073,2026-04-13,Busch Stadium,St. Louis Cardinals,Cleveland Guardians,R,3,9,Cleveland Guardians,St. Louis Cardinals,Away,6,Gavin Williams,Matthew Liberatore,,Brayan Rocchio,Cleveland Guardians,"2-3, 1 HR, 2 RBI",Gavin Williams,Cleveland Guardians,"5.0 IP, 4 K, 2 ER"
825024,2026-04-13,Sutter Health Park,Athletics,Texas Rangers,R,1,8,Texas Rangers,Athletics,Away,7,Nathan Eovaldi,Luis Severino,,Joc Pederson,Texas Rangers,"3-5, 0 HR, 0 RBI",Luis Severino,Athletics,"6.0 IP, 7 K, 4 ER"
823964,2026-04-13,UNIQLO Field at Dodger Stadium,Los Angeles Dodgers,New York Mets,R,4,0,Los Angeles Dodgers,New York Mets,Home,4,Justin Wrobleski,David Peterson,,Miguel Rojas,Los Angeles Dodgers,"3-4, 0 HR, 0 RBI",David Peterson,New York Mets,"5.0 IP, 7 K, 4 ER"
824853,2026-04-14,Oriole Park at Camden Yards,Baltimore Orioles,Arizona Diamondbacks,R,3,4,Arizona Diamondbacks,Baltimore Orioles,Away,1,Merrill Kelly,Trevor Rogers,Paul Sewald,Geraldo Perdomo,Arizona Diamondbacks,"3-4, 0 HR, 0 RBI",Trevor Rogers,Baltimore Orioles,"4.2 IP, 6 K, 4 ER"
824292,2026-04-14,Comerica Park,Detroit Tigers,Kansas City Royals,R,2,1,Detroit Tigers,Kansas City Royals,Home,1,Will Vest,Nick Mears,Kenley Jansen,Dillon Dingler,Detroit Tigers,"2-4, 0 HR, 1 RBI",Will Vest,Detroit Tigers,"1.0 IP, 3 K, 0 ER"
823398,2026-04-14,PNC Park,Pittsburgh Pirates,Washington Nationals,R,4,5,Washington Nationals,Pittsburgh Pirates,Away,1,Mitchell Parker,Mitch Keller,Gus Varland,CJ Abrams,Washington Nationals,"3-4, 1 HR, 2 RBI",Mitchell Parker,Washington Nationals,"2.0 IP, 5 K, 0 ER"
824531,2026-04-14,Great American Ball Park,Cincinnati Reds,San Francisco Giants,R,2,1,Cincinnati Reds,San Francisco Giants,Home,1,Brady Singer,Robbie Ray,Emilio Pagán,Luis Arraez,San Francisco Giants,"3-4, 0 HR, 0 RBI",Robbie Ray,San Francisco Giants,"5.0 IP, 6 K, 2 ER"
823478,2026-04-14,Citizens Bank Park,Philadelphia Phillies,Chicago Cubs,R,4,10,Chicago Cubs,Philadelphia Phillies,Away,6,Colin Rea,Tim Mayza,,Alex Bregman,Chicago Cubs,"3-5, 0 HR, 3 RBI",Aaron Nola,Philadelphia Phillies,"5.0 IP, 5 K, 3 ER"
823562,2026-04-14,Yankee Stadium,New York Yankees,Los Angeles Angels,R,1,7,Los Angeles Angels,New York Yankees,Away,6,Reid Detmers,Ryan Weathers,,Oswald Peraza,Los Angeles Angels,"3-3, 1 HR, 1 RBI",Ryan Weathers,New York Yankees,"5.0 IP, 10 K, 5 ER"
824935,2026-04-14,Truist Park,Atlanta Braves,Miami Marlins,R,6,5,Atlanta Braves,Miami Marlins,Home,1,Robert Suarez,Pete Fairbanks,Raisel Iglesias,Dominic Smith,Atlanta Braves,"3-4, 0 HR, 4 RBI",Reynaldo López,Atlanta Braves,"5.0 IP, 6 K, 3 ER"
823723,2026-04-14,Target Field,Minnesota Twins,Boston Red Sox,R,6,0,Minnesota Twins,Boston Red Sox,Home,6,Mick Abel,Sonny Gray,,Byron Buxton,Minnesota Twins,"4-5, 2 HR, 2 RBI",Mick Abel,Minnesota Twins,"7.0 IP, 10 K, 0 ER"
824616,2026-04-14,Rate Field,Chicago White Sox,Tampa Bay Rays,R,5,8,Tampa Bay Rays,Chicago White Sox,Away,3,Shane McClanahan,Noah Schultz,Bryan Baker,Ryan Vilade,Tampa Bay Rays,"3-5, 0 HR, 1 RBI",Noah Schultz,Chicago White Sox,"4.1 IP, 4 K, 3 ER"
823802,2026-04-14,American Family Field,Milwaukee Brewers,Toronto Blue Jays,R,7,9,Toronto Blue Jays,Milwaukee Brewers,Away,2,Louis Varland,Grant Anderson,,Brice Turang,Milwaukee Brewers,"3-6, 0 HR, 1 RBI",Jacob Misiorowski,Milwaukee Brewers,"5.1 IP, 5 K, 2 ER"
823072,2026-04-14,Busch Stadium,St. Louis Cardinals,Cleveland Guardians,R,6,5,St. Louis Cardinals,Cleveland Guardians,Home,1,Riley O'Brien,Tim Herrin,,JJ Wetherholt,St. Louis Cardinals,"2-4, 2 HR, 3 RBI",Joey Cantillo,Cleveland Guardians,"6.0 IP, 4 K, 2 ER"
824210,2026-04-14,Daikin Park,Houston Astros,Colorado Rockies,R,7,6,Houston Astros,Colorado Rockies,Home,1,AJ Blubaugh,Michael Lorenzen,Enyel De Los Santos,Christian Walker,Houston Astros,"3-4, 1 HR, 2 RBI",Colton Gordon,Houston Astros,"3.2 IP, 5 K, 4 ER"
823315,2026-04-14,Petco Park,San Diego Padres,Seattle Mariners,R,4,1,San Diego Padres,Seattle Mariners,Home,3,Michael King,Bryan Woo,Mason Miller,Xander Bogaerts,San Diego Padres,"3-4, 0 HR, 3 RBI",Michael King,San Diego Padres,"6.0 IP, 5 K, 1 ER"
825022,2026-04-14,Sutter Health Park,Athletics,Texas Rangers,R,2,1,Athletics,Texas Rangers,Home,1,Jeffrey Springs,MacKenzie Gore,Mark Leiter Jr.,Jacob Wilson,Athletics,"1-3, 0 HR, 2 RBI",Jeffrey Springs,Athletics,"6.1 IP, 5 K, 1 ER"
823965,2026-04-14,UNIQLO Field at Dodger Stadium,Los Angeles Dodgers,New York Mets,R,2,1,Los Angeles Dodgers,New York Mets,Home,1,Blake Treinen,Brooks Raley,Alex Vesia,Francisco Lindor,New York Mets,"2-4, 1 HR, 1 RBI",Nolan McLean,New York Mets,"7.0 IP, 8 K, 1 ER"
824855,2026-04-15,Oriole Park at Camden Yards,Baltimore Orioles,Arizona Diamondbacks,R,5,8,Arizona Diamondbacks,Baltimore Orioles,Away,3,Ryan Thompson,Tyler Wells,Juan Morillo,Jeremiah Jackson,Baltimore Orioles,"2-5, 1 HR, 3 RBI",Kyle Bradish,Baltimore Orioles,"6.0 IP, 4 K, 2 ER"
823071,2026-04-15,Busch Stadium,St. Louis Cardinals,Cleveland Guardians,R,5,3,St. Louis Cardinals,Cleveland Guardians,Home,2,Dustin May,Connor Brogdon,Riley O'Brien,Nathan Church,St. Louis Cardinals,"3-4, 0 HR, 1 RBI",Dustin May,St. Louis Cardinals,"6.0 IP, 4 K, 1 ER"
823722,2026-04-15,Target Field,Minnesota Twins,Boston Red Sox,R,5,9,Boston Red Sox,Minnesota Twins,Away,4,Connelly Early,Simeon Woods Richardson,,Andruw Monasterio,Boston Red Sox,"3-5, 0 HR, 1 RBI",Connelly Early,Boston Red Sox,"6.0 IP, 5 K, 1 ER"
824291,2026-04-15,Comerica Park,Detroit Tigers,Kansas City Royals,R,2,1,Detroit Tigers,Kansas City Royals,Home,1,Kyle Finnegan,Eli Morgan,Kenley Jansen,Gleyber Torres,Detroit Tigers,"3-4, 0 HR, 0 RBI",Jack Flaherty,Detroit Tigers,"6.0 IP, 7 K, 1 ER"
823399,2026-04-15,PNC Park,Pittsburgh Pirates,Washington Nationals,R,2,0,Pittsburgh Pirates,Washington Nationals,Home,2,Carmen Mlodzinski,Jake Irvin,Dennis Santana,Ryan O'Hearn,Pittsburgh Pirates,"3-4, 0 HR, 0 RBI",Carmen Mlodzinski,Pittsburgh Pirates,"6.0 IP, 5 K, 0 ER"
824532,2026-04-15,Great American Ball Park,Cincinnati Reds,San Francisco Giants,R,8,3,Cincinnati Reds,San Francisco Giants,Home,5,Rhett Lowder,Tyler Mahle,,Eugenio Suárez,Cincinnati Reds,"3-4, 1 HR, 1 RBI",Tyler Mahle,San Francisco Giants,"4.0 IP, 6 K, 8 ER"
823477,2026-04-15,Citizens Bank Park,Philadelphia Phillies,Chicago Cubs,R,2,11,Chicago Cubs,Philadelphia Phillies,Away,9,Shota Imanaga,Jesús Luzardo,,Nico Hoerner,Chicago Cubs,"3-5, 1 HR, 5 RBI",Shota Imanaga,Chicago Cubs,"6.0 IP, 11 K, 1 ER"
823561,2026-04-15,Yankee Stadium,New York Yankees,Los Angeles Angels,R,5,4,New York Yankees,Los Angeles Angels,Home,1,David Bednar,Jordan Romano,,Mike Trout,Los Angeles Angels,"2-4, 1 HR, 2 RBI",Jack Kochanowicz,Los Angeles Angels,"6.2 IP, 6 K, 3 ER"
824936,2026-04-15,Truist Park,Atlanta Braves,Miami Marlins,R,6,3,Atlanta Braves,Miami Marlins,Home,3,Bryce Elder,Chris Paddack,Raisel Iglesias,Austin Riley,Atlanta Braves,"2-4, 1 HR, 1 RBI",Bryce Elder,Atlanta Braves,"5.2 IP, 7 K, 0 ER"
824615,2026-04-15,Rate Field,Chicago White Sox,Tampa Bay Rays,R,3,8,Tampa Bay Rays,Chicago White Sox,Away,5,Jesse Scholtens,Sean Burke,,Reese McGuire,Chicago White Sox,"2-4, 0 HR, 1 RBI",Jesse Scholtens,Tampa Bay Rays,"5.0 IP, 3 K, 0 ER"
823803,2026-04-15,American Family Field,Milwaukee Brewers,Toronto Blue Jays,R,2,1,Milwaukee Brewers,Toronto Blue Jays,Home,1,Aaron Ashby,Tyler Rogers,Abner Uribe,William Contreras,Milwaukee Brewers,"2-4, 0 HR, 1 RBI",Dylan Cease,Toronto Blue Jays,"6.0 IP, 6 K, 0 ER"
824209,2026-04-15,Daikin Park,Houston Astros,Colorado Rockies,R,3,1,Houston Astros,Colorado Rockies,Home,2,Spencer Arrighetti,Jose Quintana,Enyel De Los Santos,Yordan Alvarez,Houston Astros,"2-3, 1 HR, 1 RBI",Spencer Arrighetti,Houston Astros,"6.0 IP, 10 K, 1 ER"
823314,2026-04-15,Petco Park,San Diego Padres,Seattle Mariners,R,7,6,San Diego Padres,Seattle Mariners,Home,1,Alek Jacob,Andrés Muñoz,,Luke Raley,Seattle Mariners,"4-5, 1 HR, 2 RBI",Randy Vásquez,San Diego Padres,"4.0 IP, 6 K, 4 ER"
825021,2026-04-15,Sutter Health Park,Athletics,Texas Rangers,R,6,5,Athletics,Texas Rangers,Home,1,Hogan Harris,Jalen Beeks,Joel Kuhnel,Shea Langeliers,Athletics,"2-5, 1 HR, 2 RBI",Kumar Rocker,Texas Rangers,"4.2 IP, 6 K, 2 ER"
823963,2026-04-15,UNIQLO Field at Dodger Stadium,Los Angeles Dodgers,New York Mets,R,8,2,Los Angeles Dodgers,New York Mets,Home,6,Shohei Ohtani,Clay Holmes,,Dalton Rushing,Los Angeles Dodgers,"2-4, 1 HR, 4 RBI",Shohei Ohtani,Los Angeles Dodgers,"6.0 IP, 10 K, 1 ER"
823396,2026-04-16,PNC Park,Pittsburgh Pirates,Washington Nationals,R,7,8,Washington Nationals,Pittsburgh Pirates,Away,1,Clayton Beeter,Dennis Santana,Orlando Ribalta,Jake Mangum,Pittsburgh Pirates,"3-5, 0 HR, 0 RBI",Braxton Ashcraft,Pittsburgh Pirates,"5.2 IP, 7 K, 2 ER"
824530,2026-04-16,Great American Ball Park,Cincinnati Reds,San Francisco Giants,R,0,3,San Francisco Giants,Cincinnati Reds,Away,3,Landen Roupp,Brock Burke,Erik Miller,Jung Hoo Lee,San Francisco Giants,"3-4, 0 HR, 1 RBI",Landen Roupp,San Francisco Giants,"6.0 IP, 6 K, 0 ER"
824289,2026-04-16,Comerica Park,Detroit Tigers,Kansas City Royals,R,10,9,Detroit Tigers,Kansas City Royals,Home,1,Connor Seabold,Lucas Erceg,,Riley Greene,Detroit Tigers,"3-4, 0 HR, 2 RBI",Keider Montero,Detroit Tigers,"6.0 IP, 5 K, 4 ER"
823560,2026-04-16,Yankee Stadium,New York Yankees,Los Angeles Angels,R,4,11,Los Angeles Angels,New York Yankees,Away,7,Sam Aldegheri,Max Fried,,José Caballero,New York Yankees,"3-4, 0 HR, 0 RBI",Max Fried,New York Yankees,"5.1 IP, 3 K, 5 ER"
823801,2026-04-16,American Family Field,Milwaukee Brewers,Toronto Blue Jays,R,2,1,Milwaukee Brewers,Toronto Blue Jays,Home,1,Aaron Ashby,Tommy Nance,Angel Zerpa,William Contreras,Milwaukee Brewers,"2-4, 0 HR, 0 RBI",Brandon Sproat,Milwaukee Brewers,"6.2 IP, 6 K, 1 ER"
824614,2026-04-16,Rate Field,Chicago White Sox,Tampa Bay Rays,R,3,5,Tampa Bay Rays,Chicago White Sox,Away,2,Kevin Kelly,Seranthony Domínguez,Bryan Baker,Everson Pereira,Chicago White Sox,"2-3, 1 HR, 1 RBI",Steven Matz,Tampa Bay Rays,"5.1 IP, 4 K, 2 ER"
825023,2026-04-16,Sutter Health Park,Athletics,Texas Rangers,R,6,9,Texas Rangers,Athletics,Away,3,Cal Quantrill,Justin Sterner,,Josh Jung,Texas Rangers,"3-5, 1 HR, 2 RBI",Jacob Lopez,Athletics,"5.0 IP, 5 K, 2 ER"
824453,2026-04-16,Progressive Field,Cleveland Guardians,Baltimore Orioles,R,4,2,Cleveland Guardians,Baltimore Orioles,Home,2,Parker Messick,Shane Baz,Cade Smith,José Ramírez,Cleveland Guardians,"2-3, 1 HR, 2 RBI",Parker Messick,Cleveland Guardians,"8.0 IP, 9 K, 2 ER"
824208,2026-04-16,Daikin Park,Houston Astros,Colorado Rockies,R,2,3,Colorado Rockies,Houston Astros,Away,1,Chase Dollander,Christian Roa,Victor Vodnik,Tyler Freeman,Colorado Rockies,"3-5, 0 HR, 1 RBI",Chase Dollander,Colorado Rockies,"5.1 IP, 9 K, 0 ER"
823313,2026-04-16,Petco Park,San Diego Padres,Seattle Mariners,R,5,2,San Diego Padres,Seattle Mariners,Home,3,Walker Buehler,Luis Castillo,Mason Miller,Manny Machado,San Diego Padres,"2-4, 0 HR, 1 RBI",Walker Buehler,San Diego Padres,"5.0 IP, 7 K, 2 ER"
824693,2026-04-17,Wrigley Field,Chicago Cubs,New York Mets,R,12,4,Chicago Cubs,New York Mets,Home,8,Edward Cabrera,Kodai Senga,,Nico Hoerner,Chicago Cubs,"3-5, 1 HR, 2 RBI",Edward Cabrera,Chicago Cubs,"6.0 IP, 4 K, 3 ER"
824454,2026-04-17,Progressive Field,Cleveland Guardians,Baltimore Orioles,R,4,6,Baltimore Orioles,Cleveland Guardians,Away,2,Rico Garcia,Erik Sabrowski,Ryan Helsley,Daniel Schneemann,Cleveland Guardians,"2-4, 1 HR, 4 RBI",Tanner Bibee,Cleveland Guardians,"6.0 IP, 5 K, 0 ER"
823476,2026-04-17,Citizens Bank Park,Philadelphia Phillies,Atlanta Braves,R,0,9,Atlanta Braves,Philadelphia Phillies,Away,9,Martín Pérez,Taijuan Walker,José Suarez,Michael Harris II,Atlanta Braves,"3-4, 1 HR, 1 RBI",Taijuan Walker,Philadelphia Phillies,"4.0 IP, 4 K, 7 ER"
822752,2026-04-17,Nationals Park,Washington Nationals,San Francisco Giants,R,5,10,San Francisco Giants,Washington Nationals,Away,5,Logan Webb,Zack Littell,,Matt Chapman,San Francisco Giants,"3-5, 0 HR, 3 RBI",Logan Webb,San Francisco Giants,"6.0 IP, 6 K, 3 ER"
823397,2026-04-17,PNC Park,Pittsburgh Pirates,Tampa Bay Rays,R,5,1,Pittsburgh Pirates,Tampa Bay Rays,Home,4,Bubba Chandler,Nick Martinez,,Brandon Lowe,Pittsburgh Pirates,"3-5, 0 HR, 2 RBI",Bubba Chandler,Pittsburgh Pirates,"6.0 IP, 3 K, 1 ER"
823559,2026-04-17,Yankee Stadium,New York Yankees,Kansas City Royals,R,4,2,New York Yankees,Kansas City Royals,Home,2,Camilo Doval,Alex Lange,David Bednar,Ben Rice,New York Yankees,"2-4, 1 HR, 2 RBI",Cam Schlittler,New York Yankees,"6.0 IP, 6 K, 0 ER"
823883,2026-04-17,loanDepot park,Miami Marlins,Milwaukee Brewers,R,5,7,Milwaukee Brewers,Miami Marlins,Away,2,Abner Uribe,Calvin Faucher,Trevor Megill,Otto Lopez,Miami Marlins,"3-5, 1 HR, 2 RBI",Coleman Crow,Milwaukee Brewers,"5.1 IP, 4 K, 2 ER"
824778,2026-04-17,Fenway Park,Boston Red Sox,Detroit Tigers,R,1,0,Boston Red Sox,Detroit Tigers,Home,1,Garrett Whitlock,Will Vest,,Jahmai Jones,Detroit Tigers,"2-4, 0 HR, 0 RBI",Casey Mize,Detroit Tigers,"6.2 IP, 7 K, 0 ER"
824207,2026-04-17,Daikin Park,Houston Astros,St. Louis Cardinals,R,4,9,St. Louis Cardinals,Houston Astros,Away,5,Kyle Leahy,Peter Lambert,,Iván Herrera,St. Louis Cardinals,"2-4, 1 HR, 3 RBI",Peter Lambert,Houston Astros,"5.0 IP, 8 K, 4 ER"
823720,2026-04-17,Target Field,Minnesota Twins,Cincinnati Reds,R,1,2,Cincinnati Reds,Minnesota Twins,Away,1,Brandon Williamson,Joe Ryan,Emilio Pagán,Eugenio Suárez,Cincinnati Reds,"2-4, 0 HR, 2 RBI",Joe Ryan,Minnesota Twins,"6.0 IP, 6 K, 1 ER"
824373,2026-04-17,Coors Field,Colorado Rockies,Los Angeles Dodgers,R,1,7,Los Angeles Dodgers,Colorado Rockies,Away,6,Tyler Glasnow,Tomoyuki Sugano,,Max Muncy,Los Angeles Dodgers,"3-4, 2 HR, 3 RBI",Tyler Glasnow,Los Angeles Dodgers,"7.0 IP, 7 K, 1 ER"
824048,2026-04-17,Angel Stadium,Los Angeles Angels,San Diego Padres,R,8,0,Los Angeles Angels,San Diego Padres,Home,8,José Soriano,Matt Waldron,,Nolan Schanuel,Los Angeles Angels,"3-5, 0 HR, 1 RBI",José Soriano,Los Angeles Angels,"5.2 IP, 8 K, 0 ER"
823152,2026-04-17,T-Mobile Park,Seattle Mariners,Texas Rangers,R,0,5,Texas Rangers,Seattle Mariners,Away,5,Gavin Collyer,Logan Gilbert,,Wyatt Langford,Texas Rangers,"3-5, 0 HR, 1 RBI",Logan Gilbert,Seattle Mariners,"5.1 IP, 7 K, 2 ER"
825101,2026-04-17,Chase Field,Arizona Diamondbacks,Toronto Blue Jays,R,6,3,Arizona Diamondbacks,Toronto Blue Jays,Home,3,Michael Soroka,Eric Lauer,Paul Sewald,Nolan Arenado,Arizona Diamondbacks,"2-4, 1 HR, 2 RBI",Michael Soroka,Arizona Diamondbacks,"7.0 IP, 5 K, 2 ER"
825019,2026-04-17,Sutter Health Park,Athletics,Chicago White Sox,R,2,9,Chicago White Sox,Athletics,Away,7,Davis Martin,Aaron Civale,,Munetaka Murakami,Chicago White Sox,"3-5, 1 HR, 4 RBI",Justin Sterner,Athletics,"2.1 IP, 4 K, 0 ER"
823558,2026-04-18,Yankee Stadium,New York Yankees,Kansas City Royals,R,13,4,New York Yankees,Kansas City Royals,Home,9,Will Warren,Noah Cameron,,Cody Bellinger,New York Yankees,"3-4, 2 HR, 5 RBI",Will Warren,New York Yankees,"7.0 IP, 11 K, 2 ER"
823721,2026-04-18,Target Field,Minnesota Twins,Cincinnati Reds,R,4,5,Cincinnati Reds,Minnesota Twins,Away,1,Kyle Nicolas,Cole Sands,Tony Santillan,Luke Keaschall,Minnesota Twins,"2-5, 0 HR, 1 RBI",Taj Bradley,Minnesota Twins,"6.0 IP, 5 K, 2 ER"
824694,2026-04-18,Wrigley Field,Chicago Cubs,New York Mets,R,4,2,Chicago Cubs,New York Mets,Home,2,Jameson Taillon,Freddy Peralta,Caleb Thielbar,Francisco Lindor,New York Mets,"2-4, 0 HR, 0 RBI",Jameson Taillon,Chicago Cubs,"6.0 IP, 4 K, 1 ER"
823394,2026-04-18,PNC Park,Pittsburgh Pirates,Tampa Bay Rays,R,7,8,Tampa Bay Rays,Pittsburgh Pirates,Away,1,Griffin Jax,Yohan Ramírez,Yoendrys Gómez,Cedric Mullins,Tampa Bay Rays,"2-5, 1 HR, 3 RBI",Paul Skenes,Pittsburgh Pirates,"4.0 IP, 5 K, 0 ER"
822751,2026-04-18,Nationals Park,Washington Nationals,San Francisco Giants,R,6,7,San Francisco Giants,Washington Nationals,Away,1,Caleb Kilian,Cionel Pérez,,Heliot Ramos,San Francisco Giants,"3-5, 1 HR, 2 RBI",Cade Cavalli,Washington Nationals,"4.0 IP, 5 K, 1 ER"
825020,2026-04-18,Sutter Health Park,Athletics,Chicago White Sox,R,7,6,Athletics,Chicago White Sox,Home,1,Jack Perkins,Lucas Sims,,Nick Kurtz,Athletics,"2-3, 1 HR, 2 RBI",Luis Severino,Athletics,"5.1 IP, 3 K, 5 ER"
824775,2026-04-18,Fenway Park,Boston Red Sox,Detroit Tigers,R,1,4,Detroit Tigers,Boston Red Sox,Away,3,Tarik Skubal,Brayan Bello,Kenley Jansen,Kerry Carpenter,Detroit Tigers,"2-3, 1 HR, 2 RBI",Tarik Skubal,Detroit Tigers,"6.0 IP, 10 K, 1 ER"
823882,2026-04-18,loanDepot park,Miami Marlins,Milwaukee Brewers,R,2,5,Milwaukee Brewers,Miami Marlins,Away,3,Brandon Woodruff,Sandy Alcantara,Abner Uribe,Brice Turang,Milwaukee Brewers,"2-3, 1 HR, 3 RBI",Brandon Woodruff,Milwaukee Brewers,"7.0 IP, 4 K, 1 ER"
824451,2026-04-18,Progressive Field,Cleveland Guardians,Baltimore Orioles,R,4,2,Cleveland Guardians,Baltimore Orioles,Home,2,Gavin Williams,Dean Kremer,Cade Smith,Gunnar Henderson,Baltimore Orioles,"2-4, 1 HR, 1 RBI",Gavin Williams,Cleveland Guardians,"7.0 IP, 11 K, 1 ER"
824206,2026-04-18,Daikin Park,Houston Astros,St. Louis Cardinals,R,5,7,St. Louis Cardinals,Houston Astros,Away,2,Andre Pallante,Lance McCullers Jr.,Riley O'Brien,Yordan Alvarez,Houston Astros,"2-4, 1 HR, 1 RBI",Colton Gordon,Houston Astros,"2.2 IP, 5 K, 3 ER"
823151,2026-04-18,T-Mobile Park,Seattle Mariners,Texas Rangers,R,7,3,Seattle Mariners,Texas Rangers,Home,4,George Kirby,Nathan Eovaldi,Andrés Muñoz,Dominic Canzone,Seattle Mariners,"3-4, 0 HR, 2 RBI",George Kirby,Seattle Mariners,"5.2 IP, 5 K, 1 ER"
823474,2026-04-18,Citizens Bank Park,Philadelphia Phillies,Atlanta Braves,R,1,3,Atlanta Braves,Philadelphia Phillies,Away,2,Chris Sale,Cristopher Sánchez,Robert Suarez,Austin Riley,Atlanta Braves,"2-5, 0 HR, 1 RBI",Cristopher Sánchez,Philadelphia Phillies,"6.0 IP, 8 K, 0 ER"
824372,2026-04-18,Coors Field,Colorado Rockies,Los Angeles Dodgers,R,4,3,Colorado Rockies,Los Angeles Dodgers,Home,1,Brennan Bernardino,Will Klein,Victor Vodnik,Kyle Tucker,Los Angeles Dodgers,"3-5, 1 HR, 2 RBI",Ryan Feltner,Colorado Rockies,"5.2 IP, 5 K, 2 ER"
825098,2026-04-18,Chase Field,Arizona Diamondbacks,Toronto Blue Jays,R,6,2,Arizona Diamondbacks,Toronto Blue Jays,Home,4,Juan Morillo,Jeff Hoffman,,Geraldo Perdomo,Arizona Diamondbacks,"3-4, 0 HR, 1 RBI",Zac Gallen,Arizona Diamondbacks,"5.2 IP, 3 K, 2 ER"
824049,2026-04-18,Angel Stadium,Los Angeles Angels,San Diego Padres,R,1,4,San Diego Padres,Los Angeles Angels,Away,3,Adrian Morejon,Ryan Zeferjahn,Mason Miller,Fernando Tatis Jr.,San Diego Padres,"2-4, 0 HR, 2 RBI",Yusei Kikuchi,Los Angeles Angels,"6.0 IP, 8 K, 0 ER"
822750,2026-04-19,Nationals Park,Washington Nationals,San Francisco Giants,R,3,0,Washington Nationals,San Francisco Giants,Home,3,Andrew Alvarez,Robbie Ray,,Keibert Ruiz,Washington Nationals,"2-3, 0 HR, 1 RBI",Robbie Ray,San Francisco Giants,"6.0 IP, 7 K, 3 ER"
823393,2026-04-19,PNC Park,Pittsburgh Pirates,Tampa Bay Rays,R,6,3,Pittsburgh Pirates,Tampa Bay Rays,Home,3,Mitch Keller,Shane McClanahan,,Bryan Reynolds,Pittsburgh Pirates,"2-4, 0 HR, 3 RBI",Mitch Keller,Pittsburgh Pirates,"7.0 IP, 5 K, 2 ER"
823556,2026-04-19,Yankee Stadium,New York Yankees,Kansas City Royals,R,7,0,New York Yankees,Kansas City Royals,Home,7,Ryan Weathers,Cole Ragans,,Trent Grisham,New York Yankees,"2-4, 1 HR, 3 RBI",Ryan Weathers,New York Yankees,"7.1 IP, 8 K, 0 ER"
824452,2026-04-19,Progressive Field,Cleveland Guardians,Baltimore Orioles,R,8,4,Cleveland Guardians,Baltimore Orioles,Home,4,Matt Festa,Trevor Rogers,,Brayan Rocchio,Cleveland Guardians,"3-4, 0 HR, 3 RBI",Joey Cantillo,Cleveland Guardians,"4.2 IP, 6 K, 3 ER"
823881,2026-04-19,loanDepot park,Miami Marlins,Milwaukee Brewers,R,5,3,Miami Marlins,Milwaukee Brewers,Home,2,Eury Pérez,Jacob Misiorowski,Pete Fairbanks,Liam Hicks,Miami Marlins,"2-3, 0 HR, 1 RBI",Jacob Misiorowski,Milwaukee Brewers,"5.0 IP, 9 K, 1 ER"
824205,2026-04-19,Daikin Park,Houston Astros,St. Louis Cardinals,R,5,7,St. Louis Cardinals,Houston Astros,Away,2,Riley O'Brien,Bryan King,Gordon Graceffo,Masyn Winn,St. Louis Cardinals,"3-5, 0 HR, 3 RBI",Mike Burrows,Houston Astros,"4.2 IP, 7 K, 4 ER"
823718,2026-04-19,Target Field,Minnesota Twins,Cincinnati Reds,R,4,7,Cincinnati Reds,Minnesota Twins,Away,3,Emilio Pagán,Garrett Acton,Graham Ashcraft,TJ Friedl,Cincinnati Reds,"2-5, 0 HR, 3 RBI",Bailey Ober,Minnesota Twins,"6.1 IP, 10 K, 0 ER"
824691,2026-04-19,Wrigley Field,Chicago Cubs,New York Mets,R,2,1,Chicago Cubs,New York Mets,Home,1,Caleb Thielbar,Craig Kimbrel,,Ian Happ,Chicago Cubs,"2-3, 0 HR, 0 RBI",Javier Assad,Chicago Cubs,"5.2 IP, 3 K, 1 ER"
824371,2026-04-19,Coors Field,Colorado Rockies,Los Angeles Dodgers,R,9,6,Colorado Rockies,Los Angeles Dodgers,Home,3,Antonio Senzatela,Blake Treinen,,Edouard Julien,Colorado Rockies,"3-5, 0 HR, 3 RBI",Michael Lorenzen,Colorado Rockies,"5.0 IP, 3 K, 3 ER"
825018,2026-04-19,Sutter Health Park,Athletics,Chicago White Sox,R,4,7,Chicago White Sox,Athletics,Away,3,Noah Schultz,Jeffrey Springs,Seranthony Domínguez,Miguel Vargas,Chicago White Sox,"2-3, 1 HR, 2 RBI",Jeffrey Springs,Athletics,"5.0 IP, 7 K, 7 ER"
824047,2026-04-19,Angel Stadium,Los Angeles Angels,San Diego Padres,R,1,2,San Diego Padres,Los Angeles Angels,Away,1,Michael King,Walbert Ureña,Mason Miller,Bryce Johnson,San Diego Padres,"2-3, 0 HR, 1 RBI",Walbert Ureña,Los Angeles Angels,"6.0 IP, 8 K, 2 ER"
823150,2026-04-19,T-Mobile Park,Seattle Mariners,Texas Rangers,R,5,2,Seattle Mariners,Texas Rangers,Home,3,Bryan Woo,MacKenzie Gore,Andrés Muñoz,Randy Arozarena,Seattle Mariners,"2-4, 1 HR, 2 RBI",Bryan Woo,Seattle Mariners,"7.0 IP, 6 K, 2 ER"
825100,2026-04-19,Chase Field,Arizona Diamondbacks,Toronto Blue Jays,R,4,10,Toronto Blue Jays,Arizona Diamondbacks,Away,6,Kevin Gausman,Ryne Nelson,,Nathan Lukes,Toronto Blue Jays,"3-5, 0 HR, 3 RBI",Kevin Gausman,Toronto Blue Jays,"6.0 IP, 4 K, 2 ER"
824777,2026-04-19,Fenway Park,Boston Red Sox,Detroit Tigers,R,2,6,Detroit Tigers,Boston Red Sox,Away,4,Framber Valdez,Garrett Crochet,,Dillon Dingler,Detroit Tigers,"4-5, 1 HR, 4 RBI",Garrett Crochet,Boston Red Sox,"5.0 IP, 8 K, 5 ER"
823475,2026-04-19,Citizens Bank Park,Philadelphia Phillies,Atlanta Braves,R,2,4,Atlanta Braves,Philadelphia Phillies,Away,2,Tyler Kinley,Andrew Painter,Raisel Iglesias,Michael Harris II,Atlanta Braves,"3-3, 1 HR, 1 RBI",Andrew Painter,Philadelphia Phillies,"4.0 IP, 4 K, 3 ER"
824776,2026-04-20,Fenway Park,Boston Red Sox,Detroit Tigers,R,8,6,Boston Red Sox,Detroit Tigers,Home,2,Garrett Whitlock,Tyler Holton,Aroldis Chapman,Riley Greene,Detroit Tigers,"2-3, 0 HR, 2 RBI",Greg Weissert,Boston Red Sox,"1.0 IP, 3 K, 0 ER"
824450,2026-04-20,Progressive Field,Cleveland Guardians,Houston Astros,R,2,9,Houston Astros,Cleveland Guardians,Away,7,Spencer Arrighetti,Slade Cecconi,,Isaac Paredes,Houston Astros,"3-5, 2 HR, 2 RBI",Spencer Arrighetti,Houston Astros,"5.0 IP, 3 K, 2 ER"
822994,2026-04-20,Tropicana Field,Tampa Bay Rays,Cincinnati Reds,R,1,6,Cincinnati Reds,Tampa Bay Rays,Away,5,Rhett Lowder,Jesse Scholtens,,Sal Stewart,Cincinnati Reds,"2-4, 1 HR, 2 RBI",Jesse Scholtens,Tampa Bay Rays,"5.2 IP, 6 K, 5 ER"
823879,2026-04-20,loanDepot park,Miami Marlins,St. Louis Cardinals,R,5,3,Miami Marlins,St. Louis Cardinals,Home,2,Calvin Faucher,Michael McGreevy,Pete Fairbanks,Liam Hicks,Miami Marlins,"2-4, 0 HR, 2 RBI",Max Meyer,Miami Marlins,"5.1 IP, 8 K, 2 ER"
822749,2026-04-20,Nationals Park,Washington Nationals,Atlanta Braves,R,4,9,Atlanta Braves,Washington Nationals,Away,5,Bryce Elder,Jake Irvin,,Drake Baldwin,Atlanta Braves,"2-4, 0 HR, 2 RBI",Bryce Elder,Atlanta Braves,"6.2 IP, 6 K, 3 ER"
824125,2026-04-20,Kauffman Stadium,Kansas City Royals,Baltimore Orioles,R,5,7,Baltimore Orioles,Kansas City Royals,Away,2,Anthony Nunez,Alex Lange,,Salvador Perez,Kansas City Royals,"3-6, 0 HR, 0 RBI",Seth Lugo,Kansas City Royals,"7.0 IP, 7 K, 0 ER"
824692,2026-04-20,Wrigley Field,Chicago Cubs,Philadelphia Phillies,R,5,1,Chicago Cubs,Philadelphia Phillies,Home,4,Colin Rea,Aaron Nola,,Alex Bregman,Chicago Cubs,"2-4, 0 HR, 0 RBI",Colin Rea,Chicago Cubs,"6.2 IP, 5 K, 1 ER"
824370,2026-04-20,Coors Field,Colorado Rockies,Los Angeles Dodgers,R,3,12,Los Angeles Dodgers,Colorado Rockies,Away,9,Justin Wrobleski,Jose Quintana,,Max Muncy,Los Angeles Dodgers,"4-4, 2 HR, 2 RBI",Tanner Gordon,Colorado Rockies,"4.0 IP, 6 K, 6 ER"
824046,2026-04-20,Angel Stadium,Los Angeles Angels,Toronto Blue Jays,R,2,5,Toronto Blue Jays,Los Angeles Angels,Away,3,Dylan Cease,Reid Detmers,Jeff Hoffman,Vladimir Guerrero Jr.,Toronto Blue Jays,"3-4, 1 HR, 2 RBI",Dylan Cease,Toronto Blue Jays,"5.0 IP, 12 K, 2 ER"
823149,2026-04-20,T-Mobile Park,Seattle Mariners,Athletics,R,4,6,Athletics,Seattle Mariners,Away,2,Hogan Harris,Casey Legumina,Joel Kuhnel,Carlos Cortes,Athletics,"4-5, 1 HR, 1 RBI",J.T. Ginn,Athletics,"5.1 IP, 6 K, 3 ER"
824448,2026-04-21,Progressive Field,Cleveland Guardians,Houston Astros,R,8,5,Cleveland Guardians,Houston Astros,Home,3,Peyton Pallette,Enyel De Los Santos,,Angel Martínez,Cleveland Guardians,"2-4, 1 HR, 1 RBI",Parker Messick,Cleveland Guardians,"5.0 IP, 4 K, 3 ER"
822995,2026-04-21,Tropicana Field,Tampa Bay Rays,Cincinnati Reds,R,6,12,Cincinnati Reds,Tampa Bay Rays,Away,6,Chase Burns,Steven Matz,,Elly De La Cruz,Cincinnati Reds,"3-6, 2 HR, 5 RBI",Chase Burns,Cincinnati Reds,"5.2 IP, 8 K, 2 ER"
823880,2026-04-21,loanDepot park,Miami Marlins,St. Louis Cardinals,R,3,5,St. Louis Cardinals,Miami Marlins,Away,2,Dustin May,Chris Paddack,Riley O'Brien,Jakob Marsee,Miami Marlins,"3-4, 1 HR, 1 RBI",Chris Paddack,Miami Marlins,"4.2 IP, 7 K, 5 ER"
824290,2026-04-21,Comerica Park,Detroit Tigers,Milwaukee Brewers,R,4,12,Milwaukee Brewers,Detroit Tigers,Away,8,Grant Anderson,Keider Montero,,David Hamilton,Milwaukee Brewers,"4-5, 0 HR, 0 RBI",Keider Montero,Detroit Tigers,"5.2 IP, 3 K, 3 ER"
822747,2026-04-21,Nationals Park,Washington Nationals,Atlanta Braves,R,11,4,Washington Nationals,Atlanta Braves,Home,7,Foster Griffin,Reynaldo López,,Luis García Jr.,Washington Nationals,"4-5, 0 HR, 3 RBI",José Suarez,Atlanta Braves,"3.0 IP, 4 K, 0 ER"
824773,2026-04-21,Fenway Park,Boston Red Sox,New York Yankees,R,0,4,New York Yankees,Boston Red Sox,Away,4,Luis Gil,Connelly Early,,Giancarlo Stanton,New York Yankees,"2-4, 1 HR, 3 RBI",Connelly Early,Boston Red Sox,"5.1 IP, 4 K, 3 ER"
823640,2026-04-21,Citi Field,New York Mets,Minnesota Twins,R,3,5,Minnesota Twins,New York Mets,Away,2,Cole Sands,Devin Williams,,Luke Keaschall,Minnesota Twins,"2-4, 0 HR, 2 RBI",Nolan McLean,New York Mets,"6.2 IP, 10 K, 3 ER"
824127,2026-04-21,Kauffman Stadium,Kansas City Royals,Baltimore Orioles,R,6,5,Kansas City Royals,Baltimore Orioles,Home,1,Lucas Erceg,Ryan Helsley,,Kyle Isbel,Kansas City Royals,"3-4, 0 HR, 0 RBI",Shane Baz,Baltimore Orioles,"6.1 IP, 4 K, 4 ER"
824690,2026-04-21,Wrigley Field,Chicago Cubs,Philadelphia Phillies,R,7,4,Chicago Cubs,Philadelphia Phillies,Home,3,Shota Imanaga,Tanner Banks,Caleb Thielbar,Seiya Suzuki,Chicago Cubs,"2-4, 1 HR, 2 RBI",Jesús Luzardo,Philadelphia Phillies,"4.2 IP, 3 K, 1 ER"
822914,2026-04-21,Globe Life Field,Texas Rangers,Pittsburgh Pirates,R,5,1,Texas Rangers,Pittsburgh Pirates,Home,4,Kumar Rocker,Carmen Mlodzinski,,Jake Mangum,Pittsburgh Pirates,"2-4, 0 HR, 0 RBI",Carmen Mlodzinski,Pittsburgh Pirates,"4.1 IP, 6 K, 5 ER"
824369,2026-04-21,Coors Field,Colorado Rockies,San Diego Padres,R,0,1,San Diego Padres,Colorado Rockies,Away,1,Randy Vásquez,Chase Dollander,Adrian Morejon,Fernando Tatis Jr.,San Diego Padres,"2-4, 0 HR, 0 RBI",Chase Dollander,Colorado Rockies,"6.0 IP, 9 K, 1 ER"
824045,2026-04-21,Angel Stadium,Los Angeles Angels,Toronto Blue Jays,R,2,4,Toronto Blue Jays,Los Angeles Angels,Away,2,Mason Fluharty,Drew Pomeranz,Louis Varland,Oswald Peraza,Los Angeles Angels,"2-3, 0 HR, 0 RBI",Patrick Corbin,Toronto Blue Jays,"5.0 IP, 3 K, 1 ER"
823148,2026-04-21,T-Mobile Park,Seattle Mariners,Athletics,R,2,5,Athletics,Seattle Mariners,Away,3,Jacob Lopez,Eduard Bazardo,Jack Perkins,Cal Raleigh,Seattle Mariners,"2-3, 1 HR, 1 RBI",Luis Castillo,Seattle Mariners,"5.0 IP, 6 K, 2 ER"
825099,2026-04-21,Chase Field,Arizona Diamondbacks,Chicago White Sox,R,5,11,Chicago White Sox,Arizona Diamondbacks,Away,6,Sean Burke,Merrill Kelly,,Munetaka Murakami,Chicago White Sox,"3-5, 1 HR, 1 RBI",Merrill Kelly,Arizona Diamondbacks,"4.1 IP, 5 K, 8 ER"
823236,2026-04-21,Oracle Park,San Francisco Giants,Los Angeles Dodgers,R,3,1,San Francisco Giants,Los Angeles Dodgers,Home,2,Landen Roupp,Yoshinobu Yamamoto,Ryan Walker,Jung Hoo Lee,San Francisco Giants,"2-3, 0 HR, 1 RBI",Landen Roupp,San Francisco Giants,"5.0 IP, 7 K, 1 ER"
823878,2026-04-22,loanDepot park,Miami Marlins,St. Louis Cardinals,R,4,1,Miami Marlins,St. Louis Cardinals,Home,3,Janson Junk,Kyle Leahy,Pete Fairbanks,Javier Sanoja,Miami Marlins,"3-4, 0 HR, 0 RBI",Michael Petersen,Miami Marlins,"1.0 IP, 3 K, 0 ER"
824449,2026-04-22,Progressive Field,Cleveland Guardians,Houston Astros,R,0,2,Houston Astros,Cleveland Guardians,Away,2,Peter Lambert,Tanner Bibee,Enyel De Los Santos,Yordan Alvarez,Houston Astros,"3-4, 1 HR, 2 RBI",Peter Lambert,Houston Astros,"6.0 IP, 8 K, 0 ER"
822993,2026-04-22,Tropicana Field,Tampa Bay Rays,Cincinnati Reds,R,6,1,Tampa Bay Rays,Cincinnati Reds,Home,5,Nick Martinez,Brandon Williamson,,Yandy Díaz,Tampa Bay Rays,"3-4, 0 HR, 1 RBI",Nick Martinez,Tampa Bay Rays,"8.0 IP, 6 K, 1 ER"
824123,2026-04-22,Kauffman Stadium,Kansas City Royals,Baltimore Orioles,R,6,8,Baltimore Orioles,Kansas City Royals,Away,2,Chris Bassitt,Michael Wacha,Anthony Nunez,Carter Jensen,Kansas City Royals,"2-3, 1 HR, 2 RBI",Michael Wacha,Kansas City Royals,"5.1 IP, 5 K, 6 ER"
824044,2026-04-22,Angel Stadium,Los Angeles Angels,Toronto Blue Jays,R,7,3,Los Angeles Angels,Toronto Blue Jays,Home,4,Brent Suter,Tommy Nance,,Ernie Clement,Toronto Blue Jays,"3-5, 0 HR, 1 RBI",José Soriano,Los Angeles Angels,"5.0 IP, 4 K, 0 ER"
823147,2026-04-22,T-Mobile Park,Seattle Mariners,Athletics,R,5,4,Seattle Mariners,Athletics,Home,1,Andrés Muñoz,Joel Kuhnel,,Cal Raleigh,Seattle Mariners,"3-5, 1 HR, 1 RBI",Aaron Civale,Athletics,"5.1 IP, 5 K, 3 ER"
824286,2026-04-22,Comerica Park,Detroit Tigers,Milwaukee Brewers,R,5,2,Detroit Tigers,Milwaukee Brewers,Home,3,Casey Mize,Chad Patrick,Kenley Jansen,Colt Keith,Detroit Tigers,"2-3, 0 HR, 1 RBI",Casey Mize,Detroit Tigers,"6.0 IP, 7 K, 1 ER"
822748,2026-04-22,Nationals Park,Washington Nationals,Atlanta Braves,R,6,8,Atlanta Braves,Washington Nationals,Away,2,Dylan Lee,Zack Littell,Robert Suarez,Michael Harris II,Atlanta Braves,"2-4, 2 HR, 3 RBI",Didier Fuentes,Atlanta Braves,"3.0 IP, 7 K, 4 ER"
824774,2026-04-22,Fenway Park,Boston Red Sox,New York Yankees,R,1,4,New York Yankees,Boston Red Sox,Away,3,Max Fried,Ranger Suarez,,Jarren Duran,Boston Red Sox,"3-4, 0 HR, 1 RBI",Max Fried,New York Yankees,"8.0 IP, 9 K, 0 ER"
823641,2026-04-22,Citi Field,New York Mets,Minnesota Twins,R,3,2,New York Mets,Minnesota Twins,Home,1,Luke Weaver,Taylor Rogers,,Francisco Lindor,New York Mets,"2-2, 0 HR, 1 RBI",Connor Prielipp,Minnesota Twins,"4.0 IP, 6 K, 2 ER"
824688,2026-04-22,Wrigley Field,Chicago Cubs,Philadelphia Phillies,R,7,2,Chicago Cubs,Philadelphia Phillies,Home,5,Ben Brown,Taijuan Walker,,Pete Crow-Armstrong,Chicago Cubs,"3-4, 0 HR, 2 RBI",Matthew Boyd,Chicago Cubs,"4.2 IP, 5 K, 2 ER"
822913,2026-04-22,Globe Life Field,Texas Rangers,Pittsburgh Pirates,R,4,8,Pittsburgh Pirates,Texas Rangers,Away,4,Gregory Soto,Cole Winn,,Josh Jung,Texas Rangers,"2-4, 1 HR, 2 RBI",Jack Leiter,Texas Rangers,"5.0 IP, 5 K, 3 ER"
824367,2026-04-22,Coors Field,Colorado Rockies,San Diego Padres,R,8,3,Colorado Rockies,San Diego Padres,Home,5,Tomoyuki Sugano,Walker Buehler,,Hunter Goodman,Colorado Rockies,"3-4, 1 HR, 1 RBI",Tomoyuki Sugano,Colorado Rockies,"5.2 IP, 4 K, 1 ER"
825097,2026-04-22,Chase Field,Arizona Diamondbacks,Chicago White Sox,R,11,7,Arizona Diamondbacks,Chicago White Sox,Home,4,Eduardo Rodriguez,Anthony Kay,,Nolan Arenado,Arizona Diamondbacks,"4-4, 1 HR, 3 RBI",Eduardo Rodriguez,Arizona Diamondbacks,"5.0 IP, 4 K, 4 ER"
823231,2026-04-22,Oracle Park,San Francisco Giants,Los Angeles Dodgers,R,3,0,San Francisco Giants,Los Angeles Dodgers,Home,3,Tyler Mahle,Jack Dreyer,Ryan Walker,Heliot Ramos,San Francisco Giants,"2-3, 0 HR, 0 RBI",Shohei Ohtani,Los Angeles Dodgers,"6.0 IP, 7 K, 0 ER"
822745,2026-04-23,Nationals Park,Washington Nationals,Atlanta Braves,R,2,7,Atlanta Braves,Washington Nationals,Away,5,JR Ritchie,Cionel Pérez,,Ozzie Albies,Atlanta Braves,"3-4, 1 HR, 4 RBI",Cade Cavalli,Washington Nationals,"5.0 IP, 10 K, 2 ER"
824288,2026-04-23,Comerica Park,Detroit Tigers,Milwaukee Brewers,R,5,4,Detroit Tigers,Milwaukee Brewers,Home,1,Brant Hurter,Abner Uribe,,Riley Greene,Detroit Tigers,"2-3, 1 HR, 2 RBI",Tarik Skubal,Detroit Tigers,"6.0 IP, 5 K, 4 ER"
824689,2026-04-23,Wrigley Field,Chicago Cubs,Philadelphia Phillies,R,8,7,Chicago Cubs,Philadelphia Phillies,Home,1,Javier Assad,Tanner Banks,,Brandon Marsh,Philadelphia Phillies,"3-4, 2 HR, 3 RBI",Edward Cabrera,Chicago Cubs,"7.0 IP, 5 K, 3 ER"
824368,2026-04-23,Coors Field,Colorado Rockies,San Diego Padres,R,8,10,San Diego Padres,Colorado Rockies,Away,2,Ron Marinaccio,Victor Vodnik,Mason Miller,Mickey Moniak,Colorado Rockies,"4-5, 2 HR, 2 RBI",Ryan Feltner,Colorado Rockies,"2.0 IP, 3 K, 2 ER"
825096,2026-04-23,Chase Field,Arizona Diamondbacks,Chicago White Sox,R,1,4,Chicago White Sox,Arizona Diamondbacks,Away,3,Grant Taylor,Paul Sewald,Seranthony Domínguez,Colson Montgomery,Chicago White Sox,"3-4, 0 HR, 0 RBI",Davis Martin,Chicago White Sox,"6.1 IP, 7 K, 1 ER"
823233,2026-04-23,Oracle Park,San Francisco Giants,Los Angeles Dodgers,R,0,3,Los Angeles Dodgers,San Francisco Giants,Away,3,Tyler Glasnow,Logan Webb,Tanner Scott,Hyeseong Kim,Los Angeles Dodgers,"2-4, 0 HR, 1 RBI",Tyler Glasnow,Los Angeles Dodgers,"8.0 IP, 9 K, 0 ER"
824770,2026-04-23,Fenway Park,Boston Red Sox,New York Yankees,R,2,4,New York Yankees,Boston Red Sox,Away,2,Cam Schlittler,Danny Coulombe,David Bednar,Jazz Chisholm Jr.,New York Yankees,"2-4, 1 HR, 1 RBI",Payton Tolle,Boston Red Sox,"6.0 IP, 11 K, 1 ER"
823639,2026-04-23,Citi Field,New York Mets,Minnesota Twins,R,10,8,New York Mets,Minnesota Twins,Home,2,Devin Williams,Andrew Morris,,Bo Bichette,New York Mets,"3-5, 0 HR, 3 RBI",Joe Ryan,Minnesota Twins,"5.0 IP, 5 K, 4 ER"
822912,2026-04-23,Globe Life Field,Texas Rangers,Pittsburgh Pirates,R,6,1,Texas Rangers,Pittsburgh Pirates,Home,5,Jacob deGrom,Bubba Chandler,,Corey Seager,Texas Rangers,"2-4, 1 HR, 3 RBI",Jacob deGrom,Texas Rangers,"5.2 IP, 10 K, 1 ER"
824529,2026-04-24,Great American Ball Park,Cincinnati Reds,Detroit Tigers,R,9,8,Cincinnati Reds,Detroit Tigers,Home,1,Graham Ashcraft,Kenley Jansen,,Matt McLain,Cincinnati Reds,"2-4, 2 HR, 4 RBI",Andrew Abbott,Cincinnati Reds,"4.0 IP, 4 K, 5 ER"
824854,2026-04-24,Oriole Park at Camden Yards,Baltimore Orioles,Boston Red Sox,R,10,3,Baltimore Orioles,Boston Red Sox,Home,7,Brandon Young,Brayan Bello,,Samuel Basallo,Baltimore Orioles,"4-5, 1 HR, 1 RBI",Brandon Young,Baltimore Orioles,"5.2 IP, 5 K, 3 ER"
822827,2026-04-24,Rogers Centre,Toronto Blue Jays,Cleveland Guardians,R,6,8,Cleveland Guardians,Toronto Blue Jays,Away,2,Gavin Williams,Max Scherzer,Cade Smith,Andrés Giménez,Toronto Blue Jays,"3-4, 0 HR, 2 RBI",Gavin Williams,Cleveland Guardians,"6.0 IP, 4 K, 6 ER"
823638,2026-04-24,Citi Field,New York Mets,Colorado Rockies,R,3,4,Colorado Rockies,New York Mets,Away,1,Michael Lorenzen,Freddy Peralta,Antonio Senzatela,Brett Baty,New York Mets,"2-4, 0 HR, 2 RBI",Freddy Peralta,New York Mets,"5.2 IP, 8 K, 2 ER"
822992,2026-04-24,Tropicana Field,Tampa Bay Rays,Minnesota Twins,R,6,2,Tampa Bay Rays,Minnesota Twins,Home,4,Drew Rasmussen,Taj Bradley,Bryan Baker,Brooks Lee,Minnesota Twins,"3-4, 1 HR, 1 RBI",Drew Rasmussen,Tampa Bay Rays,"6.0 IP, 6 K, 1 ER"
824932,2026-04-24,Truist Park,Atlanta Braves,Philadelphia Phillies,R,5,3,Atlanta Braves,Philadelphia Phillies,Home,2,Grant Holmes,Andrew Painter,Robert Suarez,Adolis García,Philadelphia Phillies,"3-5, 0 HR, 0 RBI",Grant Holmes,Atlanta Braves,"6.0 IP, 4 K, 3 ER"
824124,2026-04-24,Kauffman Stadium,Kansas City Royals,Los Angeles Angels,R,6,3,Kansas City Royals,Los Angeles Angels,Home,3,Noah Cameron,Yusei Kikuchi,Lucas Erceg,Isaac Collins,Kansas City Royals,"2-3, 0 HR, 2 RBI",Noah Cameron,Kansas City Royals,"6.1 IP, 6 K, 3 ER"
824611,2026-04-24,Rate Field,Chicago White Sox,Washington Nationals,R,5,4,Chicago White Sox,Washington Nationals,Home,1,Jordan Leasure,Riley Cornelio,Seranthony Domínguez,Luis García Jr.,Washington Nationals,"2-3, 0 HR, 1 RBI",Seranthony Domínguez,Chicago White Sox,"1.0 IP, 2 K, 0 ER"
823800,2026-04-24,American Family Field,Milwaukee Brewers,Pittsburgh Pirates,R,0,6,Pittsburgh Pirates,Milwaukee Brewers,Away,6,Paul Skenes,Brandon Woodruff,,Konnor Griffin,Pittsburgh Pirates,"3-4, 1 HR, 3 RBI",Paul Skenes,Pittsburgh Pirates,"7.0 IP, 7 K, 0 ER"
822909,2026-04-24,Globe Life Field,Texas Rangers,Athletics,R,1,8,Athletics,Texas Rangers,Away,7,Luis Severino,Nathan Eovaldi,,Carlos Cortes,Athletics,"2-4, 2 HR, 4 RBI",Luis Severino,Athletics,"6.2 IP, 5 K, 1 ER"
824204,2026-04-24,Daikin Park,Houston Astros,New York Yankees,R,4,12,New York Yankees,Houston Astros,Away,8,Will Warren,Lance McCullers Jr.,,Jazz Chisholm Jr.,New York Yankees,"3-4, 1 HR, 4 RBI",Will Warren,New York Yankees,"6.0 IP, 6 K, 2 ER"
823069,2026-04-24,Busch Stadium,St. Louis Cardinals,Seattle Mariners,R,2,3,Seattle Mariners,St. Louis Cardinals,Away,1,George Kirby,Andre Pallante,Andrés Muñoz,Masyn Winn,St. Louis Cardinals,"2-4, 0 HR, 2 RBI",Andre Pallante,St. Louis Cardinals,"5.1 IP, 8 K, 3 ER"
823962,2026-04-24,UNIQLO Field at Dodger Stadium,Los Angeles Dodgers,Chicago Cubs,R,4,6,Chicago Cubs,Los Angeles Dodgers,Away,2,Ryan Rolison,Tanner Scott,Corbin Martin,Dansby Swanson,Chicago Cubs,"2-3, 1 HR, 4 RBI",Emmet Sheehan,Los Angeles Dodgers,"6.1 IP, 10 K, 1 ER"
823232,2026-04-24,Oracle Park,San Francisco Giants,Miami Marlins,R,4,9,Miami Marlins,San Francisco Giants,Away,5,Sandy Alcantara,Adrian Houser,,Jung Hoo Lee,San Francisco Giants,"3-4, 1 HR, 1 RBI",Sandy Alcantara,Miami Marlins,"6.0 IP, 4 K, 3 ER"
824851,2026-04-25,Oriole Park at Camden Yards,Baltimore Orioles,Boston Red Sox,R,1,17,Boston Red Sox,Baltimore Orioles,Away,16,Garrett Crochet,Trevor Rogers,,Andruw Monasterio,Boston Red Sox,"3-6, 1 HR, 4 RBI",Garrett Crochet,Boston Red Sox,"6.0 IP, 7 K, 0 ER"
823070,2026-04-25,Busch Stadium,St. Louis Cardinals,Seattle Mariners,R,9,11,Seattle Mariners,St. Louis Cardinals,Away,2,Matt Brash,Riley O'Brien,Andrés Muñoz,Pedro Pagés,St. Louis Cardinals,"3-3, 1 HR, 2 RBI",Matthew Liberatore,St. Louis Cardinals,"3.1 IP, 3 K, 5 ER"
822826,2026-04-25,Rogers Centre,Toronto Blue Jays,Cleveland Guardians,R,5,3,Toronto Blue Jays,Cleveland Guardians,Home,2,Kevin Gausman,Joey Cantillo,Louis Varland,Kazuma Okamoto,Toronto Blue Jays,"2-3, 1 HR, 2 RBI",Joey Cantillo,Cleveland Guardians,"5.0 IP, 4 K, 1 ER"
823229,2026-04-25,Oracle Park,San Francisco Giants,Miami Marlins,R,6,2,San Francisco Giants,Miami Marlins,Home,4,Matt Gage,Eury Pérez,,Casey Schmitt,San Francisco Giants,"2-3, 1 HR, 2 RBI",Eury Pérez,Miami Marlins,"5.1 IP, 6 K, 4 ER"
822989,2026-04-25,Tropicana Field,Tampa Bay Rays,Minnesota Twins,R,6,1,Tampa Bay Rays,Minnesota Twins,Home,5,Shane McClanahan,Bailey Ober,,Ben Williamson,Tampa Bay Rays,"3-4, 0 HR, 2 RBI",Shane McClanahan,Tampa Bay Rays,"5.0 IP, 7 K, 0 ER"
824613,2026-04-25,Rate Field,Chicago White Sox,Washington Nationals,R,3,6,Washington Nationals,Chicago White Sox,Away,3,Cionel Pérez,Jordan Leasure,,Nasim Nuñez,Washington Nationals,"2-4, 0 HR, 4 RBI",Jake Irvin,Washington Nationals,"5.2 IP, 9 K, 0 ER"
825093,2026-04-25,Estadio Alfredo Harp Helu,Arizona Diamondbacks,San Diego Padres,R,4,6,San Diego Padres,Arizona Diamondbacks,Away,2,Germán Márquez,Taylor Clarke,Mason Miller,Ty France,San Diego Padres,"2-4, 2 HR, 2 RBI",Brandon Pfaadt,Arizona Diamondbacks,"3.0 IP, 5 K, 4 ER"
822910,2026-04-25,Globe Life Field,Texas Rangers,Athletics,R,4,3,Texas Rangers,Athletics,Home,1,Cole Winn,Jeffrey Springs,Jacob Latz,Corey Seager,Texas Rangers,"2-4, 0 HR, 1 RBI",MacKenzie Gore,Texas Rangers,"5.0 IP, 7 K, 3 ER"
824121,2026-04-25,Kauffman Stadium,Kansas City Royals,Los Angeles Angels,R,12,1,Kansas City Royals,Los Angeles Angels,Home,11,Cole Ragans,Walbert Ureña,,Salvador Perez,Kansas City Royals,"3-5, 1 HR, 2 RBI",Cole Ragans,Kansas City Royals,"6.0 IP, 11 K, 1 ER"
824203,2026-04-25,Daikin Park,Houston Astros,New York Yankees,R,3,8,New York Yankees,Houston Astros,Away,5,Fernando Cruz,Kai-Wei Teng,,José Caballero,New York Yankees,"3-5, 1 HR, 1 RBI",Mike Burrows,Houston Astros,"5.0 IP, 8 K, 2 ER"
823799,2026-04-25,American Family Field,Milwaukee Brewers,Pittsburgh Pirates,R,3,6,Pittsburgh Pirates,Milwaukee Brewers,Away,3,Gregory Soto,Angel Zerpa,Yohan Ramírez,Nick Gonzales,Pittsburgh Pirates,"3-5, 0 HR, 1 RBI",Jacob Misiorowski,Milwaukee Brewers,"6.0 IP, 9 K, 3 ER"
824527,2026-04-25,Great American Ball Park,Cincinnati Reds,Detroit Tigers,R,9,2,Cincinnati Reds,Detroit Tigers,Home,7,Brady Singer,Jack Flaherty,,Sal Stewart,Cincinnati Reds,"3-4, 1 HR, 5 RBI",Drew Anderson,Detroit Tigers,"2.2 IP, 5 K, 1 ER"
823960,2026-04-25,UNIQLO Field at Dodger Stadium,Los Angeles Dodgers,Chicago Cubs,R,12,4,Los Angeles Dodgers,Chicago Cubs,Home,8,Roki Sasaki,Colin Rea,,Seiya Suzuki,Chicago Cubs,"3-4, 1 HR, 1 RBI",Roki Sasaki,Los Angeles Dodgers,"5.0 IP, 5 K, 4 ER"
824933,2026-04-25,Truist Park,Atlanta Braves,Philadelphia Phillies,R,5,8,Philadelphia Phillies,Atlanta Braves,Away,3,Brad Keller,Tyler Kinley,,Ozzie Albies,Atlanta Braves,"3-5, 0 HR, 1 RBI",Zack Wheeler,Philadelphia Phillies,"5.0 IP, 6 K, 2 ER"
823637,2026-04-26,Citi Field,New York Mets,Colorado Rockies,R,0,3,Colorado Rockies,New York Mets,Away,3,Chase Dollander,Kodai Senga,Zach Agnos,Carson Benge,New York Mets,"2-4, 0 HR, 0 RBI",Chase Dollander,Colorado Rockies,"7.0 IP, 7 K, 0 ER"
824852,2026-04-26,Oriole Park at Camden Yards,Baltimore Orioles,Boston Red Sox,R,3,5,Boston Red Sox,Baltimore Orioles,Away,2,Connelly Early,Kyle Bradish,Aroldis Chapman,Gunnar Henderson,Baltimore Orioles,"2-4, 1 HR, 2 RBI",Connelly Early,Boston Red Sox,"6.2 IP, 4 K, 2 ER"
824934,2026-04-26,Truist Park,Atlanta Braves,Philadelphia Phillies,R,6,2,Atlanta Braves,Philadelphia Phillies,Home,4,Chris Sale,Aaron Nola,,Drake Baldwin,Atlanta Braves,"2-3, 0 HR, 1 RBI",Chris Sale,Atlanta Braves,"6.0 IP, 9 K, 0 ER"
822824,2026-04-26,Rogers Centre,Toronto Blue Jays,Cleveland Guardians,R,4,2,Toronto Blue Jays,Cleveland Guardians,Home,2,Braydon Fisher,Slade Cecconi,Louis Varland,Vladimir Guerrero Jr.,Toronto Blue Jays,"3-4, 0 HR, 1 RBI",Slade Cecconi,Cleveland Guardians,"5.2 IP, 5 K, 4 ER"
824528,2026-04-26,Great American Ball Park,Cincinnati Reds,Detroit Tigers,R,3,8,Detroit Tigers,Cincinnati Reds,Away,5,Brant Hurter,Sam Moll,,Gleyber Torres,Detroit Tigers,"3-5, 1 HR, 2 RBI",Rhett Lowder,Cincinnati Reds,"5.0 IP, 7 K, 2 ER"
823635,2026-04-26,Citi Field,New York Mets,Colorado Rockies,R,1,3,Colorado Rockies,New York Mets,Away,2,Jose Quintana,Nolan McLean,Victor Vodnik,Jake McCarthy,Colorado Rockies,"2-3, 0 HR, 1 RBI",Nolan McLean,New York Mets,"5.0 IP, 7 K, 1 ER"
823637,2026-04-26,Citi Field,New York Mets,Colorado Rockies,R,0,3,Colorado Rockies,New York Mets,Away,3,Chase Dollander,Kodai Senga,Zach Agnos,Carson Benge,New York Mets,"2-4, 0 HR, 0 RBI",Chase Dollander,Colorado Rockies,"7.0 IP, 7 K, 0 ER"
822991,2026-04-26,Tropicana Field,Tampa Bay Rays,Minnesota Twins,R,4,2,Tampa Bay Rays,Minnesota Twins,Home,2,Jesse Scholtens,Simeon Woods Richardson,Bryan Baker,Chandler Simpson,Tampa Bay Rays,"3-4, 0 HR, 0 RBI",Cole Sulser,Tampa Bay Rays,"1.1 IP, 2 K, 0 ER"
824612,2026-04-26,Rate Field,Chicago White Sox,Washington Nationals,R,1,2,Washington Nationals,Chicago White Sox,Away,1,Richard Lovelady,Seranthony Domínguez,Paxton Schultz,José Tena,Washington Nationals,"1-1, 1 HR, 1 RBI",Foster Griffin,Washington Nationals,"7.0 IP, 8 K, 0 ER"
824202,2026-04-26,Daikin Park,Houston Astros,New York Yankees,R,7,4,Houston Astros,New York Yankees,Home,3,Spencer Arrighetti,Luis Gil,,Christian Walker,Houston Astros,"3-4, 1 HR, 4 RBI",Spencer Arrighetti,Houston Astros,"7.0 IP, 8 K, 1 ER"
823797,2026-04-26,American Family Field,Milwaukee Brewers,Pittsburgh Pirates,R,5,0,Milwaukee Brewers,Pittsburgh Pirates,Home,5,Kyle Harrison,Carmen Mlodzinski,,Jake Bauers,Milwaukee Brewers,"2-4, 0 HR, 0 RBI",Kyle Harrison,Milwaukee Brewers,"6.0 IP, 12 K, 0 ER"
823068,2026-04-26,Busch Stadium,St. Louis Cardinals,Seattle Mariners,R,2,3,Seattle Mariners,St. Louis Cardinals,Away,1,Eduard Bazardo,JoJo Romero,José A. Ferrer,Nathan Church,St. Louis Cardinals,"2-4, 1 HR, 1 RBI",Michael McGreevy,St. Louis Cardinals,"6.0 IP, 6 K, 1 ER"
822911,2026-04-26,Globe Life Field,Texas Rangers,Athletics,R,1,2,Athletics,Texas Rangers,Away,1,Justin Sterner,Kumar Rocker,Jack Perkins,Carlos Cortes,Athletics,"3-4, 0 HR, 2 RBI",Kumar Rocker,Texas Rangers,"6.0 IP, 3 K, 2 ER"
825094,2026-04-26,Estadio Alfredo Harp Helu,Arizona Diamondbacks,San Diego Padres,R,12,7,Arizona Diamondbacks,San Diego Padres,Home,5,Ryan Thompson,Bradgley Rodriguez,,Ildemaro Vargas,Arizona Diamondbacks,"3-5, 1 HR, 4 RBI",Michael King,San Diego Padres,"6.0 IP, 8 K, 2 ER"
823230,2026-04-26,Oracle Park,San Francisco Giants,Miami Marlins,R,6,3,San Francisco Giants,Miami Marlins,Home,3,Landen Roupp,Andrew Nardi,Erik Miller,Jung Hoo Lee,San Francisco Giants,"4-5, 0 HR, 0 RBI",Landen Roupp,San Francisco Giants,"7.2 IP, 6 K, 3 ER"
824122,2026-04-26,Kauffman Stadium,Kansas City Royals,Los Angeles Angels,R,11,9,Kansas City Royals,Los Angeles Angels,Home,2,Lucas Erceg,Joey Lucchesi,,Lane Thomas,Kansas City Royals,"3-6, 1 HR, 3 RBI",Reid Detmers,Los Angeles Angels,"5.0 IP, 5 K, 3 ER"
823959,2026-04-26,UNIQLO Field at Dodger Stadium,Los Angeles Dodgers,Chicago Cubs,R,6,0,Los Angeles Dodgers,Chicago Cubs,Home,6,Justin Wrobleski,Shota Imanaga,,Shohei Ohtani,Los Angeles Dodgers,"3-3, 1 HR, 1 RBI",Justin Wrobleski,Los Angeles Dodgers,"6.0 IP, 6 K, 0 ER"
824446,2026-04-27,Progressive Field,Cleveland Guardians,Tampa Bay Rays,R,2,3,Tampa Bay Rays,Cleveland Guardians,Away,1,Steven Matz,Hunter Gaddis,Bryan Baker,Ryan Vilade,Tampa Bay Rays,"3-4, 0 HR, 2 RBI",Parker Messick,Cleveland Guardians,"5.2 IP, 9 K, 1 ER"
823395,2026-04-27,PNC Park,Pittsburgh Pirates,St. Louis Cardinals,R,2,4,St. Louis Cardinals,Pittsburgh Pirates,Away,2,Ryan Fernandez,Dennis Santana,George Soriano,Nick Gonzales,Pittsburgh Pirates,"3-4, 0 HR, 0 RBI",Ryan Fernandez,St. Louis Cardinals,"2.0 IP, 4 K, 0 ER"
822825,2026-04-27,Rogers Centre,Toronto Blue Jays,Boston Red Sox,R,0,5,Boston Red Sox,Toronto Blue Jays,Away,5,Ranger Suarez,Dylan Cease,,Wilyer Abreu,Boston Red Sox,"2-4, 0 HR, 1 RBI",Ranger Suarez,Boston Red Sox,"8.0 IP, 10 K, 0 ER"
823719,2026-04-27,Target Field,Minnesota Twins,Seattle Mariners,R,11,4,Minnesota Twins,Seattle Mariners,Home,7,Connor Prielipp,Luis Castillo,,Kody Clemens,Minnesota Twins,"2-5, 1 HR, 5 RBI",Connor Prielipp,Minnesota Twins,"5.0 IP, 5 K, 2 ER"
824609,2026-04-27,Rate Field,Chicago White Sox,Los Angeles Angels,R,8,7,Chicago White Sox,Los Angeles Angels,Home,1,Osvaldo Bido,Nick Sandlin,Bryan Hudson,Munetaka Murakami,Chicago White Sox,"2-4, 1 HR, 3 RBI",Jack Kochanowicz,Los Angeles Angels,"6.0 IP, 5 K, 2 ER"
822906,2026-04-27,Globe Life Field,Texas Rangers,New York Yankees,R,2,4,New York Yankees,Texas Rangers,Away,2,Max Fried,Jack Leiter,David Bednar,Aaron Judge,New York Yankees,"3-3, 1 HR, 1 RBI",Max Fried,New York Yankees,"6.0 IP, 5 K, 0 ER"
823311,2026-04-27,Petco Park,San Diego Padres,Chicago Cubs,R,9,7,San Diego Padres,Chicago Cubs,Home,2,Randy Vásquez,Ben Brown,,Manny Machado,San Diego Padres,"3-4, 0 HR, 0 RBI",Randy Vásquez,San Diego Padres,"5.0 IP, 4 K, 5 ER"
823961,2026-04-27,UNIQLO Field at Dodger Stadium,Los Angeles Dodgers,Miami Marlins,R,5,4,Los Angeles Dodgers,Miami Marlins,Home,1,Jake Eder,Pete Fairbanks,,Shohei Ohtani,Los Angeles Dodgers,"3-5, 0 HR, 1 RBI",Yoshinobu Yamamoto,Los Angeles Dodgers,"5.0 IP, 4 K, 3 ER"
824447,2026-04-28,Progressive Field,Cleveland Guardians,Tampa Bay Rays,R,0,1,Tampa Bay Rays,Cleveland Guardians,Away,1,Nick Martinez,Tanner Bibee,Cole Sulser,Jonathan Aranda,Tampa Bay Rays,"1-4, 0 HR, 1 RBI",Tanner Bibee,Cleveland Guardians,"5.0 IP, 6 K, 1 ER"
824849,2026-04-28,Oriole Park at Camden Yards,Baltimore Orioles,Houston Astros,R,5,3,Baltimore Orioles,Houston Astros,Home,2,Shane Baz,Kai-Wei Teng,Ryan Helsley,Brice Matthews,Houston Astros,"3-4, 1 HR, 2 RBI",Shane Baz,Baltimore Orioles,"5.2 IP, 6 K, 1 ER"
824526,2026-04-28,Great American Ball Park,Cincinnati Reds,Colorado Rockies,R,7,2,Cincinnati Reds,Colorado Rockies,Home,5,Chase Burns,Kyle Freeland,,Elly De La Cruz,Cincinnati Reds,"3-4, 1 HR, 4 RBI",Chase Burns,Cincinnati Reds,"6.0 IP, 9 K, 2 ER"
823390,2026-04-28,PNC Park,Pittsburgh Pirates,St. Louis Cardinals,R,7,11,St. Louis Cardinals,Pittsburgh Pirates,Away,4,Kyle Leahy,Braxton Ashcraft,,Ryan O'Hearn,Pittsburgh Pirates,"2-4, 1 HR, 3 RBI",Braxton Ashcraft,Pittsburgh Pirates,"4.1 IP, 7 K, 6 ER"
823473,2026-04-28,Citizens Bank Park,Philadelphia Phillies,San Francisco Giants,R,7,0,Philadelphia Phillies,San Francisco Giants,Home,7,Jesús Luzardo,Tyler Mahle,,Trea Turner,Philadelphia Phillies,"4-5, 0 HR, 1 RBI",Jesús Luzardo,Philadelphia Phillies,"7.0 IP, 8 K, 0 ER"
822823,2026-04-28,Rogers Centre,Toronto Blue Jays,Boston Red Sox,R,3,0,Toronto Blue Jays,Boston Red Sox,Home,3,Trey Yesavage,Payton Tolle,Louis Varland,Vladimir Guerrero Jr.,Toronto Blue Jays,"2-3, 0 HR, 1 RBI",Payton Tolle,Boston Red Sox,"4.2 IP, 4 K, 3 ER"
823636,2026-04-28,Citi Field,New York Mets,Washington Nationals,R,8,0,New York Mets,Washington Nationals,Home,8,Clay Holmes,Zack Littell,,Carson Benge,New York Mets,"2-4, 0 HR, 2 RBI",Clay Holmes,New York Mets,"6.0 IP, 6 K, 0 ER"
824931,2026-04-28,Truist Park,Atlanta Braves,Detroit Tigers,R,5,2,Atlanta Braves,Detroit Tigers,Home,3,Martín Pérez,Casey Mize,,Ronald Acuña Jr.,Atlanta Braves,"2-4, 0 HR, 1 RBI",Martín Pérez,Atlanta Braves,"5.0 IP, 5 K, 0 ER"
823716,2026-04-28,Target Field,Minnesota Twins,Seattle Mariners,R,1,7,Seattle Mariners,Minnesota Twins,Away,6,Eduard Bazardo,Joe Ryan,,Josh Naylor,Seattle Mariners,"3-5, 1 HR, 4 RBI",Joe Ryan,Minnesota Twins,"6.0 IP, 6 K, 2 ER"
824610,2026-04-28,Rate Field,Chicago White Sox,Los Angeles Angels,R,5,2,Chicago White Sox,Los Angeles Angels,Home,3,Davis Martin,José Soriano,Seranthony Domínguez,Drew Romo,Chicago White Sox,"2-3, 2 HR, 3 RBI",Davis Martin,Chicago White Sox,"5.2 IP, 7 K, 1 ER"
823798,2026-04-28,American Family Field,Milwaukee Brewers,Arizona Diamondbacks,R,13,2,Milwaukee Brewers,Arizona Diamondbacks,Home,11,Chad Patrick,Merrill Kelly,Jake Woodford,Tyler Black,Milwaukee Brewers,"3-5, 0 HR, 3 RBI",Chad Patrick,Milwaukee Brewers,"5.0 IP, 5 K, 2 ER"
822908,2026-04-28,Globe Life Field,Texas Rangers,New York Yankees,R,2,3,New York Yankees,Texas Rangers,Away,1,Cam Schlittler,Jacob deGrom,David Bednar,Aaron Judge,New York Yankees,"2-4, 1 HR, 1 RBI",Cam Schlittler,New York Yankees,"6.0 IP, 8 K, 0 ER"
825017,2026-04-28,Sutter Health Park,Athletics,Kansas City Royals,R,1,4,Kansas City Royals,Athletics,Away,3,Nick Mears,Justin Sterner,Lucas Erceg,Shea Langeliers,Athletics,"3-5, 0 HR, 0 RBI",Kris Bubic,Kansas City Royals,"5.0 IP, 6 K, 1 ER"
823310,2026-04-28,Petco Park,San Diego Padres,Chicago Cubs,R,3,8,Chicago Cubs,San Diego Padres,Away,5,Edward Cabrera,Kyle Hart,,Ty France,San Diego Padres,"2-4, 0 HR, 1 RBI",Edward Cabrera,Chicago Cubs,"5.2 IP, 7 K, 3 ER"
823956,2026-04-28,UNIQLO Field at Dodger Stadium,Los Angeles Dodgers,Miami Marlins,R,1,2,Miami Marlins,Los Angeles Dodgers,Away,1,Janson Junk,Shohei Ohtani,Tyler Phillips,Will Smith,Los Angeles Dodgers,"3-4, 0 HR, 1 RBI",Shohei Ohtani,Los Angeles Dodgers,"6.0 IP, 9 K, 1 ER"
824445,2026-04-29,Progressive Field,Cleveland Guardians,Tampa Bay Rays,R,3,1,Cleveland Guardians,Tampa Bay Rays,Home,2,Gavin Williams,Drew Rasmussen,Cade Smith,Brayan Rocchio,Cleveland Guardians,"3-4, 0 HR, 0 RBI",Gavin Williams,Cleveland Guardians,"7.2 IP, 9 K, 0 ER"
824608,2026-04-29,Rate Field,Chicago White Sox,Los Angeles Angels,R,3,2,Chicago White Sox,Los Angeles Angels,Home,1,Seranthony Domínguez,Drew Pomeranz,,Austin Hays,Chicago White Sox,"2-5, 0 HR, 0 RBI",Erick Fedde,Chicago White Sox,"7.0 IP, 6 K, 2 ER"
823717,2026-04-29,Target Field,Minnesota Twins,Seattle Mariners,R,3,5,Seattle Mariners,Minnesota Twins,Away,2,Cooper Criswell,Eric Orze,Andrés Muñoz,J.P. Crawford,Seattle Mariners,"2-3, 1 HR, 1 RBI",Taj Bradley,Minnesota Twins,"7.0 IP, 7 K, 2 ER"
822907,2026-04-29,Globe Life Field,Texas Rangers,New York Yankees,R,3,0,Texas Rangers,New York Yankees,Home,3,Nathan Eovaldi,Elmer Rodríguez,Jacob Latz,Ben Rice,New York Yankees,"3-4, 0 HR, 0 RBI",Nathan Eovaldi,Texas Rangers,"7.0 IP, 7 K, 0 ER"
822821,2026-04-29,Rogers Centre,Toronto Blue Jays,Boston Red Sox,R,8,1,Toronto Blue Jays,Boston Red Sox,Home,7,Braydon Fisher,Brayan Bello,,Vladimir Guerrero Jr.,Toronto Blue Jays,"3-3, 0 HR, 0 RBI",Spencer Miles,Toronto Blue Jays,"2.0 IP, 3 K, 0 ER"
823958,2026-04-29,UNIQLO Field at Dodger Stadium,Los Angeles Dodgers,Miami Marlins,R,2,3,Miami Marlins,Los Angeles Dodgers,Away,1,Andrew Nardi,Will Klein,Calvin Faucher,Esteury Ruiz,Miami Marlins,"2-4, 1 HR, 1 RBI",Tyler Glasnow,Los Angeles Dodgers,"5.2 IP, 9 K, 2 ER"
823312,2026-04-29,Petco Park,San Diego Padres,Chicago Cubs,R,4,5,Chicago Cubs,San Diego Padres,Away,1,Jameson Taillon,Adrian Morejon,Hoby Milner,Matt Shaw,Chicago Cubs,"3-4, 1 HR, 1 RBI",Jameson Taillon,Chicago Cubs,"7.0 IP, 6 K, 3 ER"
824525,2026-04-29,Great American Ball Park,Cincinnati Reds,Colorado Rockies,R,2,13,Colorado Rockies,Cincinnati Reds,Away,11,Tomoyuki Sugano,Brandon Williamson,,Hunter Goodman,Colorado Rockies,"3-4, 2 HR, 3 RBI",Luis Mey,Cincinnati Reds,"2.0 IP, 4 K, 1 ER"
823392,2026-04-29,PNC Park,Pittsburgh Pirates,St. Louis Cardinals,R,4,5,St. Louis Cardinals,Pittsburgh Pirates,Away,1,Andre Pallante,Bubba Chandler,Riley O'Brien,JJ Wetherholt,St. Louis Cardinals,"2-5, 0 HR, 1 RBI",Bubba Chandler,Pittsburgh Pirates,"5.0 IP, 6 K, 3 ER"
823633,2026-04-29,Citi Field,New York Mets,Washington Nationals,R,2,14,Washington Nationals,New York Mets,Away,12,Cade Cavalli,David Peterson,,Curtis Mead,Washington Nationals,"4-5, 1 HR, 2 RBI",Cade Cavalli,Washington Nationals,"6.0 IP, 10 K, 2 ER"
824930,2026-04-29,Truist Park,Atlanta Braves,Detroit Tigers,R,4,3,Atlanta Braves,Detroit Tigers,Home,1,Reynaldo López,Kenley Jansen,,Matt Olson,Atlanta Braves,"2-4, 1 HR, 2 RBI",Tarik Skubal,Detroit Tigers,"7.0 IP, 7 K, 2 ER"
823796,2026-04-29,American Family Field,Milwaukee Brewers,Arizona Diamondbacks,R,2,6,Arizona Diamondbacks,Milwaukee Brewers,Away,4,Kevin Ginkel,Brandon Sproat,,Ketel Marte,Arizona Diamondbacks,"2-5, 1 HR, 1 RBI",Brandon Sproat,Milwaukee Brewers,"4.1 IP, 5 K, 4 ER"
825015,2026-04-29,Sutter Health Park,Athletics,Kansas City Royals,R,5,2,Athletics,Kansas City Royals,Home,3,Luis Severino,Michael Wacha,Mark Leiter Jr.,Jeff McNeil,Athletics,"2-3, 0 HR, 1 RBI",Luis Severino,Athletics,"7.0 IP, 8 K, 1 ER"
823471,2026-04-30,Citizens Bank Park,Philadelphia Phillies,San Francisco Giants,R,6,5,Philadelphia Phillies,San Francisco Giants,Home,1,Chase Shugart,Matt Gage,,Kyle Schwarber,Philadelphia Phillies,"4-4, 1 HR, 2 RBI",Trevor Richards,Philadelphia Phillies,"2.1 IP, 3 K, 1 ER"
824850,2026-04-30,Oriole Park at Camden Yards,Baltimore Orioles,Houston Astros,R,5,11,Houston Astros,Baltimore Orioles,Away,6,Lance McCullers Jr.,Brandon Young,,Yordan Alvarez,Houston Astros,"3-4, 1 HR, 1 RBI",Lance McCullers Jr.,Houston Astros,"6.0 IP, 9 K, 3 ER"
824929,2026-04-30,Truist Park,Atlanta Braves,Detroit Tigers,R,2,5,Detroit Tigers,Atlanta Braves,Away,3,Drew Anderson,Joel Payamps,Kyle Finnegan,Matt Vierling,Detroit Tigers,"3-5, 0 HR, 2 RBI",Framber Valdez,Detroit Tigers,"6.0 IP, 8 K, 2 ER"
824848,2026-04-30,Oriole Park at Camden Yards,Baltimore Orioles,Houston Astros,R,10,3,Baltimore Orioles,Houston Astros,Home,7,Chris Bassitt,Peter Lambert,,Isaac Paredes,Houston Astros,"3-4, 0 HR, 0 RBI",Chris Bassitt,Baltimore Orioles,"6.2 IP, 7 K, 1 ER"
824850,2026-04-30,Oriole Park at Camden Yards,Baltimore Orioles,Houston Astros,R,5,11,Houston Astros,Baltimore Orioles,Away,6,Lance McCullers Jr.,Brandon Young,,Yordan Alvarez,Houston Astros,"3-4, 1 HR, 1 RBI",Lance McCullers Jr.,Houston Astros,"6.0 IP, 9 K, 3 ER"
823391,2026-04-30,PNC Park,Pittsburgh Pirates,St. Louis Cardinals,R,5,10,St. Louis Cardinals,Pittsburgh Pirates,Away,5,Gordon Graceffo,Paul Skenes,,Alec Burleson,St. Louis Cardinals,"3-5, 0 HR, 3 RBI",Paul Skenes,Pittsburgh Pirates,"5.0 IP, 9 K, 3 ER"
823472,2026-04-30,Citizens Bank Park,Philadelphia Phillies,San Francisco Giants,R,3,2,Philadelphia Phillies,San Francisco Giants,Home,1,Chase Shugart,Ryan Walker,,Justin Crawford,Philadelphia Phillies,"3-4, 0 HR, 1 RBI",Cristopher Sánchez,Philadelphia Phillies,"6.2 IP, 7 K, 2 ER"
823471,2026-04-30,Citizens Bank Park,Philadelphia Phillies,San Francisco Giants,R,6,5,Philadelphia Phillies,San Francisco Giants,Home,1,Chase Shugart,Matt Gage,,Kyle Schwarber,Philadelphia Phillies,"4-4, 1 HR, 2 RBI",Trevor Richards,Philadelphia Phillies,"2.1 IP, 3 K, 1 ER"
824524,2026-04-30,Great American Ball Park,Cincinnati Reds,Colorado Rockies,R,6,4,Cincinnati Reds,Colorado Rockies,Home,2,Andrew Abbott,Michael Lorenzen,,Tyler Freeman,Colorado Rockies,"2-4, 1 HR, 2 RBI",Andrew Abbott,Cincinnati Reds,"6.0 IP, 5 K, 2 ER"
823634,2026-04-30,Citi Field,New York Mets,Washington Nationals,R,4,5,Washington Nationals,New York Mets,Away,1,Mitchell Parker,Luke Weaver,Gus Varland,MJ Melendez,New York Mets,"2-2, 1 HR, 3 RBI",Freddy Peralta,New York Mets,"6.0 IP, 6 K, 1 ER"
823795,2026-04-30,American Family Field,Milwaukee Brewers,Arizona Diamondbacks,R,13,1,Milwaukee Brewers,Arizona Diamondbacks,Home,12,Shane Drohan,Michael Soroka,,William Contreras,Milwaukee Brewers,"4-4, 1 HR, 4 RBI",Shane Drohan,Milwaukee Brewers,"4.0 IP, 4 K, 1 ER"
825016,2026-04-30,Sutter Health Park,Athletics,Kansas City Royals,R,6,3,Athletics,Kansas City Royals,Home,3,Luis Medina,Noah Cameron,Jack Perkins,Maikel Garcia,Kansas City Royals,"3-5, 1 HR, 1 RBI",Noah Cameron,Kansas City Royals,"5.1 IP, 5 K, 4 ER"
823714,2026-04-30,Target Field,Minnesota Twins,Toronto Blue Jays,R,7,1,Minnesota Twins,Toronto Blue Jays,Home,6,Bailey Ober,Kevin Gausman,,Byron Buxton,Minnesota Twins,"3-4, 1 HR, 1 RBI",Tommy Nance,Toronto Blue Jays,"1.1 IP, 3 K, 0 ER"
824686,2026-05-01,Wrigley Field,Chicago Cubs,Arizona Diamondbacks,R,6,5,Chicago Cubs,Arizona Diamondbacks,Home,1,Colin Rea,Zac Gallen,Jacob Webb,Ildemaro Vargas,Arizona Diamondbacks,"4-4, 0 HR, 1 RBI",Colin Rea,Chicago Cubs,"5.1 IP, 6 K, 2 ER"
824287,2026-05-01,Comerica Park,Detroit Tigers,Texas Rangers,R,4,5,Texas Rangers,Detroit Tigers,Away,1,Tyler Alexander,Burch Smith,Jacob Latz,Josh Jung,Texas Rangers,"2-5, 0 HR, 2 RBI",Jack Flaherty,Detroit Tigers,"3.2 IP, 4 K, 4 ER"
823389,2026-05-01,PNC Park,Pittsburgh Pirates,Cincinnati Reds,R,9,1,Pittsburgh Pirates,Cincinnati Reds,Home,8,Mitch Keller,Brady Singer,,Nick Gonzales,Pittsburgh Pirates,"3-4, 0 HR, 0 RBI",Mitch Keller,Pittsburgh Pirates,"7.0 IP, 6 K, 1 ER"
822744,2026-05-01,Nationals Park,Washington Nationals,Milwaukee Brewers,R,1,6,Milwaukee Brewers,Washington Nationals,Away,5,Jacob Misiorowski,Jake Irvin,,William Contreras,Milwaukee Brewers,"4-5, 0 HR, 3 RBI",Jacob Misiorowski,Milwaukee Brewers,"5.1 IP, 8 K, 0 ER"
823557,2026-05-01,Yankee Stadium,New York Yankees,Baltimore Orioles,R,7,2,New York Yankees,Baltimore Orioles,Home,5,Will Warren,Cade Povich,,Ben Rice,New York Yankees,"2-5, 1 HR, 3 RBI",Will Warren,New York Yankees,"6.1 IP, 9 K, 1 ER"
824772,2026-05-01,Fenway Park,Boston Red Sox,Houston Astros,R,3,1,Boston Red Sox,Houston Astros,Home,2,Jake Bennett,Mike Burrows,Aroldis Chapman,Carlos Correa,Houston Astros,"3-5, 1 HR, 1 RBI",Jake Bennett,Boston Red Sox,"5.0 IP, 3 K, 1 ER"
822990,2026-05-01,Tropicana Field,Tampa Bay Rays,San Francisco Giants,R,3,0,Tampa Bay Rays,San Francisco Giants,Home,3,Shane McClanahan,Robbie Ray,Bryan Baker,Taylor Walls,Tampa Bay Rays,"2-3, 0 HR, 0 RBI",Shane McClanahan,Tampa Bay Rays,"6.0 IP, 5 K, 0 ER"
823877,2026-05-01,loanDepot park,Miami Marlins,Philadelphia Phillies,R,5,6,Philadelphia Phillies,Miami Marlins,Away,1,Zack Wheeler,Eury Pérez,Brad Keller,Otto Lopez,Miami Marlins,"3-5, 0 HR, 2 RBI",Zack Wheeler,Philadelphia Phillies,"6.0 IP, 8 K, 1 ER"
823713,2026-05-01,Target Field,Minnesota Twins,Toronto Blue Jays,R,3,7,Toronto Blue Jays,Minnesota Twins,Away,4,Patrick Corbin,Simeon Woods Richardson,,Yohendrick Piñango,Toronto Blue Jays,"3-4, 0 HR, 2 RBI",Patrick Corbin,Toronto Blue Jays,"5.1 IP, 4 K, 2 ER"
823066,2026-05-01,Busch Stadium,St. Louis Cardinals,Los Angeles Dodgers,R,7,2,St. Louis Cardinals,Los Angeles Dodgers,Home,5,Matthew Liberatore,Emmet Sheehan,,Jordan Walker,St. Louis Cardinals,"4-4, 0 HR, 2 RBI",Emmet Sheehan,Los Angeles Dodgers,"4.2 IP, 8 K, 4 ER"
824366,2026-05-01,Coors Field,Colorado Rockies,Atlanta Braves,R,6,8,Atlanta Braves,Colorado Rockies,Away,2,Didier Fuentes,Juan Mejia,Robert Suarez,Mickey Moniak,Colorado Rockies,"2-5, 1 HR, 1 RBI",Grant Holmes,Atlanta Braves,"5.0 IP, 4 K, 5 ER"
824041,2026-05-01,Angel Stadium,Los Angeles Angels,New York Mets,R,3,4,New York Mets,Los Angeles Angels,Away,1,Huascar Brazobán,José Fermin,Devin Williams,Bo Bichette,New York Mets,"2-4, 0 HR, 0 RBI",Christian Scott,New York Mets,"5.0 IP, 8 K, 2 ER"
825012,2026-05-01,Sutter Health Park,Athletics,Cleveland Guardians,R,5,8,Cleveland Guardians,Athletics,Away,3,Erik Sabrowski,J.T. Ginn,Cade Smith,Chase DeLauter,Cleveland Guardians,"4-4, 0 HR, 2 RBI",J.T. Ginn,Athletics,"4.1 IP, 4 K, 5 ER"
823309,2026-05-01,Petco Park,San Diego Padres,Chicago White Sox,R,2,8,Chicago White Sox,San Diego Padres,Away,6,Noah Schultz,Germán Márquez,,Fernando Tatis Jr.,San Diego Padres,"3-3, 0 HR, 0 RBI",Wandy Peralta,San Diego Padres,"2.0 IP, 2 K, 0 ER"
823146,2026-05-01,T-Mobile Park,Seattle Mariners,Kansas City Royals,R,6,7,Kansas City Royals,Seattle Mariners,Away,1,Daniel Lynch IV,José A. Ferrer,Lucas Erceg,Julio Rodríguez,Seattle Mariners,"2-4, 2 HR, 4 RBI",Cole Ragans,Kansas City Royals,"5.1 IP, 8 K, 4 ER"
823554,2026-05-02,Yankee Stadium,New York Yankees,Baltimore Orioles,R,9,4,New York Yankees,Baltimore Orioles,Home,5,Ryan Weathers,Kyle Bradish,,Cody Bellinger,New York Yankees,"4-4, 2 HR, 4 RBI",Ryan Weathers,New York Yankees,"5.0 IP, 5 K, 1 ER"
823715,2026-05-02,Target Field,Minnesota Twins,Toronto Blue Jays,R,4,11,Toronto Blue Jays,Minnesota Twins,Away,7,Dylan Cease,Luis García,,Lenyn Sosa,Toronto Blue Jays,"2-5, 1 HR, 2 RBI",Dylan Cease,Toronto Blue Jays,"7.0 IP, 7 K, 3 ER"
824685,2026-05-02,Wrigley Field,Chicago Cubs,Arizona Diamondbacks,R,2,0,Chicago Cubs,Arizona Diamondbacks,Home,2,Shota Imanaga,Ryne Nelson,Ben Brown,Ian Happ,Chicago Cubs,"3-3, 1 HR, 1 RBI",Shota Imanaga,Chicago Cubs,"7.0 IP, 5 K, 0 ER"
825014,2026-05-02,Sutter Health Park,Athletics,Cleveland Guardians,R,6,14,Cleveland Guardians,Athletics,Away,8,Slade Cecconi,Jacob Lopez,,Shea Langeliers,Athletics,"3-5, 2 HR, 3 RBI",Jacob Lopez,Athletics,"5.1 IP, 5 K, 6 ER"
823388,2026-05-02,PNC Park,Pittsburgh Pirates,Cincinnati Reds,R,17,7,Pittsburgh Pirates,Cincinnati Reds,Home,10,Carmen Mlodzinski,Rhett Lowder,,Konnor Griffin,Pittsburgh Pirates,"4-5, 0 HR, 2 RBI",Carmen Mlodzinski,Pittsburgh Pirates,"5.2 IP, 10 K, 5 ER"
822746,2026-05-02,Nationals Park,Washington Nationals,Milwaukee Brewers,R,1,4,Milwaukee Brewers,Washington Nationals,Away,3,Kyle Harrison,Foster Griffin,Abner Uribe,Brandon Lockridge,Milwaukee Brewers,"2-4, 0 HR, 2 RBI",Kyle Harrison,Milwaukee Brewers,"6.0 IP, 5 K, 1 ER"
824771,2026-05-02,Fenway Park,Boston Red Sox,Houston Astros,R,3,6,Houston Astros,Boston Red Sox,Away,3,Spencer Arrighetti,Connelly Early,Bryan King,Christian Walker,Houston Astros,"3-4, 1 HR, 2 RBI",Ryan Watson,Boston Red Sox,"3.0 IP, 4 K, 1 ER"
823876,2026-05-02,loanDepot park,Miami Marlins,Philadelphia Phillies,R,4,0,Miami Marlins,Philadelphia Phillies,Home,4,Max Meyer,Andrew Painter,,Xavier Edwards,Miami Marlins,"2-4, 1 HR, 1 RBI",Max Meyer,Miami Marlins,"7.0 IP, 7 K, 0 ER"
822988,2026-05-02,Tropicana Field,Tampa Bay Rays,San Francisco Giants,R,5,1,Tampa Bay Rays,San Francisco Giants,Home,4,Jesse Scholtens,Landen Roupp,,Luis Arraez,San Francisco Giants,"3-4, 0 HR, 0 RBI",Landen Roupp,San Francisco Giants,"4.1 IP, 6 K, 4 ER"
823067,2026-05-02,Busch Stadium,St. Louis Cardinals,Los Angeles Dodgers,R,3,2,St. Louis Cardinals,Los Angeles Dodgers,Home,1,Michael McGreevy,Roki Sasaki,Riley O'Brien,Jordan Walker,St. Louis Cardinals,"2-4, 1 HR, 2 RBI",Roki Sasaki,Los Angeles Dodgers,"6.0 IP, 4 K, 3 ER"
824284,2026-05-02,Comerica Park,Detroit Tigers,Texas Rangers,R,5,1,Detroit Tigers,Texas Rangers,Home,4,Keider Montero,Kumar Rocker,,Dillon Dingler,Detroit Tigers,"2-4, 1 HR, 3 RBI",Drew Anderson,Detroit Tigers,"2.1 IP, 3 K, 0 ER"
824365,2026-05-02,Coors Field,Colorado Rockies,Atlanta Braves,R,1,9,Atlanta Braves,Colorado Rockies,Away,8,Chris Sale,Brennan Bernardino,,Drake Baldwin,Atlanta Braves,"3-4, 1 HR, 4 RBI",Chris Sale,Atlanta Braves,"7.0 IP, 11 K, 1 ER"
823308,2026-05-02,Petco Park,San Diego Padres,Chicago White Sox,R,0,4,Chicago White Sox,San Diego Padres,Away,4,Sean Burke,Michael King,Seranthony Domínguez,Jackson Merrill,San Diego Padres,"2-4, 0 HR, 0 RBI",Sean Burke,Chicago White Sox,"6.0 IP, 8 K, 0 ER"
824042,2026-05-02,Angel Stadium,Los Angeles Angels,New York Mets,R,4,3,Los Angeles Angels,New York Mets,Home,1,Ryan Zeferjahn,Austin Warren,,Oswald Peraza,Los Angeles Angels,"3-5, 0 HR, 1 RBI",Reid Detmers,Los Angeles Angels,"6.1 IP, 8 K, 3 ER"
823144,2026-05-02,T-Mobile Park,Seattle Mariners,Kansas City Royals,R,2,3,Kansas City Royals,Seattle Mariners,Away,1,Matt Strahm,Cooper Criswell,Lucas Erceg,Jac Caglianone,Kansas City Royals,"2-4, 0 HR, 1 RBI",Emerson Hancock,Seattle Mariners,"7.0 IP, 14 K, 1 ER"
823711,2026-05-03,Target Field,Minnesota Twins,Toronto Blue Jays,R,4,3,Minnesota Twins,Toronto Blue Jays,Home,1,Andrew Morris,Trey Yesavage,Justin Topa,Jesús Sánchez,Toronto Blue Jays,"3-5, 0 HR, 0 RBI",Trey Yesavage,Toronto Blue Jays,"4.0 IP, 6 K, 1 ER"
824769,2026-05-03,Fenway Park,Boston Red Sox,Houston Astros,R,1,3,Houston Astros,Boston Red Sox,Away,2,Bryan Abreu,Zack Kelly,,Cam Smith,Houston Astros,"3-5, 0 HR, 2 RBI",AJ Blubaugh,Houston Astros,"3.2 IP, 5 K, 1 ER"
823387,2026-05-03,PNC Park,Pittsburgh Pirates,Cincinnati Reds,R,1,0,Pittsburgh Pirates,Cincinnati Reds,Home,1,Gregory Soto,Tony Santillan,,Oneil Cruz,Pittsburgh Pirates,"2-4, 0 HR, 1 RBI",Chase Burns,Cincinnati Reds,"7.0 IP, 7 K, 0 ER"
823555,2026-05-03,Yankee Stadium,New York Yankees,Baltimore Orioles,R,11,3,New York Yankees,Baltimore Orioles,Home,8,Fernando Cruz,Grant Wolfram,,Jasson Domínguez,New York Yankees,"3-5, 1 HR, 3 RBI",Max Fried,New York Yankees,"5.1 IP, 6 K, 3 ER"
822742,2026-05-03,Nationals Park,Washington Nationals,Milwaukee Brewers,R,3,2,Washington Nationals,Milwaukee Brewers,Home,1,Zack Littell,Logan Henderson,Richard Lovelady,Nasim Nuñez,Washington Nationals,"2-3, 0 HR, 2 RBI",Logan Henderson,Milwaukee Brewers,"6.0 IP, 8 K, 2 ER"
822987,2026-05-03,Tropicana Field,Tampa Bay Rays,San Francisco Giants,R,2,1,Tampa Bay Rays,San Francisco Giants,Home,1,Ian Seymour,Caleb Kilian,,Jonathan Aranda,Tampa Bay Rays,"4-5, 0 HR, 1 RBI",Tyler Mahle,San Francisco Giants,"5.1 IP, 5 K, 0 ER"
823875,2026-05-03,loanDepot park,Miami Marlins,Philadelphia Phillies,R,2,7,Philadelphia Phillies,Miami Marlins,Away,5,Jesús Luzardo,Chris Paddack,,Brandon Marsh,Philadelphia Phillies,"2-4, 0 HR, 1 RBI",Jesús Luzardo,Philadelphia Phillies,"6.1 IP, 10 K, 2 ER"
823065,2026-05-03,Busch Stadium,St. Louis Cardinals,Los Angeles Dodgers,R,1,4,Los Angeles Dodgers,St. Louis Cardinals,Away,3,Justin Wrobleski,Dustin May,Tanner Scott,Freddie Freeman,Los Angeles Dodgers,"2-5, 0 HR, 1 RBI",Dustin May,St. Louis Cardinals,"6.0 IP, 3 K, 3 ER"
824687,2026-05-03,Wrigley Field,Chicago Cubs,Arizona Diamondbacks,R,8,4,Chicago Cubs,Arizona Diamondbacks,Home,4,Matthew Boyd,Merrill Kelly,,Moisés Ballesteros,Chicago Cubs,"2-4, 1 HR, 2 RBI",Matthew Boyd,Chicago Cubs,"6.0 IP, 5 K, 2 ER"
824364,2026-05-03,Coors Field,Colorado Rockies,Atlanta Braves,R,6,11,Atlanta Braves,Colorado Rockies,Away,5,Aaron Bummer,Kyle Freeland,,TJ Rumfield,Colorado Rockies,"3-5, 1 HR, 2 RBI",Kyle Freeland,Colorado Rockies,"4.1 IP, 7 K, 6 ER"
825013,2026-05-03,Sutter Health Park,Athletics,Cleveland Guardians,R,7,1,Athletics,Cleveland Guardians,Home,6,Aaron Civale,Parker Messick,,Tyler Soderstrom,Athletics,"3-4, 1 HR, 1 RBI",Parker Messick,Cleveland Guardians,"5.0 IP, 6 K, 4 ER"
824043,2026-05-03,Angel Stadium,Los Angeles Angels,New York Mets,R,1,5,New York Mets,Los Angeles Angels,Away,4,Clay Holmes,Jack Kochanowicz,,Mark Vientos,New York Mets,"2-4, 2 HR, 4 RBI",Jack Kochanowicz,Los Angeles Angels,"6.1 IP, 6 K, 2 ER"
823145,2026-05-03,T-Mobile Park,Seattle Mariners,Kansas City Royals,R,1,4,Kansas City Royals,Seattle Mariners,Away,3,Kris Bubic,Luis Castillo,Daniel Lynch IV,Isaac Collins,Kansas City Royals,"2-2, 0 HR, 2 RBI",Kris Bubic,Kansas City Royals,"7.0 IP, 7 K, 1 ER"
823307,2026-05-03,Petco Park,San Diego Padres,Chicago White Sox,R,4,3,San Diego Padres,Chicago White Sox,Home,1,Jason Adam,Tyler Davis,Mason Miller,Manny Machado,San Diego Padres,"2-4, 1 HR, 1 RBI",Griffin Canning,San Diego Padres,"5.0 IP, 7 K, 1 ER"
824285,2026-05-03,Comerica Park,Detroit Tigers,Texas Rangers,R,7,1,Detroit Tigers,Texas Rangers,Home,6,Brant Hurter,Jack Leiter,,Kevin McGonigle,Detroit Tigers,"2-4, 0 HR, 2 RBI",Jack Leiter,Texas Rangers,"6.2 IP, 10 K, 5 ER"
824363,2026-05-04,Coors Field,Colorado Rockies,New York Mets,R,2,4,New York Mets,Colorado Rockies,Away,2,David Peterson,Tomoyuki Sugano,Devin Williams,Mickey Moniak,Colorado Rockies,"2-4, 0 HR, 0 RBI",David Peterson,New York Mets,"4.0 IP, 6 K, 2 ER"
824283,2026-05-04,Comerica Park,Detroit Tigers,Boston Red Sox,R,4,5,Boston Red Sox,Detroit Tigers,Away,1,Payton Tolle,Ricky Vanasco,Aroldis Chapman,Jarren Duran,Boston Red Sox,"3-5, 1 HR, 3 RBI",Payton Tolle,Boston Red Sox,"7.0 IP, 8 K, 0 ER"
822984,2026-05-04,Tropicana Field,Tampa Bay Rays,Toronto Blue Jays,R,5,1,Tampa Bay Rays,Toronto Blue Jays,Home,4,Nick Martinez,Eric Lauer,Bryan Baker,Jonathan Aranda,Tampa Bay Rays,"3-4, 0 HR, 0 RBI",Nick Martinez,Tampa Bay Rays,"5.0 IP, 4 K, 1 ER"
823874,2026-05-04,loanDepot park,Miami Marlins,Philadelphia Phillies,R,0,1,Philadelphia Phillies,Miami Marlins,Away,1,Aaron Nola,Janson Junk,Brad Keller,Bryce Harper,Philadelphia Phillies,"3-4, 1 HR, 1 RBI",Janson Junk,Miami Marlins,"5.1 IP, 6 K, 1 ER"
823552,2026-05-04,Yankee Stadium,New York Yankees,Baltimore Orioles,R,12,1,New York Yankees,Baltimore Orioles,Home,11,Cam Schlittler,Shane Baz,,Blaze Alexander,Baltimore Orioles,"3-4, 0 HR, 0 RBI",Cam Schlittler,New York Yankees,"5.2 IP, 4 K, 1 ER"
824684,2026-05-04,Wrigley Field,Chicago Cubs,Cincinnati Reds,R,5,4,Chicago Cubs,Cincinnati Reds,Home,1,Ryan Rolison,Emilio Pagán,,Elly De La Cruz,Cincinnati Reds,"3-4, 0 HR, 0 RBI",Edward Cabrera,Chicago Cubs,"6.0 IP, 8 K, 3 ER"
824120,2026-05-04,Kauffman Stadium,Kansas City Royals,Cleveland Guardians,R,6,2,Kansas City Royals,Cleveland Guardians,Home,4,Michael Wacha,Tanner Bibee,,David Fry,Cleveland Guardians,"2-3, 1 HR, 2 RBI",Tanner Bibee,Cleveland Guardians,"4.0 IP, 4 K, 4 ER"
823064,2026-05-04,Busch Stadium,St. Louis Cardinals,Milwaukee Brewers,R,6,3,St. Louis Cardinals,Milwaukee Brewers,Home,3,Kyle Leahy,Chad Patrick,Riley O'Brien,Jackson Chourio,Milwaukee Brewers,"4-4, 0 HR, 0 RBI",Kyle Leahy,St. Louis Cardinals,"5.1 IP, 5 K, 1 ER"
824201,2026-05-04,Daikin Park,Houston Astros,Los Angeles Dodgers,R,3,8,Los Angeles Dodgers,Houston Astros,Away,5,Yoshinobu Yamamoto,Ryan Weiss,,Alex Freeland,Los Angeles Dodgers,"3-4, 1 HR, 1 RBI",Yoshinobu Yamamoto,Los Angeles Dodgers,"6.0 IP, 8 K, 3 ER"
824039,2026-05-04,Angel Stadium,Los Angeles Angels,Chicago White Sox,R,0,6,Chicago White Sox,Los Angeles Angels,Away,6,Davis Martin,José Soriano,,Andrew Benintendi,Chicago White Sox,"4-5, 0 HR, 1 RBI",Davis Martin,Chicago White Sox,"7.0 IP, 10 K, 0 ER"
823143,2026-05-04,T-Mobile Park,Seattle Mariners,Atlanta Braves,R,5,4,Seattle Mariners,Atlanta Braves,Home,1,Logan Gilbert,Tyler Kinley,Andrés Muñoz,Austin Riley,Atlanta Braves,"2-4, 1 HR, 1 RBI",Logan Gilbert,Seattle Mariners,"6.0 IP, 4 K, 4 ER"
823228,2026-05-04,Oracle Park,San Francisco Giants,San Diego Padres,R,3,2,San Francisco Giants,San Diego Padres,Home,1,Trevor McDonald,Randy Vásquez,Caleb Kilian,Jackson Merrill,San Diego Padres,"2-4, 1 HR, 1 RBI",Trevor McDonald,San Francisco Giants,"7.0 IP, 8 K, 1 ER"
824281,2026-05-05,Comerica Park,Detroit Tigers,Boston Red Sox,R,3,10,Boston Red Sox,Detroit Tigers,Away,7,Brayan Bello,Framber Valdez,,Ceddanne Rafaela,Boston Red Sox,"3-5, 1 HR, 4 RBI",Brayan Bello,Boston Red Sox,"7.0 IP, 7 K, 1 ER"
822986,2026-05-05,Tropicana Field,Tampa Bay Rays,Toronto Blue Jays,R,4,3,Tampa Bay Rays,Toronto Blue Jays,Home,1,Casey Legumina,Tyler Rogers,Cole Sulser,Kazuma Okamoto,Toronto Blue Jays,"2-4, 1 HR, 1 RBI",Drew Rasmussen,Tampa Bay Rays,"6.0 IP, 5 K, 3 ER"
823469,2026-05-05,Citizens Bank Park,Philadelphia Phillies,Athletics,R,9,1,Philadelphia Phillies,Athletics,Home,8,Cristopher Sánchez,Luis Severino,,Bryce Harper,Philadelphia Phillies,"3-4, 2 HR, 3 RBI",Cristopher Sánchez,Philadelphia Phillies,"8.0 IP, 10 K, 0 ER"
823873,2026-05-05,loanDepot park,Miami Marlins,Baltimore Orioles,R,7,9,Baltimore Orioles,Miami Marlins,Away,2,Rico Garcia,Andrew Nardi,,Liam Hicks,Miami Marlins,"4-5, 1 HR, 3 RBI",Sandy Alcantara,Miami Marlins,"4.1 IP, 5 K, 7 ER"
822743,2026-05-05,Nationals Park,Washington Nationals,Minnesota Twins,R,3,11,Minnesota Twins,Washington Nationals,Away,8,Taj Bradley,Cade Cavalli,,Brooks Lee,Minnesota Twins,"3-5, 0 HR, 3 RBI",Taj Bradley,Minnesota Twins,"6.0 IP, 8 K, 2 ER"
823553,2026-05-05,Yankee Stadium,New York Yankees,Texas Rangers,R,7,4,New York Yankees,Texas Rangers,Home,3,Brent Headrick,Jacob deGrom,David Bednar,Ezequiel Duran,Texas Rangers,"3-4, 0 HR, 1 RBI",Jacob deGrom,Texas Rangers,"6.1 IP, 7 K, 6 ER"
824682,2026-05-05,Wrigley Field,Chicago Cubs,Cincinnati Reds,R,3,2,Chicago Cubs,Cincinnati Reds,Home,1,Ryan Rolison,Sam Moll,,Michael Busch,Chicago Cubs,"3-4, 1 HR, 2 RBI",Jameson Taillon,Chicago Cubs,"5.2 IP, 5 K, 2 ER"
824119,2026-05-05,Kauffman Stadium,Kansas City Royals,Cleveland Guardians,R,5,3,Kansas City Royals,Cleveland Guardians,Home,2,Stephen Kolek,Gavin Williams,Lucas Erceg,Isaac Collins,Kansas City Royals,"3-3, 1 HR, 1 RBI",Gavin Williams,Cleveland Guardians,"6.0 IP, 7 K, 5 ER"
824200,2026-05-05,Daikin Park,Houston Astros,Los Angeles Dodgers,R,2,1,Houston Astros,Los Angeles Dodgers,Home,1,Peter Lambert,Shohei Ohtani,Bryan King,Andy Pages,Los Angeles Dodgers,"3-4, 0 HR, 0 RBI",Shohei Ohtani,Los Angeles Dodgers,"7.0 IP, 8 K, 2 ER"
824040,2026-05-05,Angel Stadium,Los Angeles Angels,Chicago White Sox,R,4,3,Los Angeles Angels,Chicago White Sox,Home,1,José Fermin,Erick Fedde,Ryan Zeferjahn,Zach Neto,Los Angeles Angels,"2-4, 1 HR, 1 RBI",Sam Bachman,Los Angeles Angels,"1.2 IP, 3 K, 1 ER"
825092,2026-05-05,Chase Field,Arizona Diamondbacks,Pittsburgh Pirates,R,9,0,Arizona Diamondbacks,Pittsburgh Pirates,Home,9,Eduardo Rodriguez,Bubba Chandler,,Ketel Marte,Arizona Diamondbacks,"2-5, 0 HR, 2 RBI",Eduardo Rodriguez,Arizona Diamondbacks,"7.0 IP, 7 K, 0 ER"
823142,2026-05-05,T-Mobile Park,Seattle Mariners,Atlanta Braves,R,2,3,Atlanta Braves,Seattle Mariners,Away,1,Robert Suarez,Andrés Muñoz,Raisel Iglesias,Matt Olson,Atlanta Braves,"2-3, 1 HR, 1 RBI",Bryce Elder,Atlanta Braves,"6.0 IP, 9 K, 2 ER"
823227,2026-05-05,Oracle Park,San Francisco Giants,San Diego Padres,R,5,10,San Diego Padres,San Francisco Giants,Away,5,Walker Buehler,Logan Webb,,Jackson Merrill,San Diego Padres,"3-5, 0 HR, 2 RBI",Walker Buehler,San Diego Padres,"5.1 IP, 5 K, 4 ER"
823062,2026-07-07,Busch Stadium,St. Louis Cardinals,Milwaukee Brewers,R,3,4,Milwaukee Brewers,St. Louis Cardinals,Away,1,Jacob Misiorowski,Ryne Stanek,Abner Uribe,Christian Yelich,Milwaukee Brewers,"3-5, 0 HR, 2 RBI",Jacob Misiorowski,Milwaukee Brewers,"7.0 IP, 11 K, 3 ER"
824362,2026-05-07,Coors Field,Colorado Rockies,New York Mets,R,6,2,Colorado Rockies,New York Mets,Home,4,Antonio Senzatela,Craig Kimbrel,,Jake McCarthy,Colorado Rockies,"2-4, 1 HR, 5 RBI",Christian Scott,New York Mets,"4.2 IP, 6 K, 1 ER"
822985,2026-05-06,Tropicana Field,Tampa Bay Rays,Toronto Blue Jays,R,3,0,Tampa Bay Rays,Toronto Blue Jays,Home,3,Shane McClanahan,Patrick Corbin,Ian Seymour,Myles Straw,Toronto Blue Jays,"2-3, 0 HR, 0 RBI",Shane McClanahan,Tampa Bay Rays,"5.2 IP, 4 K, 0 ER"
823063,2026-05-06,Busch Stadium,St. Louis Cardinals,Milwaukee Brewers,R,2,6,Milwaukee Brewers,St. Louis Cardinals,Away,4,Aaron Ashby,Andre Pallante,,Andrew Vaughn,Milwaukee Brewers,"2-4, 1 HR, 3 RBI",Brandon Sproat,Milwaukee Brewers,"4.0 IP, 5 K, 0 ER"
824198,2026-05-06,Daikin Park,Houston Astros,Los Angeles Dodgers,R,2,12,Los Angeles Dodgers,Houston Astros,Away,10,Jack Dreyer,Lance McCullers Jr.,,Andy Pages,Los Angeles Dodgers,"3-5, 3 HR, 6 RBI",Jason Alexander,Houston Astros,"4.1 IP, 5 K, 5 ER"
823226,2026-05-06,Oracle Park,San Francisco Giants,San Diego Padres,R,1,5,San Diego Padres,San Francisco Giants,Away,4,Matt Waldron,Adrian Houser,,Jesus Rodriguez,San Francisco Giants,"2-3, 0 HR, 0 RBI",Matt Waldron,San Diego Padres,"5.0 IP, 7 K, 1 ER"
824036,2026-05-06,Angel Stadium,Los Angeles Angels,Chicago White Sox,R,8,2,Los Angeles Angels,Chicago White Sox,Home,6,Walbert Ureña,Noah Schultz,,Bryce Teodosio,Los Angeles Angels,"2-3, 0 HR, 0 RBI",Walbert Ureña,Los Angeles Angels,"6.0 IP, 5 K, 1 ER"
823141,2026-05-06,T-Mobile Park,Seattle Mariners,Atlanta Braves,R,3,1,Seattle Mariners,Atlanta Braves,Home,2,Bryan Woo,Martín Pérez,José A. Ferrer,Cole Young,Seattle Mariners,"3-4, 0 HR, 1 RBI",Bryan Woo,Seattle Mariners,"6.0 IP, 9 K, 0 ER"
824282,2026-05-06,Comerica Park,Detroit Tigers,Boston Red Sox,R,0,4,Boston Red Sox,Detroit Tigers,Away,4,Sonny Gray,Jack Flaherty,,Riley Greene,Detroit Tigers,"2-4, 0 HR, 0 RBI",Jack Flaherty,Detroit Tigers,"5.0 IP, 10 K, 2 ER"
823470,2026-05-06,Citizens Bank Park,Philadelphia Phillies,Athletics,R,6,3,Philadelphia Phillies,Athletics,Home,3,Orion Kerkering,Jack Perkins,Brad Keller,Brandon Marsh,Philadelphia Phillies,"3-4, 0 HR, 1 RBI",Zack Wheeler,Philadelphia Phillies,"6.1 IP, 4 K, 3 ER"
823872,2026-05-06,loanDepot park,Miami Marlins,Baltimore Orioles,R,4,7,Baltimore Orioles,Miami Marlins,Away,3,Brandon Young,Eury Pérez,Rico Garcia,Adley Rutschman,Baltimore Orioles,"2-3, 0 HR, 2 RBI",Eury Pérez,Miami Marlins,"5.0 IP, 6 K, 5 ER"
822740,2026-05-06,Nationals Park,Washington Nationals,Minnesota Twins,R,15,2,Washington Nationals,Minnesota Twins,Home,13,Miles Mikolas,Bailey Ober,,CJ Abrams,Washington Nationals,"3-5, 1 HR, 5 RBI",Miles Mikolas,Washington Nationals,"5.1 IP, 3 K, 2 ER"
823550,2026-05-06,Yankee Stadium,New York Yankees,Texas Rangers,R,1,6,Texas Rangers,New York Yankees,Away,5,Nathan Eovaldi,Will Warren,,Corey Seager,Texas Rangers,"2-5, 1 HR, 2 RBI",Nathan Eovaldi,Texas Rangers,"8.0 IP, 8 K, 1 ER"
824683,2026-05-06,Wrigley Field,Chicago Cubs,Cincinnati Reds,R,7,6,Chicago Cubs,Cincinnati Reds,Home,1,Trent Thornton,Brock Burke,,Ian Happ,Chicago Cubs,"3-5, 1 HR, 2 RBI",Brady Singer,Cincinnati Reds,"6.0 IP, 6 K, 4 ER"
824118,2026-05-06,Kauffman Stadium,Kansas City Royals,Cleveland Guardians,R,1,3,Cleveland Guardians,Kansas City Royals,Away,2,Joey Cantillo,Luinder Avila,Cade Smith,Chase DeLauter,Cleveland Guardians,"2-4, 0 HR, 2 RBI",Cole Ragans,Kansas City Royals,"3.0 IP, 4 K, 0 ER"
824361,2026-05-06,Coors Field,Colorado Rockies,New York Mets,R,5,10,New York Mets,Colorado Rockies,Away,5,Freddy Peralta,Michael Lorenzen,Devin Williams,Marcus Semien,New York Mets,"4-5, 1 HR, 2 RBI",Michael Lorenzen,Colorado Rockies,"5.0 IP, 2 K, 7 ER"
825091,2026-05-06,Chase Field,Arizona Diamondbacks,Pittsburgh Pirates,R,0,1,Pittsburgh Pirates,Arizona Diamondbacks,Away,1,Paul Skenes,Michael Soroka,Gregory Soto,Brandon Lowe,Pittsburgh Pirates,"2-4, 1 HR, 1 RBI",Paul Skenes,Pittsburgh Pirates,"8.0 IP, 7 K, 0 ER"
823551,2026-05-07,Yankee Stadium,New York Yankees,Texas Rangers,R,9,2,New York Yankees,Texas Rangers,Home,7,Brent Headrick,MacKenzie Gore,,Trent Grisham,New York Yankees,"3-5, 0 HR, 3 RBI",MacKenzie Gore,Texas Rangers,"5.1 IP, 3 K, 5 ER"
822741,2026-05-07,Nationals Park,Washington Nationals,Minnesota Twins,R,7,5,Washington Nationals,Minnesota Twins,Home,2,PJ Poulin,John Klein,Gus Varland,Keibert Ruiz,Washington Nationals,"3-4, 1 HR, 4 RBI",PJ Poulin,Washington Nationals,"1.0 IP, 2 K, 0 ER"
824117,2026-05-07,Kauffman Stadium,Kansas City Royals,Cleveland Guardians,R,5,8,Cleveland Guardians,Kansas City Royals,Away,3,Slade Cecconi,Seth Lugo,Cade Smith,Bobby Witt Jr.,Kansas City Royals,"4-4, 1 HR, 1 RBI",Seth Lugo,Kansas City Royals,"4.0 IP, 5 K, 4 ER"
824681,2026-05-07,Wrigley Field,Chicago Cubs,Cincinnati Reds,R,8,3,Chicago Cubs,Cincinnati Reds,Home,5,Shota Imanaga,Rhett Lowder,Daniel Palencia,Michael Conforto,Chicago Cubs,"3-3, 1 HR, 2 RBI",Shota Imanaga,Chicago Cubs,"6.0 IP, 10 K, 1 ER"
824362,2026-05-07,Coors Field,Colorado Rockies,New York Mets,R,6,2,Colorado Rockies,New York Mets,Home,4,Antonio Senzatela,Craig Kimbrel,,Jake McCarthy,Colorado Rockies,"2-4, 1 HR, 5 RBI",Christian Scott,New York Mets,"4.2 IP, 6 K, 1 ER"
825090,2026-05-07,Chase Field,Arizona Diamondbacks,Pittsburgh Pirates,R,2,4,Pittsburgh Pirates,Arizona Diamondbacks,Away,2,Mitch Keller,Zac Gallen,Gregory Soto,Brandon Lowe,Pittsburgh Pirates,"3-5, 1 HR, 1 RBI",Zac Gallen,Arizona Diamondbacks,"6.0 IP, 5 K, 4 ER"
823467,2026-05-07,Citizens Bank Park,Philadelphia Phillies,Athletics,R,1,12,Athletics,Philadelphia Phillies,Away,11,J.T. Ginn,Andrew Painter,,Brent Rooker,Athletics,"2-4, 1 HR, 3 RBI",J.T. Ginn,Athletics,"8.0 IP, 8 K, 1 ER"
823870,2026-05-07,loanDepot park,Miami Marlins,Baltimore Orioles,R,4,3,Miami Marlins,Baltimore Orioles,Home,1,Calvin Faucher,Andrew Kittredge,,Otto Lopez,Miami Marlins,"2-4, 0 HR, 0 RBI",Max Meyer,Miami Marlins,"5.0 IP, 5 K, 2 ER"
824767,2026-05-07,Fenway Park,Boston Red Sox,Tampa Bay Rays,R,4,8,Tampa Bay Rays,Boston Red Sox,Away,4,Hunter Bigge,Jake Bennett,,Junior Caminero,Tampa Bay Rays,"2-4, 1 HR, 2 RBI",Griffin Jax,Tampa Bay Rays,"4.0 IP, 3 K, 2 ER"
823306,2026-05-07,Petco Park,San Diego Padres,St. Louis Cardinals,R,1,2,St. Louis Cardinals,San Diego Padres,Away,1,Matthew Liberatore,Bradgley Rodriguez,Riley O'Brien,Fernando Tatis Jr.,San Diego Padres,"2-3, 0 HR, 0 RBI",Michael King,San Diego Padres,"6.0 IP, 6 K, 1 ER"
824522,2026-05-08,Great American Ball Park,Cincinnati Reds,Houston Astros,R,0,10,Houston Astros,Cincinnati Reds,Away,10,Mike Burrows,Nick Lodolo,,Yordan Alvarez,Houston Astros,"2-4, 1 HR, 2 RBI",Mike Burrows,Houston Astros,"7.0 IP, 6 K, 0 ER"
823466,2026-05-08,Citizens Bank Park,Philadelphia Phillies,Colorado Rockies,R,7,9,Colorado Rockies,Philadelphia Phillies,Away,2,Victor Vodnik,Brad Keller,Juan Mejia,Hunter Goodman,Colorado Rockies,"4-5, 1 HR, 2 RBI",Jesús Luzardo,Philadelphia Phillies,"3.0 IP, 6 K, 5 ER"
824846,2026-05-08,Oriole Park at Camden Yards,Baltimore Orioles,Athletics,R,3,4,Athletics,Baltimore Orioles,Away,1,Jacob Lopez,Kyle Bradish,Hogan Harris,Adley Rutschman,Baltimore Orioles,"2-3, 1 HR, 1 RBI",Kyle Bradish,Baltimore Orioles,"7.0 IP, 10 K, 3 ER"
822822,2026-05-08,Rogers Centre,Toronto Blue Jays,Los Angeles Angels,R,2,0,Toronto Blue Jays,Los Angeles Angels,Home,2,Dylan Cease,Reid Detmers,Louis Varland,Jo Adell,Los Angeles Angels,"2-3, 0 HR, 0 RBI",Dylan Cease,Toronto Blue Jays,"7.0 IP, 10 K, 0 ER"
824768,2026-05-08,Fenway Park,Boston Red Sox,Tampa Bay Rays,R,2,0,Boston Red Sox,Tampa Bay Rays,Home,2,Connelly Early,Jesse Scholtens,Aroldis Chapman,Ceddanne Rafaela,Boston Red Sox,"3-4, 1 HR, 1 RBI",Connelly Early,Boston Red Sox,"7.0 IP, 8 K, 0 ER"
823871,2026-05-08,loanDepot park,Miami Marlins,Washington Nationals,R,2,3,Washington Nationals,Miami Marlins,Away,1,Foster Griffin,Robby Snelling,PJ Poulin,Otto Lopez,Miami Marlins,"3-4, 0 HR, 0 RBI",Foster Griffin,Washington Nationals,"7.0 IP, 9 K, 1 ER"
824443,2026-05-08,Progressive Field,Cleveland Guardians,Minnesota Twins,R,6,4,Cleveland Guardians,Minnesota Twins,Home,2,Parker Messick,Connor Prielipp,Cade Smith,Byron Buxton,Minnesota Twins,"3-5, 1 HR, 2 RBI",Parker Messick,Cleveland Guardians,"5.2 IP, 7 K, 1 ER"
824116,2026-05-08,Kauffman Stadium,Kansas City Royals,Detroit Tigers,R,4,3,Kansas City Royals,Detroit Tigers,Home,1,Lucas Erceg,Brant Hurter,,Riley Greene,Detroit Tigers,"3-4, 0 HR, 0 RBI",Kris Bubic,Kansas City Royals,"5.2 IP, 5 K, 3 ER"
824607,2026-05-08,Rate Field,Chicago White Sox,Seattle Mariners,R,8,12,Seattle Mariners,Chicago White Sox,Away,4,Emerson Hancock,Sean Burke,,Josh Naylor,Seattle Mariners,"3-5, 1 HR, 3 RBI",Sean Burke,Chicago White Sox,"4.1 IP, 4 K, 6 ER"
823794,2026-05-08,American Family Field,Milwaukee Brewers,New York Yankees,R,6,0,Milwaukee Brewers,New York Yankees,Home,6,Jacob Misiorowski,Max Fried,Shane Drohan,Brandon Lockridge,Milwaukee Brewers,"2-2, 0 HR, 2 RBI",Jacob Misiorowski,Milwaukee Brewers,"6.0 IP, 11 K, 0 ER"
822904,2026-05-08,Globe Life Field,Texas Rangers,Chicago Cubs,R,1,7,Chicago Cubs,Texas Rangers,Away,6,Javier Assad,Kumar Rocker,,Pete Crow-Armstrong,Chicago Cubs,"2-4, 0 HR, 1 RBI",Kumar Rocker,Texas Rangers,"3.2 IP, 3 K, 3 ER"
825088,2026-05-08,Chase Field,Arizona Diamondbacks,New York Mets,R,1,3,New York Mets,Arizona Diamondbacks,Away,2,Devin Williams,Kevin Ginkel,Tobias Myers,Mark Vientos,New York Mets,"2-4, 1 HR, 2 RBI",Ryne Nelson,Arizona Diamondbacks,"6.2 IP, 7 K, 1 ER"
823303,2026-05-08,Petco Park,San Diego Padres,St. Louis Cardinals,R,0,6,St. Louis Cardinals,San Diego Padres,Away,6,Michael McGreevy,Griffin Canning,,Iván Herrera,St. Louis Cardinals,"4-5, 0 HR, 0 RBI",Michael McGreevy,St. Louis Cardinals,"6.0 IP, 9 K, 0 ER"
823957,2026-05-08,UNIQLO Field at Dodger Stadium,Los Angeles Dodgers,Atlanta Braves,R,3,1,Los Angeles Dodgers,Atlanta Braves,Home,2,Alex Vesia,Chris Sale,Tanner Scott,Michael Harris II,Atlanta Braves,"4-4, 0 HR, 0 RBI",Emmet Sheehan,Los Angeles Dodgers,"4.2 IP, 7 K, 1 ER"
823225,2026-05-08,Oracle Park,San Francisco Giants,Pittsburgh Pirates,R,5,2,San Francisco Giants,Pittsburgh Pirates,Home,3,Robbie Ray,Carmen Mlodzinski,,Rafael Devers,San Francisco Giants,"2-4, 1 HR, 1 RBI",Robbie Ray,San Francisco Giants,"6.0 IP, 7 K, 1 ER"
822820,2026-05-09,Rogers Centre,Toronto Blue Jays,Los Angeles Angels,R,14,1,Toronto Blue Jays,Los Angeles Angels,Home,13,Mason Fluharty,Jack Kochanowicz,,Ernie Clement,Toronto Blue Jays,"5-5, 1 HR, 2 RBI",Trey Yesavage,Toronto Blue Jays,"4.0 IP, 6 K, 0 ER"
824847,2026-05-09,Oriole Park at Camden Yards,Baltimore Orioles,Athletics,R,2,6,Athletics,Baltimore Orioles,Away,4,Aaron Civale,Shane Baz,,Brent Rooker,Athletics,"2-4, 1 HR, 3 RBI",Aaron Civale,Athletics,"5.0 IP, 6 K, 0 ER"
824523,2026-05-09,Great American Ball Park,Cincinnati Reds,Houston Astros,R,3,1,Cincinnati Reds,Houston Astros,Home,2,Chase Burns,Spencer Arrighetti,Pierce Johnson,Elly De La Cruz,Cincinnati Reds,"2-4, 0 HR, 1 RBI",Spencer Arrighetti,Houston Astros,"5.2 IP, 5 K, 1 ER"
823869,2026-05-09,loanDepot park,Miami Marlins,Washington Nationals,R,8,7,Miami Marlins,Washington Nationals,Home,1,Andrew Nardi,Mitchell Parker,John King,Kyle Stowers,Miami Marlins,"3-4, 1 HR, 2 RBI",Janson Junk,Miami Marlins,"6.0 IP, 6 K, 4 ER"
823468,2026-05-09,Citizens Bank Park,Philadelphia Phillies,Colorado Rockies,R,9,3,Philadelphia Phillies,Colorado Rockies,Home,6,Tim Mayza,Kyle Freeland,,Trea Turner,Philadelphia Phillies,"4-5, 0 HR, 0 RBI",Aaron Nola,Philadelphia Phillies,"4.2 IP, 4 K, 3 ER"
824444,2026-05-09,Progressive Field,Cleveland Guardians,Minnesota Twins,R,1,2,Minnesota Twins,Cleveland Guardians,Away,1,Eric Orze,Peyton Pallette,Luis García,Byron Buxton,Minnesota Twins,"2-5, 1 HR, 2 RBI",Tanner Bibee,Cleveland Guardians,"6.0 IP, 9 K, 1 ER"
822905,2026-05-09,Globe Life Field,Texas Rangers,Chicago Cubs,R,6,0,Texas Rangers,Chicago Cubs,Home,6,Jalen Beeks,Edward Cabrera,,Josh Jung,Texas Rangers,"3-4, 1 HR, 1 RBI",Jack Leiter,Texas Rangers,"4.2 IP, 6 K, 0 ER"
824115,2026-05-09,Kauffman Stadium,Kansas City Royals,Detroit Tigers,R,5,1,Kansas City Royals,Detroit Tigers,Home,4,Michael Wacha,Burch Smith,,Michael Massey,Kansas City Royals,"1-3, 1 HR, 3 RBI",Michael Wacha,Kansas City Royals,"7.0 IP, 6 K, 0 ER"
824606,2026-05-09,Rate Field,Chicago White Sox,Seattle Mariners,R,6,1,Chicago White Sox,Seattle Mariners,Home,5,Anthony Kay,Luis Castillo,,Miguel Vargas,Chicago White Sox,"2-3, 2 HR, 3 RBI",Luis Castillo,Seattle Mariners,"4.0 IP, 6 K, 4 ER"
823792,2026-05-09,American Family Field,Milwaukee Brewers,New York Yankees,R,4,3,Milwaukee Brewers,New York Yankees,Home,1,Aaron Ashby,Fernando Cruz,,Paul Goldschmidt,New York Yankees,"3-5, 1 HR, 2 RBI",Kyle Harrison,Milwaukee Brewers,"4.0 IP, 6 K, 2 ER"
825089,2026-05-09,Chase Field,Arizona Diamondbacks,New York Mets,R,2,1,Arizona Diamondbacks,New York Mets,Home,1,Merrill Kelly,Clay Holmes,Paul Sewald,Ildemaro Vargas,Arizona Diamondbacks,"1-4, 0 HR, 2 RBI",Merrill Kelly,Arizona Diamondbacks,"7.0 IP, 6 K, 1 ER"
823304,2026-05-09,Petco Park,San Diego Padres,St. Louis Cardinals,R,4,2,San Diego Padres,St. Louis Cardinals,Home,2,Randy Vásquez,Dustin May,Mason Miller,Nathan Church,St. Louis Cardinals,"2-3, 0 HR, 1 RBI",Dustin May,St. Louis Cardinals,"6.0 IP, 7 K, 2 ER"
823224,2026-05-09,Oracle Park,San Francisco Giants,Pittsburgh Pirates,R,3,13,Pittsburgh Pirates,San Francisco Giants,Away,10,Braxton Ashcraft,Landen Roupp,,Joey Bart,Pittsburgh Pirates,"4-5, 0 HR, 2 RBI",Landen Roupp,San Francisco Giants,"4.0 IP, 8 K, 1 ER"
823955,2026-05-09,UNIQLO Field at Dodger Stadium,Los Angeles Dodgers,Atlanta Braves,R,2,7,Atlanta Braves,Los Angeles Dodgers,Away,5,Spencer Strider,Blake Snell,,Andy Pages,Los Angeles Dodgers,"2-4, 1 HR, 2 RBI",Spencer Strider,Atlanta Braves,"6.0 IP, 8 K, 0 ER"
824766,2026-07-17,Fenway Park,Boston Red Sox,Tampa Bay Rays,R,10,0,Boston Red Sox,Tampa Bay Rays,Home,10,Jake Bennett,Griffin Jax,Alec Gamboa,Carlos Narváez,Boston Red Sox,"3-4, 1 HR, 3 RBI",Griffin Jax,Tampa Bay Rays,"5.0 IP, 6 K, 7 ER"
823868,2026-05-10,loanDepot park,Miami Marlins,Washington Nationals,R,5,2,Miami Marlins,Washington Nationals,Home,3,Calvin Faucher,Gus Varland,Josh Ekness,Heriberto Hernández,Miami Marlins,"2-4, 0 HR, 2 RBI",Cade Cavalli,Washington Nationals,"5.2 IP, 4 K, 2 ER"
824845,2026-05-10,Oriole Park at Camden Yards,Baltimore Orioles,Athletics,R,2,1,Baltimore Orioles,Athletics,Home,1,Chris Bassitt,Luis Severino,Rico Garcia,Gunnar Henderson,Baltimore Orioles,"2-4, 0 HR, 1 RBI",Chris Bassitt,Baltimore Orioles,"6.0 IP, 6 K, 1 ER"
824765,2026-05-10,Fenway Park,Boston Red Sox,Tampa Bay Rays,R,1,4,Tampa Bay Rays,Boston Red Sox,Away,3,Nick Martinez,Payton Tolle,Bryan Baker,Mickey Gasper,Boston Red Sox,"3-4, 0 HR, 1 RBI",Payton Tolle,Boston Red Sox,"5.0 IP, 4 K, 1 ER"
823463,2026-05-10,Citizens Bank Park,Philadelphia Phillies,Colorado Rockies,R,6,0,Philadelphia Phillies,Colorado Rockies,Home,6,Cristopher Sánchez,Tomoyuki Sugano,,Brandon Marsh,Philadelphia Phillies,"4-4, 0 HR, 0 RBI",Cristopher Sánchez,Philadelphia Phillies,"7.0 IP, 7 K, 0 ER"
822819,2026-05-10,Rogers Centre,Toronto Blue Jays,Los Angeles Angels,R,1,6,Los Angeles Angels,Toronto Blue Jays,Away,5,José Soriano,Eric Lauer,,Jo Adell,Los Angeles Angels,"3-4, 2 HR, 2 RBI",José Soriano,Los Angeles Angels,"7.2 IP, 7 K, 1 ER"
824520,2026-05-10,Great American Ball Park,Cincinnati Reds,Houston Astros,R,5,0,Cincinnati Reds,Houston Astros,Home,5,Andrew Abbott,Kai-Wei Teng,,Elly De La Cruz,Cincinnati Reds,"3-4, 0 HR, 0 RBI",Andrew Abbott,Cincinnati Reds,"6.0 IP, 5 K, 0 ER"
824440,2026-05-10,Progressive Field,Cleveland Guardians,Minnesota Twins,R,4,5,Minnesota Twins,Cleveland Guardians,Away,1,Kendry Rojas,Gavin Williams,Yoendrys Gómez,Brayan Rocchio,Cleveland Guardians,"4-4, 0 HR, 0 RBI",Gavin Williams,Cleveland Guardians,"6.0 IP, 6 K, 5 ER"
824605,2026-05-10,Rate Field,Chicago White Sox,Seattle Mariners,R,2,1,Chicago White Sox,Seattle Mariners,Home,1,Bryan Hudson,Eduard Bazardo,Seranthony Domínguez,Josh Naylor,Seattle Mariners,"2-3, 0 HR, 0 RBI",Davis Martin,Chicago White Sox,"6.0 IP, 9 K, 1 ER"
823793,2026-05-10,American Family Field,Milwaukee Brewers,New York Yankees,R,4,3,Milwaukee Brewers,New York Yankees,Home,1,Abner Uribe,David Bednar,,Brice Turang,Milwaukee Brewers,"2-4, 1 HR, 1 RBI",Logan Henderson,Milwaukee Brewers,"5.0 IP, 5 K, 2 ER"
822902,2026-05-10,Globe Life Field,Texas Rangers,Chicago Cubs,R,3,0,Texas Rangers,Chicago Cubs,Home,3,Jacob deGrom,Jameson Taillon,Jacob Latz,Josh Jung,Texas Rangers,"3-4, 0 HR, 0 RBI",Jacob deGrom,Texas Rangers,"7.0 IP, 10 K, 0 ER"
823221,2026-05-10,Oracle Park,San Francisco Giants,Pittsburgh Pirates,R,7,6,San Francisco Giants,Pittsburgh Pirates,Home,1,Ryan Borucki,Justin Lawrence,,Willy Adames,San Francisco Giants,"3-6, 0 HR, 2 RBI",Tyler Mahle,San Francisco Giants,"5.2 IP, 8 K, 4 ER"
825085,2026-05-10,Chase Field,Arizona Diamondbacks,New York Mets,R,5,1,Arizona Diamondbacks,New York Mets,Home,4,Eduardo Rodriguez,Huascar Brazobán,,Ryan Waldschmidt,Arizona Diamondbacks,"2-4, 0 HR, 3 RBI",Eduardo Rodriguez,Arizona Diamondbacks,"8.1 IP, 4 K, 1 ER"
823305,2026-05-10,Petco Park,San Diego Padres,St. Louis Cardinals,R,3,2,San Diego Padres,St. Louis Cardinals,Home,1,Adrian Morejon,Gordon Graceffo,,Xander Bogaerts,San Diego Padres,"2-4, 0 HR, 0 RBI",Kyle Leahy,St. Louis Cardinals,"5.0 IP, 5 K, 0 ER"
823954,2026-05-10,UNIQLO Field at Dodger Stadium,Los Angeles Dodgers,Atlanta Braves,R,2,7,Atlanta Braves,Los Angeles Dodgers,Away,5,Bryce Elder,Justin Wrobleski,,Jorge Mateo,Atlanta Braves,"2-3, 0 HR, 1 RBI",Bryce Elder,Atlanta Braves,"5.2 IP, 8 K, 0 ER"
824113,2026-05-10,Kauffman Stadium,Kansas City Royals,Detroit Tigers,R,3,6,Detroit Tigers,Kansas City Royals,Away,3,Enmanuel De Jesus,Nick Mears,Kenley Jansen,Maikel Garcia,Kansas City Royals,"3-3, 0 HR, 1 RBI",Noah Cameron,Kansas City Royals,"4.0 IP, 4 K, 3 ER"
824441,2026-05-11,Progressive Field,Cleveland Guardians,Los Angeles Angels,R,7,2,Cleveland Guardians,Los Angeles Angels,Home,5,Joey Cantillo,Brent Suter,,David Fry,Cleveland Guardians,"2-3, 0 HR, 1 RBI",Joey Cantillo,Cleveland Guardians,"6.0 IP, 4 K, 0 ER"
824844,2026-05-11,Oriole Park at Camden Yards,Baltimore Orioles,New York Yankees,R,3,2,Baltimore Orioles,New York Yankees,Home,1,Dietrich Enns,Brent Headrick,Anthony Nunez,Ben Rice,New York Yankees,"2-4, 1 HR, 2 RBI",Ryan Weathers,New York Yankees,"6.1 IP, 9 K, 2 ER"
822818,2026-05-11,Rogers Centre,Toronto Blue Jays,Tampa Bay Rays,R,5,8,Tampa Bay Rays,Toronto Blue Jays,Away,3,Drew Rasmussen,Kevin Gausman,Bryan Baker,Richie Palacios,Tampa Bay Rays,"3-4, 0 HR, 3 RBI",Drew Rasmussen,Tampa Bay Rays,"6.0 IP, 6 K, 3 ER"
822901,2026-05-11,Globe Life Field,Texas Rangers,Arizona Diamondbacks,R,0,1,Arizona Diamondbacks,Texas Rangers,Away,1,Michael Soroka,Jakob Junis,Paul Sewald,Geraldo Perdomo,Arizona Diamondbacks,"2-4, 0 HR, 1 RBI",Michael Soroka,Arizona Diamondbacks,"6.1 IP, 5 K, 0 ER"
824199,2026-05-11,Daikin Park,Houston Astros,Seattle Mariners,R,1,3,Seattle Mariners,Houston Astros,Away,2,George Kirby,Peter Lambert,Andrés Muñoz,Isaac Paredes,Houston Astros,"3-4, 0 HR, 1 RBI",George Kirby,Seattle Mariners,"5.0 IP, 7 K, 1 ER"
823953,2026-05-11,UNIQLO Field at Dodger Stadium,Los Angeles Dodgers,San Francisco Giants,R,3,9,San Francisco Giants,Los Angeles Dodgers,Away,6,Matt Gage,Alex Vesia,,Max Muncy,Los Angeles Dodgers,"2-4, 1 HR, 2 RBI",Roki Sasaki,Los Angeles Dodgers,"5.0 IP, 5 K, 3 ER"
824442,2026-05-12,Progressive Field,Cleveland Guardians,Los Angeles Angels,R,3,2,Cleveland Guardians,Los Angeles Angels,Home,1,Hunter Gaddis,Walbert Ureña,Cade Smith,Angel Martínez,Cleveland Guardians,"2-3, 1 HR, 1 RBI",Slade Cecconi,Cleveland Guardians,"4.0 IP, 7 K, 0 ER"
824843,2026-05-12,Oriole Park at Camden Yards,Baltimore Orioles,New York Yankees,R,2,6,New York Yankees,Baltimore Orioles,Away,4,Will Warren,Trevor Rogers,,Paul Goldschmidt,New York Yankees,"2-4, 1 HR, 1 RBI",Will Warren,New York Yankees,"5.2 IP, 6 K, 2 ER"
824521,2026-05-12,Great American Ball Park,Cincinnati Reds,Washington Nationals,R,4,10,Washington Nationals,Cincinnati Reds,Away,6,Brad Lord,Brady Singer,,Daylen Lile,Washington Nationals,"3-5, 2 HR, 4 RBI",Luis Mey,Cincinnati Reds,"2.0 IP, 5 K, 1 ER"
823385,2026-05-12,PNC Park,Pittsburgh Pirates,Colorado Rockies,R,3,1,Pittsburgh Pirates,Colorado Rockies,Home,2,Paul Skenes,Michael Lorenzen,Gregory Soto,Oneil Cruz,Pittsburgh Pirates,"3-4, 0 HR, 0 RBI",Paul Skenes,Pittsburgh Pirates,"8.0 IP, 10 K, 0 ER"
824764,2026-05-12,Fenway Park,Boston Red Sox,Philadelphia Phillies,R,1,2,Philadelphia Phillies,Boston Red Sox,Away,1,Zack Wheeler,Jovani Morán,Jhoan Duran,Bryson Stott,Philadelphia Phillies,"2-4, 0 HR, 1 RBI",Brayan Bello,Boston Red Sox,"6.1 IP, 5 K, 1 ER"
822817,2026-05-12,Rogers Centre,Toronto Blue Jays,Tampa Bay Rays,R,6,7,Tampa Bay Rays,Toronto Blue Jays,Away,1,Ian Seymour,Braydon Fisher,Garrett Cleavinger,Jonny DeLuca,Tampa Bay Rays,"3-5, 0 HR, 1 RBI",Shane McClanahan,Tampa Bay Rays,"5.0 IP, 7 K, 0 ER"
823632,2026-05-12,Citi Field,New York Mets,Detroit Tigers,R,10,2,New York Mets,Detroit Tigers,Home,8,Freddy Peralta,Jack Flaherty,,Mark Vientos,New York Mets,"2-5, 0 HR, 1 RBI",Freddy Peralta,New York Mets,"6.0 IP, 7 K, 2 ER"
824927,2026-05-12,Truist Park,Atlanta Braves,Chicago Cubs,R,5,2,Atlanta Braves,Chicago Cubs,Home,3,Didier Fuentes,Colin Rea,Raisel Iglesias,Dominic Smith,Atlanta Braves,"4-4, 0 HR, 0 RBI",Grant Holmes,Atlanta Braves,"4.0 IP, 5 K, 2 ER"
824604,2026-05-12,Rate Field,Chicago White Sox,Kansas City Royals,R,6,5,Chicago White Sox,Kansas City Royals,Home,1,Seranthony Domínguez,Matt Strahm,Bryan Hudson,Salvador Perez,Kansas City Royals,"2-5, 1 HR, 1 RBI",Stephen Kolek,Kansas City Royals,"4.2 IP, 6 K, 5 ER"
823712,2026-05-12,Target Field,Minnesota Twins,Miami Marlins,R,3,0,Minnesota Twins,Miami Marlins,Home,3,Bailey Ober,Eury Pérez,,Ryan Jeffers,Minnesota Twins,"1-3, 1 HR, 2 RBI",Eury Pérez,Miami Marlins,"6.0 IP, 8 K, 3 ER"
823790,2026-05-12,American Family Field,Milwaukee Brewers,San Diego Padres,R,6,4,Milwaukee Brewers,San Diego Padres,Home,2,Brandon Sproat,Matt Waldron,Abner Uribe,Joey Ortiz,Milwaukee Brewers,"2-3, 1 HR, 2 RBI",Brandon Sproat,Milwaukee Brewers,"5.1 IP, 6 K, 3 ER"
822903,2026-05-12,Globe Life Field,Texas Rangers,Arizona Diamondbacks,R,7,4,Texas Rangers,Arizona Diamondbacks,Home,3,MacKenzie Gore,Zac Gallen,Jacob Latz,Jake Burger,Texas Rangers,"3-3, 0 HR, 2 RBI",MacKenzie Gore,Texas Rangers,"8.0 IP, 5 K, 1 ER"
824197,2026-05-12,Daikin Park,Houston Astros,Seattle Mariners,R,2,10,Seattle Mariners,Houston Astros,Away,8,Bryan Woo,Tatsuya Imai,,Randy Arozarena,Seattle Mariners,"4-4, 1 HR, 3 RBI",Bryan Woo,Seattle Mariners,"6.0 IP, 9 K, 2 ER"
825011,2026-05-12,Sutter Health Park,Athletics,St. Louis Cardinals,R,4,6,St. Louis Cardinals,Athletics,Away,2,Andre Pallante,Jeffrey Springs,Riley O'Brien,Shea Langeliers,Athletics,"2-4, 1 HR, 3 RBI",Jeffrey Springs,Athletics,"5.0 IP, 5 K, 4 ER"
823951,2026-05-12,UNIQLO Field at Dodger Stadium,Los Angeles Dodgers,San Francisco Giants,R,2,6,San Francisco Giants,Los Angeles Dodgers,Away,4,Adrian Houser,Yoshinobu Yamamoto,Caleb Kilian,Eric Haase,San Francisco Giants,"2-4, 2 HR, 2 RBI",Yoshinobu Yamamoto,Los Angeles Dodgers,"6.1 IP, 8 K, 5 ER"
824841,2026-05-13,Oriole Park at Camden Yards,Baltimore Orioles,New York Yankees,R,7,0,Baltimore Orioles,New York Yankees,Home,7,Kyle Bradish,Max Fried,,Blaze Alexander,Baltimore Orioles,"3-4, 0 HR, 2 RBI",Kyle Bradish,Baltimore Orioles,"6.0 IP, 7 K, 0 ER"
824438,2026-05-13,Progressive Field,Cleveland Guardians,Los Angeles Angels,R,4,2,Cleveland Guardians,Los Angeles Angels,Home,2,Parker Messick,Reid Detmers,Cade Smith,Zach Neto,Los Angeles Angels,"2-3, 1 HR, 2 RBI",Parker Messick,Cleveland Guardians,"6.2 IP, 7 K, 2 ER"
824519,2026-05-13,Great American Ball Park,Cincinnati Reds,Washington Nationals,R,7,8,Washington Nationals,Cincinnati Reds,Away,1,Gus Varland,Tony Santillan,PJ Poulin,Daylen Lile,Washington Nationals,"2-4, 1 HR, 3 RBI",Nick Lodolo,Cincinnati Reds,"4.0 IP, 6 K, 5 ER"
823386,2026-05-13,PNC Park,Pittsburgh Pirates,Colorado Rockies,R,4,10,Colorado Rockies,Pittsburgh Pirates,Away,6,Antonio Senzatela,Mitch Keller,,Mickey Moniak,Colorado Rockies,"3-5, 1 HR, 5 RBI",Mitch Keller,Pittsburgh Pirates,"5.2 IP, 3 K, 6 ER"
824763,2026-05-13,Fenway Park,Boston Red Sox,Philadelphia Phillies,R,3,1,Boston Red Sox,Philadelphia Phillies,Home,2,Sonny Gray,Tanner Banks,Aroldis Chapman,Wilyer Abreu,Boston Red Sox,"3-4, 0 HR, 0 RBI",Sonny Gray,Boston Red Sox,"6.0 IP, 6 K, 1 ER"
822815,2026-05-13,Rogers Centre,Toronto Blue Jays,Tampa Bay Rays,R,5,3,Toronto Blue Jays,Tampa Bay Rays,Home,2,Jeff Hoffman,Aaron Brooks,,Yandy Díaz,Tampa Bay Rays,"2-5, 0 HR, 1 RBI",Dylan Cease,Toronto Blue Jays,"7.0 IP, 9 K, 1 ER"
823631,2026-05-13,Citi Field,New York Mets,Detroit Tigers,R,3,2,New York Mets,Detroit Tigers,Home,1,Brooks Raley,Drew Anderson,,Riley Greene,Detroit Tigers,"3-5, 0 HR, 2 RBI",Framber Valdez,Detroit Tigers,"6.2 IP, 7 K, 2 ER"
824928,2026-05-13,Truist Park,Atlanta Braves,Chicago Cubs,R,4,1,Atlanta Braves,Chicago Cubs,Home,3,Robert Suarez,Shota Imanaga,Raisel Iglesias,Alex Bregman,Chicago Cubs,"2-4, 0 HR, 0 RBI",Shota Imanaga,Chicago Cubs,"7.0 IP, 6 K, 2 ER"
824603,2026-05-13,Rate Field,Chicago White Sox,Kansas City Royals,R,6,5,Chicago White Sox,Kansas City Royals,Home,1,Tyler Davis,Seth Lugo,Seranthony Domínguez,Colson Montgomery,Chicago White Sox,"3-4, 1 HR, 1 RBI",Seth Lugo,Kansas City Royals,"5.0 IP, 4 K, 5 ER"
823710,2026-05-13,Target Field,Minnesota Twins,Miami Marlins,R,5,9,Miami Marlins,Minnesota Twins,Away,4,Max Meyer,Simeon Woods Richardson,,Leo Jiménez,Miami Marlins,"3-5, 0 HR, 0 RBI",Max Meyer,Miami Marlins,"5.2 IP, 9 K, 4 ER"
823791,2026-05-13,American Family Field,Milwaukee Brewers,San Diego Padres,R,1,3,San Diego Padres,Milwaukee Brewers,Away,2,Jason Adam,Abner Uribe,Mason Miller,Luis Rengifo,Milwaukee Brewers,"3-4, 0 HR, 0 RBI",Jacob Misiorowski,Milwaukee Brewers,"7.0 IP, 10 K, 0 ER"
822900,2026-05-13,Globe Life Field,Texas Rangers,Arizona Diamondbacks,R,6,5,Texas Rangers,Arizona Diamondbacks,Home,1,Cal Quantrill,Paul Sewald,,Jake Burger,Texas Rangers,"2-4, 1 HR, 4 RBI",Ryne Nelson,Arizona Diamondbacks,"7.0 IP, 8 K, 3 ER"
824195,2026-05-13,Daikin Park,Houston Astros,Seattle Mariners,R,4,3,Houston Astros,Seattle Mariners,Home,1,Bryan Abreu,Alex Hoppe,,Zach Cole,Houston Astros,"3-4, 0 HR, 1 RBI",Lance McCullers Jr.,Houston Astros,"5.1 IP, 6 K, 2 ER"
825010,2026-05-13,Sutter Health Park,Athletics,St. Louis Cardinals,R,6,2,Athletics,St. Louis Cardinals,Home,4,J.T. Ginn,Matthew Liberatore,,Darell Hernaiz,Athletics,"3-4, 0 HR, 0 RBI",Matthew Liberatore,St. Louis Cardinals,"5.0 IP, 5 K, 4 ER"
823952,2026-05-13,UNIQLO Field at Dodger Stadium,Los Angeles Dodgers,San Francisco Giants,R,4,0,Los Angeles Dodgers,San Francisco Giants,Home,4,Shohei Ohtani,Robbie Ray,,Teoscar Hernández,Los Angeles Dodgers,"2-4, 0 HR, 1 RBI",Shohei Ohtani,Los Angeles Dodgers,"7.0 IP, 8 K, 0 ER"
823383,2026-05-14,PNC Park,Pittsburgh Pirates,Colorado Rockies,R,7,2,Pittsburgh Pirates,Colorado Rockies,Home,5,Carmen Mlodzinski,Chase Dollander,,Ryan O'Hearn,Pittsburgh Pirates,"3-4, 1 HR, 2 RBI",Tanner Gordon,Colorado Rockies,"4.0 IP, 5 K, 1 ER"
824517,2026-05-14,Great American Ball Park,Cincinnati Reds,Washington Nationals,R,15,1,Cincinnati Reds,Washington Nationals,Home,14,Chase Burns,Foster Griffin,,JJ Bleday,Cincinnati Reds,"3-5, 2 HR, 6 RBI",Chase Burns,Cincinnati Reds,"6.0 IP, 7 K, 0 ER"
823630,2026-05-14,Citi Field,New York Mets,Detroit Tigers,R,9,4,New York Mets,Detroit Tigers,Home,5,Nolan McLean,Keider Montero,,Gage Workman,Detroit Tigers,"2-4, 1 HR, 3 RBI",Nolan McLean,New York Mets,"7.0 IP, 7 K, 3 ER"
823709,2026-05-14,Target Field,Minnesota Twins,Miami Marlins,R,9,1,Minnesota Twins,Miami Marlins,Home,8,Zebby Matthews,Braxton Garrett,,Austin Martin,Minnesota Twins,"2-4, 0 HR, 3 RBI",Zebby Matthews,Minnesota Twins,"7.0 IP, 5 K, 0 ER"
823789,2026-05-14,American Family Field,Milwaukee Brewers,San Diego Padres,R,7,1,Milwaukee Brewers,San Diego Padres,Home,6,Kyle Harrison,Griffin Canning,,Luis Rengifo,Milwaukee Brewers,"2-4, 0 HR, 3 RBI",Kyle Harrison,Milwaukee Brewers,"5.0 IP, 7 K, 0 ER"
824196,2026-05-14,Daikin Park,Houston Astros,Seattle Mariners,R,3,8,Seattle Mariners,Houston Astros,Away,5,Luis Castillo,Mike Burrows,,Yordan Alvarez,Houston Astros,"3-3, 1 HR, 1 RBI",Luis Castillo,Seattle Mariners,"5.2 IP, 6 K, 3 ER"
825008,2026-05-14,Sutter Health Park,Athletics,St. Louis Cardinals,R,4,5,St. Louis Cardinals,Athletics,Away,1,Matt Svanson,Jack Perkins,Riley O'Brien,Shea Langeliers,Athletics,"3-5, 0 HR, 2 RBI",Michael McGreevy,St. Louis Cardinals,"6.0 IP, 3 K, 1 ER"
824762,2026-05-14,Fenway Park,Boston Red Sox,Philadelphia Phillies,R,1,3,Philadelphia Phillies,Boston Red Sox,Away,2,Brad Keller,Tyler Samaniego,Jhoan Duran,Wilyer Abreu,Boston Red Sox,"2-4, 0 HR, 1 RBI",Ranger Suarez,Boston Red Sox,"5.1 IP, 8 K, 0 ER"
824926,2026-05-14,Truist Park,Atlanta Braves,Chicago Cubs,R,0,2,Chicago Cubs,Atlanta Braves,Away,2,Hoby Milner,Chris Sale,Daniel Palencia,Ian Happ,Chicago Cubs,"2-3, 1 HR, 1 RBI",Chris Sale,Atlanta Braves,"6.0 IP, 8 K, 0 ER"
824602,2026-05-14,Rate Field,Chicago White Sox,Kansas City Royals,R,6,2,Chicago White Sox,Kansas City Royals,Home,4,Anthony Kay,Kris Bubic,Sean Newcomb,Randal Grichuk,Chicago White Sox,"2-3, 1 HR, 4 RBI",Anthony Kay,Chicago White Sox,"6.0 IP, 4 K, 2 ER"
823950,2026-05-14,UNIQLO Field at Dodger Stadium,Los Angeles Dodgers,San Francisco Giants,R,5,2,Los Angeles Dodgers,San Francisco Giants,Home,3,Emmet Sheehan,Landen Roupp,Tanner Scott,Teoscar Hernández,Los Angeles Dodgers,"3-4, 0 HR, 0 RBI",Landen Roupp,San Francisco Giants,"5.1 IP, 7 K, 4 ER"
823384,2026-05-15,PNC Park,Pittsburgh Pirates,Philadelphia Phillies,R,9,11,Philadelphia Phillies,Pittsburgh Pirates,Away,2,José Alvarado,Dennis Santana,Orion Kerkering,Bryce Harper,Philadelphia Phillies,"4-5, 0 HR, 2 RBI",Braxton Ashcraft,Pittsburgh Pirates,"6.2 IP, 5 K, 4 ER"
822739,2026-05-15,Nationals Park,Washington Nationals,Baltimore Orioles,R,3,2,Washington Nationals,Baltimore Orioles,Home,1,Zack Littell,Shane Baz,Richard Lovelady,Daylen Lile,Washington Nationals,"3-4, 1 HR, 2 RBI",Andrew Alvarez,Washington Nationals,"3.0 IP, 5 K, 2 ER"
824280,2026-05-15,Comerica Park,Detroit Tigers,Toronto Blue Jays,R,3,2,Detroit Tigers,Toronto Blue Jays,Home,1,Kenley Jansen,Jeff Hoffman,,Dillon Dingler,Detroit Tigers,"2-3, 0 HR, 0 RBI",Trey Yesavage,Toronto Blue Jays,"6.0 IP, 6 K, 2 ER"
824439,2026-05-15,Progressive Field,Cleveland Guardians,Cincinnati Reds,R,6,7,Cincinnati Reds,Cleveland Guardians,Away,1,Andrew Abbott,Tanner Bibee,Tejay Antone,José Ramírez,Cleveland Guardians,"3-4, 0 HR, 1 RBI",Peyton Pallette,Cleveland Guardians,"1.0 IP, 2 K, 3 ER"
822983,2026-05-15,Tropicana Field,Tampa Bay Rays,Miami Marlins,R,7,2,Tampa Bay Rays,Miami Marlins,Home,5,Jesse Scholtens,Janson Junk,,Cedric Mullins,Tampa Bay Rays,"4-4, 1 HR, 1 RBI",Jesse Scholtens,Tampa Bay Rays,"5.0 IP, 4 K, 1 ER"
823707,2026-05-15,Target Field,Minnesota Twins,Milwaukee Brewers,R,2,3,Milwaukee Brewers,Minnesota Twins,Away,1,Aaron Ashby,Andrew Morris,Trevor Megill,Jake Bauers,Milwaukee Brewers,"2-4, 0 HR, 1 RBI",Joe Ryan,Minnesota Twins,"6.0 IP, 7 K, 1 ER"
824925,2026-05-15,Truist Park,Atlanta Braves,Boston Red Sox,R,3,2,Atlanta Braves,Boston Red Sox,Home,1,Didier Fuentes,Tyler Samaniego,,Drake Baldwin,Atlanta Braves,"2-4, 1 HR, 1 RBI",Connelly Early,Boston Red Sox,"5.0 IP, 6 K, 2 ER"
823629,2026-05-15,Citi Field,New York Mets,New York Yankees,R,2,5,New York Yankees,New York Mets,Away,3,Cam Schlittler,Clay Holmes,,Ben Rice,New York Yankees,"3-5, 1 HR, 1 RBI",Cam Schlittler,New York Yankees,"6.2 IP, 9 K, 1 ER"
824601,2026-05-15,Rate Field,Chicago White Sox,Chicago Cubs,R,5,10,Chicago Cubs,Chicago White Sox,Away,5,Trent Thornton,Bryan Hudson,,Carson Kelly,Chicago Cubs,"3-5, 0 HR, 4 RBI",Sean Burke,Chicago White Sox,"4.1 IP, 5 K, 4 ER"
824194,2026-05-15,Daikin Park,Houston Astros,Texas Rangers,R,2,0,Houston Astros,Texas Rangers,Home,2,Spencer Arrighetti,Jack Leiter,Bryan King,Brice Matthews,Houston Astros,"2-4, 0 HR, 0 RBI",Jack Leiter,Texas Rangers,"7.0 IP, 6 K, 1 ER"
823061,2026-05-15,Busch Stadium,St. Louis Cardinals,Kansas City Royals,R,5,4,St. Louis Cardinals,Kansas City Royals,Home,1,Gordon Graceffo,Steven Cruz,,Jordan Walker,St. Louis Cardinals,"3-5, 1 HR, 2 RBI",Michael Wacha,Kansas City Royals,"6.0 IP, 5 K, 3 ER"
824360,2026-05-15,Coors Field,Colorado Rockies,Arizona Diamondbacks,R,1,9,Arizona Diamondbacks,Colorado Rockies,Away,8,Merrill Kelly,Kyle Freeland,,Ildemaro Vargas,Arizona Diamondbacks,"4-5, 0 HR, 2 RBI",Kyle Freeland,Colorado Rockies,"3.2 IP, 3 K, 7 ER"
824037,2026-05-15,Angel Stadium,Los Angeles Angels,Los Angeles Dodgers,R,0,6,Los Angeles Dodgers,Los Angeles Angels,Away,6,Edgardo Henriquez,Jack Kochanowicz,,Teoscar Hernández,Los Angeles Dodgers,"2-4, 1 HR, 2 RBI",Jack Kochanowicz,Los Angeles Angels,"6.0 IP, 4 K, 6 ER"
823140,2026-05-15,T-Mobile Park,Seattle Mariners,San Diego Padres,R,0,2,San Diego Padres,Seattle Mariners,Away,2,Randy Vásquez,Emerson Hancock,Mason Miller,Miguel Andujar,San Diego Padres,"2-4, 0 HR, 1 RBI",Emerson Hancock,Seattle Mariners,"6.0 IP, 6 K, 1 ER"
825009,2026-05-15,Sutter Health Park,Athletics,San Francisco Giants,R,5,2,Athletics,San Francisco Giants,Home,3,Aaron Civale,Tyler Mahle,Hogan Harris,Luis Arraez,San Francisco Giants,"4-5, 1 HR, 1 RBI",Tyler Mahle,San Francisco Giants,"5.0 IP, 6 K, 5 ER"
824278,2026-05-16,Comerica Park,Detroit Tigers,Toronto Blue Jays,R,1,2,Toronto Blue Jays,Detroit Tigers,Away,1,Louis Varland,Tyler Holton,,Matt Vierling,Detroit Tigers,"2-4, 1 HR, 1 RBI",Spencer Miles,Toronto Blue Jays,"3.2 IP, 5 K, 0 ER"
823060,2026-05-16,Busch Stadium,St. Louis Cardinals,Kansas City Royals,R,4,2,St. Louis Cardinals,Kansas City Royals,Home,2,Kyle Leahy,Noah Cameron,George Soriano,Jac Caglianone,Kansas City Royals,"2-4, 1 HR, 1 RBI",Noah Cameron,Kansas City Royals,"6.0 IP, 4 K, 3 ER"
824359,2026-05-16,Coors Field,Colorado Rockies,Arizona Diamondbacks,R,4,2,Colorado Rockies,Arizona Diamondbacks,Home,2,Tomoyuki Sugano,Eduardo Rodriguez,Antonio Senzatela,Jake McCarthy,Colorado Rockies,"2-3, 0 HR, 1 RBI",Eduardo Rodriguez,Arizona Diamondbacks,"5.1 IP, 6 K, 3 ER"
822737,2026-05-16,Nationals Park,Washington Nationals,Baltimore Orioles,R,13,3,Washington Nationals,Baltimore Orioles,Home,10,Cade Cavalli,Chris Bassitt,,Keibert Ruiz,Washington Nationals,"3-5, 1 HR, 5 RBI",Cade Cavalli,Washington Nationals,"6.1 IP, 8 K, 3 ER"
823382,2026-05-16,PNC Park,Pittsburgh Pirates,Philadelphia Phillies,R,0,6,Philadelphia Phillies,Pittsburgh Pirates,Away,6,Cristopher Sánchez,Bubba Chandler,,Trea Turner,Philadelphia Phillies,"2-4, 0 HR, 1 RBI",Cristopher Sánchez,Philadelphia Phillies,"9.0 IP, 13 K, 0 ER"
822981,2026-05-16,Tropicana Field,Tampa Bay Rays,Miami Marlins,R,5,10,Miami Marlins,Tampa Bay Rays,Away,5,Pete Fairbanks,Hunter Bigge,,Jakob Marsee,Miami Marlins,"3-4, 0 HR, 0 RBI",Sandy Alcantara,Miami Marlins,"6.0 IP, 6 K, 0 ER"
824435,2026-05-16,Progressive Field,Cleveland Guardians,Cincinnati Reds,R,7,4,Cleveland Guardians,Cincinnati Reds,Home,3,Erik Sabrowski,Sam Moll,Cade Smith,Angel Martínez,Cleveland Guardians,"2-4, 1 HR, 2 RBI",Joey Cantillo,Cleveland Guardians,"5.0 IP, 4 K, 4 ER"
824193,2026-05-16,Daikin Park,Houston Astros,Texas Rangers,R,4,1,Houston Astros,Texas Rangers,Home,3,Kai-Wei Teng,Jacob deGrom,Bryan Abreu,Zach Cole,Houston Astros,"1-3, 1 HR, 1 RBI",Kai-Wei Teng,Houston Astros,"5.0 IP, 7 K, 0 ER"
824600,2026-05-16,Rate Field,Chicago White Sox,Chicago Cubs,R,8,3,Chicago White Sox,Chicago Cubs,Home,5,Davis Martin,Jameson Taillon,,Munetaka Murakami,Chicago White Sox,"2-3, 2 HR, 3 RBI",Davis Martin,Chicago White Sox,"6.0 IP, 7 K, 1 ER"
823706,2026-05-16,Target Field,Minnesota Twins,Milwaukee Brewers,R,1,2,Milwaukee Brewers,Minnesota Twins,Away,1,Logan Henderson,Connor Prielipp,Chad Patrick,Jackson Chourio,Milwaukee Brewers,"2-4, 1 HR, 1 RBI",Connor Prielipp,Minnesota Twins,"6.0 IP, 8 K, 1 ER"
823139,2026-05-16,T-Mobile Park,Seattle Mariners,San Diego Padres,R,4,7,San Diego Padres,Seattle Mariners,Away,3,Walker Buehler,Logan Gilbert,Jeremiah Estrada,J.P. Crawford,Seattle Mariners,"2-5, 1 HR, 1 RBI",Walker Buehler,San Diego Padres,"5.0 IP, 6 K, 2 ER"
824924,2026-05-16,Truist Park,Atlanta Braves,Boston Red Sox,R,2,3,Boston Red Sox,Atlanta Braves,Away,1,Payton Tolle,Bryce Elder,Aroldis Chapman,Drake Baldwin,Atlanta Braves,"2-3, 1 HR, 2 RBI",Bryce Elder,Atlanta Braves,"8.0 IP, 3 K, 3 ER"
823627,2026-05-16,Citi Field,New York Mets,New York Yankees,R,6,3,New York Mets,New York Yankees,Home,3,David Peterson,Carlos Rodón,Devin Williams,Carson Benge,New York Mets,"3-4, 0 HR, 0 RBI",David Peterson,New York Mets,"4.0 IP, 8 K, 2 ER"
824038,2026-05-16,Angel Stadium,Los Angeles Angels,Los Angeles Dodgers,R,2,15,Los Angeles Dodgers,Los Angeles Angels,Away,13,Justin Wrobleski,José Soriano,,Mookie Betts,Los Angeles Dodgers,"2-4, 1 HR, 1 RBI",José Soriano,Los Angeles Angels,"5.1 IP, 6 K, 6 ER"
825007,2026-05-16,Sutter Health Park,Athletics,San Francisco Giants,R,4,6,San Francisco Giants,Athletics,Away,2,Trevor McDonald,Luis Severino,Matt Gage,Casey Schmitt,San Francisco Giants,"4-5, 2 HR, 3 RBI",Luis Severino,Athletics,"6.0 IP, 7 K, 5 ER"
822982,2026-05-17,Tropicana Field,Tampa Bay Rays,Miami Marlins,R,6,3,Tampa Bay Rays,Miami Marlins,Home,3,Drew Rasmussen,Eury Pérez,Bryan Baker,Xavier Edwards,Miami Marlins,"2-5, 0 HR, 1 RBI",Eury Pérez,Miami Marlins,"5.0 IP, 5 K, 5 ER"
822738,2026-05-17,Nationals Park,Washington Nationals,Baltimore Orioles,R,3,7,Baltimore Orioles,Washington Nationals,Away,4,Anthony Nunez,Richard Lovelady,,Gunnar Henderson,Baltimore Orioles,"4-5, 1 HR, 2 RBI",Miles Mikolas,Washington Nationals,"5.2 IP, 4 K, 4 ER"
823381,2026-05-17,PNC Park,Pittsburgh Pirates,Philadelphia Phillies,R,0,6,Philadelphia Phillies,Pittsburgh Pirates,Away,6,Zack Wheeler,Paul Skenes,,Bryson Stott,Philadelphia Phillies,"2-4, 1 HR, 3 RBI",Zack Wheeler,Philadelphia Phillies,"7.0 IP, 8 K, 0 ER"
824923,2026-05-17,Truist Park,Atlanta Braves,Boston Red Sox,R,8,1,Atlanta Braves,Boston Red Sox,Home,7,Grant Holmes,Brayan Bello,,Austin Riley,Atlanta Braves,"2-4, 1 HR, 3 RBI",Grant Holmes,Atlanta Braves,"6.0 IP, 4 K, 0 ER"
824436,2026-05-17,Progressive Field,Cleveland Guardians,Cincinnati Reds,R,10,3,Cleveland Guardians,Cincinnati Reds,Home,7,Gavin Williams,Brady Singer,,Travis Bazzana,Cleveland Guardians,"3-4, 0 HR, 0 RBI",Gavin Williams,Cleveland Guardians,"6.0 IP, 7 K, 2 ER"
824279,2026-05-17,Comerica Park,Detroit Tigers,Toronto Blue Jays,R,1,4,Toronto Blue Jays,Detroit Tigers,Away,3,Kevin Gausman,Jack Flaherty,Tyler Rogers,Vladimir Guerrero Jr.,Toronto Blue Jays,"2-4, 1 HR, 1 RBI",Kevin Gausman,Toronto Blue Jays,"6.0 IP, 5 K, 0 ER"
823628,2026-05-17,Citi Field,New York Mets,New York Yankees,R,7,6,New York Mets,New York Yankees,Home,1,Devin Williams,Tim Hill,,Anthony Volpe,New York Yankees,"2-3, 0 HR, 3 RBI",Freddy Peralta,New York Mets,"5.0 IP, 4 K, 3 ER"
824192,2026-05-17,Daikin Park,Houston Astros,Texas Rangers,R,0,8,Texas Rangers,Houston Astros,Away,8,Nathan Eovaldi,Peter Lambert,,Jake Burger,Texas Rangers,"2-4, 1 HR, 4 RBI",Nathan Eovaldi,Texas Rangers,"7.0 IP, 8 K, 0 ER"
824599,2026-05-17,Rate Field,Chicago White Sox,Chicago Cubs,R,9,8,Chicago White Sox,Chicago Cubs,Home,1,Tyler Davis,Ryan Rolison,,Edgar Quero,Chicago White Sox,"3-5, 1 HR, 3 RBI",Colin Rea,Chicago Cubs,"4.2 IP, 4 K, 4 ER"
823708,2026-05-17,Target Field,Minnesota Twins,Milwaukee Brewers,R,5,4,Minnesota Twins,Milwaukee Brewers,Home,1,Bailey Ober,Grant Anderson,Luis García,Ryan Jeffers,Minnesota Twins,"2-3, 1 HR, 1 RBI",Robert Gasser,Milwaukee Brewers,"4.0 IP, 3 K, 2 ER"
823058,2026-05-17,Busch Stadium,St. Louis Cardinals,Kansas City Royals,R,0,2,Kansas City Royals,St. Louis Cardinals,Away,2,Stephen Kolek,Andre Pallante,Lucas Erceg,Salvador Perez,Kansas City Royals,"2-2, 1 HR, 2 RBI",Andre Pallante,St. Louis Cardinals,"6.2 IP, 7 K, 1 ER"
824358,2026-05-17,Coors Field,Colorado Rockies,Arizona Diamondbacks,R,6,8,Arizona Diamondbacks,Colorado Rockies,Away,2,Michael Soroka,Michael Lorenzen,Paul Sewald,Gabriel Moreno,Arizona Diamondbacks,"3-4, 0 HR, 0 RBI",Michael Soroka,Arizona Diamondbacks,"5.2 IP, 8 K, 2 ER"
825006,2026-05-17,Sutter Health Park,Athletics,San Francisco Giants,R,1,10,San Francisco Giants,Athletics,Away,9,Adrian Houser,Jeffrey Springs,,Luis Arraez,San Francisco Giants,"3-4, 1 HR, 1 RBI",Jeffrey Springs,Athletics,"6.0 IP, 3 K, 1 ER"
824034,2026-05-17,Angel Stadium,Los Angeles Angels,Los Angeles Dodgers,R,1,10,Los Angeles Dodgers,Los Angeles Angels,Away,9,Roki Sasaki,Grayson Rodriguez,,Kyle Tucker,Los Angeles Dodgers,"3-5, 0 HR, 3 RBI",Roki Sasaki,Los Angeles Dodgers,"7.0 IP, 8 K, 1 ER"
823138,2026-05-17,T-Mobile Park,Seattle Mariners,San Diego Padres,R,3,8,San Diego Padres,Seattle Mariners,Away,5,Lucas Giolito,George Kirby,,Gavin Sheets,San Diego Padres,"3-3, 2 HR, 4 RBI",George Kirby,Seattle Mariners,"5.2 IP, 6 K, 6 ER"
824277,2026-05-18,Comerica Park,Detroit Tigers,Cleveland Guardians,R,2,8,Cleveland Guardians,Detroit Tigers,Away,6,Slade Cecconi,Framber Valdez,,José Ramírez,Cleveland Guardians,"3-4, 1 HR, 3 RBI",Slade Cecconi,Cleveland Guardians,"7.1 IP, 4 K, 2 ER"
822980,2026-05-18,Tropicana Field,Tampa Bay Rays,Baltimore Orioles,R,16,6,Tampa Bay Rays,Baltimore Orioles,Home,10,Shane McClanahan,Trevor Rogers,,Yandy Díaz,Tampa Bay Rays,"4-5, 0 HR, 4 RBI",Shane McClanahan,Tampa Bay Rays,"5.0 IP, 6 K, 4 ER"
823465,2026-05-18,Citizens Bank Park,Philadelphia Phillies,Cincinnati Reds,R,5,4,Philadelphia Phillies,Cincinnati Reds,Home,1,Orion Kerkering,Graham Ashcraft,Jhoan Duran,Alec Bohm,Philadelphia Phillies,"2-3, 1 HR, 1 RBI",Andrew Painter,Philadelphia Phillies,"6.0 IP, 3 K, 2 ER"
823867,2026-05-18,loanDepot park,Miami Marlins,Atlanta Braves,R,12,0,Miami Marlins,Atlanta Braves,Home,12,Max Meyer,JR Ritchie,,Xavier Edwards,Miami Marlins,"2-4, 1 HR, 2 RBI",Max Meyer,Miami Marlins,"6.0 IP, 6 K, 0 ER"
822734,2026-05-18,Nationals Park,Washington Nationals,New York Mets,R,7,16,New York Mets,Washington Nationals,Away,9,Huascar Brazobán,Paxton Schultz,,Bo Bichette,New York Mets,"3-6, 1 HR, 3 RBI",Jake Irvin,Washington Nationals,"4.0 IP, 6 K, 2 ER"
823549,2026-05-18,Yankee Stadium,New York Yankees,Toronto Blue Jays,R,7,6,New York Yankees,Toronto Blue Jays,Home,1,Paul Blackburn,Yariel Rodríguez,David Bednar,Paul Goldschmidt,New York Yankees,"2-4, 1 HR, 2 RBI",Ryan Weathers,New York Yankees,"5.1 IP, 7 K, 5 ER"
824114,2026-05-18,Kauffman Stadium,Kansas City Royals,Boston Red Sox,R,1,3,Boston Red Sox,Kansas City Royals,Away,2,Sonny Gray,Seth Lugo,Aroldis Chapman,Jac Caglianone,Kansas City Royals,"2-4, 0 HR, 1 RBI",Sonny Gray,Boston Red Sox,"6.0 IP, 9 K, 1 ER"
823705,2026-05-18,Target Field,Minnesota Twins,Houston Astros,R,6,3,Minnesota Twins,Houston Astros,Home,3,Eric Orze,Tatsuya Imai,Taylor Rogers,Josh Bell,Minnesota Twins,"3-4, 2 HR, 4 RBI",Tatsuya Imai,Houston Astros,"4.2 IP, 5 K, 3 ER"
824680,2026-05-18,Wrigley Field,Chicago Cubs,Milwaukee Brewers,R,3,9,Milwaukee Brewers,Chicago Cubs,Away,6,Shane Drohan,Shota Imanaga,,Jake Bauers,Milwaukee Brewers,"2-4, 1 HR, 4 RBI",Shane Drohan,Milwaukee Brewers,"4.1 IP, 5 K, 0 ER"
824357,2026-05-18,Coors Field,Colorado Rockies,Texas Rangers,R,7,6,Colorado Rockies,Texas Rangers,Home,1,Jose Quintana,MacKenzie Gore,Juan Mejia,Justin Foscue,Texas Rangers,"3-3, 1 HR, 3 RBI",Jose Quintana,Colorado Rockies,"5.2 IP, 4 K, 3 ER"
824035,2026-05-18,Angel Stadium,Los Angeles Angels,Athletics,R,2,1,Los Angeles Angels,Athletics,Home,1,Chase Silseth,J.T. Ginn,,Zach Neto,Los Angeles Angels,"1-3, 1 HR, 2 RBI",J.T. Ginn,Athletics,"8.0 IP, 10 K, 2 ER"
823301,2026-05-18,Petco Park,San Diego Padres,Los Angeles Dodgers,R,1,0,San Diego Padres,Los Angeles Dodgers,Home,1,Michael King,Yoshinobu Yamamoto,Mason Miller,Miguel Andujar,San Diego Padres,"2-4, 1 HR, 1 RBI",Michael King,San Diego Padres,"7.0 IP, 9 K, 0 ER"
825087,2026-05-18,Chase Field,Arizona Diamondbacks,San Francisco Giants,R,12,2,Arizona Diamondbacks,San Francisco Giants,Home,10,Zac Gallen,Robbie Ray,,Ryan Waldschmidt,Arizona Diamondbacks,"3-3, 0 HR, 1 RBI",Zac Gallen,Arizona Diamondbacks,"6.0 IP, 5 K, 2 ER"
823137,2026-05-18,T-Mobile Park,Seattle Mariners,Chicago White Sox,R,6,1,Seattle Mariners,Chicago White Sox,Home,5,Bryan Woo,Noah Schultz,,Josh Naylor,Seattle Mariners,"3-4, 0 HR, 1 RBI",Bryan Woo,Seattle Mariners,"6.0 IP, 8 K, 0 ER"
823865,2026-05-19,loanDepot park,Miami Marlins,Atlanta Braves,R,4,8,Atlanta Braves,Miami Marlins,Away,4,Dylan Lee,Calvin Faucher,,Mauricio Dubón,Atlanta Braves,"3-5, 0 HR, 1 RBI",Martín Pérez,Atlanta Braves,"5.0 IP, 10 K, 4 ER"
824276,2026-05-19,Comerica Park,Detroit Tigers,Cleveland Guardians,R,3,4,Cleveland Guardians,Detroit Tigers,Away,1,Colin Holderman,Tyler Holton,Cade Smith,Travis Bazzana,Cleveland Guardians,"2-3, 1 HR, 2 RBI",Parker Messick,Cleveland Guardians,"5.0 IP, 6 K, 2 ER"
822979,2026-05-19,Tropicana Field,Tampa Bay Rays,Baltimore Orioles,R,4,1,Tampa Bay Rays,Baltimore Orioles,Home,3,Kevin Kelly,Kyle Bradish,Bryan Baker,Yandy Díaz,Tampa Bay Rays,"2-3, 1 HR, 2 RBI",Griffin Jax,Tampa Bay Rays,"5.0 IP, 6 K, 1 ER"
823464,2026-05-19,Citizens Bank Park,Philadelphia Phillies,Cincinnati Reds,R,1,4,Cincinnati Reds,Philadelphia Phillies,Away,3,Chase Burns,Jesús Luzardo,Tony Santillan,Blake Dunn,Cincinnati Reds,"2-4, 0 HR, 0 RBI",Chase Burns,Cincinnati Reds,"6.0 IP, 9 K, 1 ER"
822736,2026-05-19,Nationals Park,Washington Nationals,New York Mets,R,9,6,Washington Nationals,New York Mets,Home,3,Foster Griffin,Nolan McLean,Richard Lovelady,James Wood,Washington Nationals,"3-5, 1 HR, 4 RBI",Foster Griffin,Washington Nationals,"5.0 IP, 5 K, 5 ER"
823548,2026-05-19,Yankee Stadium,New York Yankees,Toronto Blue Jays,R,5,4,New York Yankees,Toronto Blue Jays,Home,1,Will Warren,Dylan Cease,Camilo Doval,Daulton Varsho,Toronto Blue Jays,"4-5, 0 HR, 0 RBI",Dylan Cease,Toronto Blue Jays,"5.0 IP, 9 K, 5 ER"
824112,2026-05-19,Kauffman Stadium,Kansas City Royals,Boston Red Sox,R,1,7,Boston Red Sox,Kansas City Royals,Away,6,Garrett Whitlock,Bailey Falter,,Isiah Kiner-Falefa,Boston Red Sox,"3-3, 0 HR, 0 RBI",Luinder Avila,Kansas City Royals,"3.0 IP, 3 K, 0 ER"
823704,2026-05-19,Target Field,Minnesota Twins,Houston Astros,R,1,2,Houston Astros,Minnesota Twins,Away,1,Jason Alexander,Zebby Matthews,Bryan Abreu,Josh Bell,Minnesota Twins,"2-4, 0 HR, 0 RBI",Zebby Matthews,Minnesota Twins,"6.0 IP, 6 K, 2 ER"
824677,2026-05-19,Wrigley Field,Chicago Cubs,Milwaukee Brewers,R,2,5,Milwaukee Brewers,Chicago Cubs,Away,3,Jacob Misiorowski,Ben Brown,Abner Uribe,Brice Turang,Milwaukee Brewers,"3-4, 1 HR, 2 RBI",Jacob Misiorowski,Milwaukee Brewers,"6.0 IP, 8 K, 0 ER"
823059,2026-05-19,Busch Stadium,St. Louis Cardinals,Pittsburgh Pirates,R,9,6,St. Louis Cardinals,Pittsburgh Pirates,Home,3,George Soriano,Mason Montgomery,,Jared Triolo,Pittsburgh Pirates,"3-4, 0 HR, 0 RBI",Matthew Liberatore,St. Louis Cardinals,"4.2 IP, 9 K, 4 ER"
824356,2026-05-19,Coors Field,Colorado Rockies,Texas Rangers,R,0,10,Texas Rangers,Colorado Rockies,Away,10,Kumar Rocker,Sammy Peralta,,Joc Pederson,Texas Rangers,"4-5, 0 HR, 1 RBI",Kumar Rocker,Texas Rangers,"7.2 IP, 7 K, 0 ER"
824033,2026-05-19,Angel Stadium,Los Angeles Angels,Athletics,R,6,14,Athletics,Los Angeles Angels,Away,8,Justin Sterner,Reid Detmers,,Zack Gelof,Athletics,"3-5, 1 HR, 3 RBI",Reid Detmers,Los Angeles Angels,"5.2 IP, 8 K, 8 ER"
823302,2026-05-19,Petco Park,San Diego Padres,Los Angeles Dodgers,R,4,5,Los Angeles Dodgers,San Diego Padres,Away,1,Tanner Scott,Mason Miller,Will Klein,Freddie Freeman,Los Angeles Dodgers,"2-4, 2 HR, 3 RBI",Griffin Canning,San Diego Padres,"5.0 IP, 5 K, 3 ER"
825086,2026-05-19,Chase Field,Arizona Diamondbacks,San Francisco Giants,R,5,3,Arizona Diamondbacks,San Francisco Giants,Home,2,Jonathan Loáisiga,Caleb Kilian,,Rafael Devers,San Francisco Giants,"2-4, 1 HR, 1 RBI",Kevin Ginkel,Arizona Diamondbacks,"1.0 IP, 3 K, 0 ER"
823136,2026-05-19,T-Mobile Park,Seattle Mariners,Chicago White Sox,R,1,2,Chicago White Sox,Seattle Mariners,Away,1,Bryan Hudson,Luis Castillo,Grant Taylor,Chase Meidroth,Chicago White Sox,"1-4, 0 HR, 1 RBI",Bryce Miller,Seattle Mariners,"5.2 IP, 7 K, 0 ER"
823462,2026-05-20,Citizens Bank Park,Philadelphia Phillies,Cincinnati Reds,R,4,9,Cincinnati Reds,Philadelphia Phillies,Away,5,Andrew Abbott,Aaron Nola,,Sal Stewart,Cincinnati Reds,"4-5, 1 HR, 2 RBI",Aaron Nola,Philadelphia Phillies,"5.0 IP, 5 K, 4 ER"
822977,2026-05-20,Tropicana Field,Tampa Bay Rays,Baltimore Orioles,R,5,3,Tampa Bay Rays,Baltimore Orioles,Home,2,Jesse Scholtens,Anthony Nunez,Ian Seymour,Gunnar Henderson,Baltimore Orioles,"3-5, 0 HR, 0 RBI",Shane Baz,Baltimore Orioles,"6.0 IP, 6 K, 1 ER"
823703,2026-05-20,Target Field,Minnesota Twins,Houston Astros,R,4,1,Minnesota Twins,Houston Astros,Home,3,Joe Ryan,Mike Burrows,Andrew Morris,Victor Caratini,Minnesota Twins,"2-4, 1 HR, 1 RBI",Joe Ryan,Minnesota Twins,"6.0 IP, 9 K, 1 ER"
824355,2026-05-20,Coors Field,Colorado Rockies,Texas Rangers,R,4,5,Texas Rangers,Colorado Rockies,Away,1,Jacob Latz,Brennan Bernardino,,Josh Jung,Texas Rangers,"3-4, 0 HR, 1 RBI",Jack Leiter,Texas Rangers,"5.0 IP, 5 K, 4 ER"
825084,2026-05-20,Chase Field,Arizona Diamondbacks,San Francisco Giants,R,6,3,Arizona Diamondbacks,San Francisco Giants,Home,3,Merrill Kelly,Tyler Mahle,Paul Sewald,Ketel Marte,Arizona Diamondbacks,"3-3, 1 HR, 2 RBI",Tyler Mahle,San Francisco Giants,"5.0 IP, 6 K, 6 ER"
823134,2026-05-20,T-Mobile Park,Seattle Mariners,Chicago White Sox,R,5,4,Seattle Mariners,Chicago White Sox,Home,1,Matt Brash,Sean Newcomb,José A. Ferrer,Munetaka Murakami,Chicago White Sox,"2-5, 0 HR, 1 RBI",Sean Burke,Chicago White Sox,"4.2 IP, 5 K, 2 ER"
824273,2026-05-20,Comerica Park,Detroit Tigers,Cleveland Guardians,R,2,3,Cleveland Guardians,Detroit Tigers,Away,1,Colin Holderman,Tyler Holton,Cade Smith,Zach McKinstry,Detroit Tigers,"2-4, 0 HR, 1 RBI",Drew Anderson,Detroit Tigers,"4.2 IP, 7 K, 0 ER"
823866,2026-05-20,loanDepot park,Miami Marlins,Atlanta Braves,R,1,9,Atlanta Braves,Miami Marlins,Away,8,Chris Sale,Janson Junk,,Dominic Smith,Atlanta Braves,"2-4, 1 HR, 3 RBI",Chris Sale,Atlanta Braves,"7.0 IP, 8 K, 1 ER"
822735,2026-05-20,Nationals Park,Washington Nationals,New York Mets,R,8,4,Washington Nationals,New York Mets,Home,4,Zack Littell,Zac Thornton,Andrew Alvarez,Juan Soto,New York Mets,"2-4, 2 HR, 3 RBI",Andrew Alvarez,Washington Nationals,"4.0 IP, 5 K, 2 ER"
823547,2026-05-20,Yankee Stadium,New York Yankees,Toronto Blue Jays,R,1,2,Toronto Blue Jays,New York Yankees,Away,1,Trey Yesavage,Cam Schlittler,Louis Varland,Jazz Chisholm Jr.,New York Yankees,"2-4, 0 HR, 0 RBI",Trey Yesavage,Toronto Blue Jays,"6.0 IP, 8 K, 0 ER"
824111,2026-05-20,Kauffman Stadium,Kansas City Royals,Boston Red Sox,R,3,4,Boston Red Sox,Kansas City Royals,Away,1,Connelly Early,Steven Cruz,Aroldis Chapman,Salvador Perez,Kansas City Royals,"3-4, 1 HR, 1 RBI",Michael Wacha,Kansas City Royals,"6.0 IP, 8 K, 1 ER"
824678,2026-05-20,Wrigley Field,Chicago Cubs,Milwaukee Brewers,R,0,5,Milwaukee Brewers,Chicago Cubs,Away,5,Kyle Harrison,Edward Cabrera,,David Hamilton,Milwaukee Brewers,"3-4, 0 HR, 1 RBI",Kyle Harrison,Milwaukee Brewers,"7.0 IP, 11 K, 0 ER"
823057,2026-05-20,Busch Stadium,St. Louis Cardinals,Pittsburgh Pirates,R,0,7,Pittsburgh Pirates,St. Louis Cardinals,Away,7,Carmen Mlodzinski,Michael McGreevy,,Konnor Griffin,Pittsburgh Pirates,"4-5, 0 HR, 0 RBI",Matt Pushard,St. Louis Cardinals,"1.1 IP, 2 K, 0 ER"
823299,2026-05-20,Petco Park,San Diego Padres,Los Angeles Dodgers,R,0,4,Los Angeles Dodgers,San Diego Padres,Away,4,Shohei Ohtani,Randy Vásquez,,Freddie Freeman,Los Angeles Dodgers,"2-5, 0 HR, 0 RBI",Shohei Ohtani,Los Angeles Dodgers,"5.0 IP, 4 K, 0 ER"
824032,2026-05-20,Angel Stadium,Los Angeles Angels,Athletics,R,5,6,Athletics,Los Angeles Angels,Away,1,Scott Barlow,Chase Silseth,Hogan Harris,Jo Adell,Los Angeles Angels,"2-4, 1 HR, 1 RBI",Jack Kochanowicz,Los Angeles Angels,"6.0 IP, 7 K, 3 ER"
824274,2026-05-21,Comerica Park,Detroit Tigers,Cleveland Guardians,R,1,3,Cleveland Guardians,Detroit Tigers,Away,2,Joey Cantillo,Casey Mize,Hunter Gaddis,Brayan Rocchio,Cleveland Guardians,"3-3, 0 HR, 0 RBI",Joey Cantillo,Cleveland Guardians,"5.2 IP, 6 K, 0 ER"
823056,2026-05-21,Busch Stadium,St. Louis Cardinals,Pittsburgh Pirates,R,2,6,Pittsburgh Pirates,St. Louis Cardinals,Away,4,Braxton Ashcraft,Dustin May,,Iván Herrera,St. Louis Cardinals,"2-4, 1 HR, 1 RBI",Braxton Ashcraft,Pittsburgh Pirates,"7.0 IP, 9 K, 1 ER"
822733,2026-05-21,Nationals Park,Washington Nationals,New York Mets,R,1,2,New York Mets,Washington Nationals,Away,1,David Peterson,Cade Cavalli,Devin Williams,Daylen Lile,Washington Nationals,"2-4, 0 HR, 0 RBI",Cade Cavalli,Washington Nationals,"7.0 IP, 9 K, 2 ER"
823864,2026-05-21,loanDepot park,Miami Marlins,Atlanta Braves,R,3,9,Atlanta Braves,Miami Marlins,Away,6,Spencer Strider,Sandy Alcantara,,Mike Yastrzemski,Atlanta Braves,"3-3, 1 HR, 2 RBI",Spencer Strider,Atlanta Braves,"6.1 IP, 9 K, 3 ER"
823545,2026-05-21,Yankee Stadium,New York Yankees,Toronto Blue Jays,R,0,2,Toronto Blue Jays,New York Yankees,Away,2,Adam Macko,Carlos Rodón,Jeff Hoffman,Ernie Clement,Toronto Blue Jays,"3-4, 0 HR, 0 RBI",Carlos Rodón,New York Yankees,"5.0 IP, 7 K, 1 ER"
824031,2026-05-21,Angel Stadium,Los Angeles Angels,Athletics,R,2,3,Athletics,Los Angeles Angels,Away,1,Joel Kuhnel,Ryan Zeferjahn,Mark Leiter Jr.,Brent Rooker,Athletics,"2-4, 0 HR, 0 RBI",Luis Severino,Athletics,"7.0 IP, 10 K, 2 ER"
825083,2026-05-21,Chase Field,Arizona Diamondbacks,Colorado Rockies,R,2,1,Arizona Diamondbacks,Colorado Rockies,Home,1,Paul Sewald,Juan Mejia,,Ketel Marte,Arizona Diamondbacks,"2-4, 0 HR, 0 RBI",Eduardo Rodriguez,Arizona Diamondbacks,"7.0 IP, 4 K, 0 ER"
824679,2026-05-22,Wrigley Field,Chicago Cubs,Houston Astros,R,2,4,Houston Astros,Chicago Cubs,Away,2,Spencer Arrighetti,Jameson Taillon,Bryan King,Christian Vázquez,Houston Astros,"2-4, 1 HR, 2 RBI",Jameson Taillon,Chicago Cubs,"4.2 IP, 5 K, 4 ER"
823461,2026-05-22,Citizens Bank Park,Philadelphia Phillies,Cleveland Guardians,R,0,1,Cleveland Guardians,Philadelphia Phillies,Away,1,Gavin Williams,Jhoan Duran,Cade Smith,David Fry,Cleveland Guardians,"2-3, 0 HR, 0 RBI",Gavin Williams,Cleveland Guardians,"8.0 IP, 11 K, 0 ER"
823546,2026-05-22,Yankee Stadium,New York Yankees,Tampa Bay Rays,R,2,4,Tampa Bay Rays,New York Yankees,Away,2,Ian Seymour,Tim Hill,Bryan Baker,Trent Grisham,New York Yankees,"3-5, 0 HR, 0 RBI",David Bednar,New York Yankees,"1.0 IP, 3 K, 0 ER"
822816,2026-05-22,Rogers Centre,Toronto Blue Jays,Pittsburgh Pirates,R,6,2,Toronto Blue Jays,Pittsburgh Pirates,Home,4,Kevin Gausman,Bubba Chandler,Louis Varland,Brandon Lowe,Pittsburgh Pirates,"2-3, 0 HR, 0 RBI",Bubba Chandler,Pittsburgh Pirates,"5.0 IP, 11 K, 0 ER"
824761,2026-05-22,Fenway Park,Boston Red Sox,Minnesota Twins,R,6,8,Minnesota Twins,Boston Red Sox,Away,2,Travis Adams,Justin Slaten,Anthony Banda,Byron Buxton,Minnesota Twins,"2-5, 1 HR, 3 RBI",Payton Tolle,Boston Red Sox,"6.0 IP, 9 K, 3 ER"
823863,2026-05-22,loanDepot park,Miami Marlins,New York Mets,R,2,1,Miami Marlins,New York Mets,Home,1,Eury Pérez,Sean Manaea,Pete Fairbanks,Juan Soto,New York Mets,"2-3, 1 HR, 1 RBI",Eury Pérez,Miami Marlins,"6.1 IP, 5 K, 1 ER"
824842,2026-05-22,Oriole Park at Camden Yards,Baltimore Orioles,Detroit Tigers,R,7,4,Baltimore Orioles,Detroit Tigers,Home,3,Chris Bassitt,Jack Flaherty,Anthony Nunez,Gunnar Henderson,Baltimore Orioles,"3-5, 0 HR, 0 RBI",Jack Flaherty,Detroit Tigers,"3.1 IP, 7 K, 3 ER"
824922,2026-05-22,Truist Park,Atlanta Braves,Washington Nationals,R,5,4,Atlanta Braves,Washington Nationals,Home,1,Tyler Kinley,Paxton Schultz,,Mauricio Dubón,Atlanta Braves,"3-5, 0 HR, 1 RBI",Bryce Elder,Atlanta Braves,"6.0 IP, 4 K, 1 ER"
824110,2026-05-22,Kauffman Stadium,Kansas City Royals,Seattle Mariners,R,0,2,Seattle Mariners,Kansas City Royals,Away,2,Eduard Bazardo,Nick Mears,Andrés Muñoz,Mitch Garver,Seattle Mariners,"2-4, 1 HR, 2 RBI",Noah Cameron,Kansas City Royals,"6.0 IP, 8 K, 0 ER"
823788,2026-05-22,American Family Field,Milwaukee Brewers,Los Angeles Dodgers,R,5,1,Milwaukee Brewers,Los Angeles Dodgers,Home,4,Logan Henderson,Justin Wrobleski,Chad Patrick,William Contreras,Milwaukee Brewers,"3-4, 1 HR, 3 RBI",Logan Henderson,Milwaukee Brewers,"5.0 IP, 7 K, 0 ER"
824029,2026-05-22,Angel Stadium,Los Angeles Angels,Texas Rangers,R,9,6,Los Angeles Angels,Texas Rangers,Home,3,Grayson Rodriguez,Jacob deGrom,,Oswald Peraza,Los Angeles Angels,"3-4, 1 HR, 1 RBI",Grayson Rodriguez,Los Angeles Angels,"5.2 IP, 5 K, 4 ER"
825082,2026-05-22,Chase Field,Arizona Diamondbacks,Colorado Rockies,R,2,3,Colorado Rockies,Arizona Diamondbacks,Away,1,Antonio Senzatela,Ryan Thompson,,Ryan Waldschmidt,Arizona Diamondbacks,"2-3, 0 HR, 0 RBI",Tomoyuki Sugano,Colorado Rockies,"6.2 IP, 3 K, 2 ER"
823298,2026-05-22,Petco Park,San Diego Padres,Athletics,R,7,3,San Diego Padres,Athletics,Home,4,Adrian Morejon,Jeffrey Springs,,Henry Bolte,Athletics,"2-3, 0 HR, 1 RBI",Walker Buehler,San Diego Padres,"5.0 IP, 4 K, 3 ER"
823223,2026-05-22,Oracle Park,San Francisco Giants,Chicago White Sox,R,4,9,Chicago White Sox,San Francisco Giants,Away,5,Davis Martin,Trevor McDonald,,Luis Arraez,San Francisco Giants,"2-5, 0 HR, 1 RBI",Davis Martin,Chicago White Sox,"5.2 IP, 7 K, 4 ER"
824518,2026-05-23,Great American Ball Park,Cincinnati Reds,St. Louis Cardinals,R,1,8,St. Louis Cardinals,Cincinnati Reds,Away,7,Andre Pallante,Chris Paddack,,Victor Scott II,St. Louis Cardinals,"3-4, 0 HR, 0 RBI",Chris Paddack,Cincinnati Reds,"5.0 IP, 5 K, 3 ER"
824518,2026-05-23,Great American Ball Park,Cincinnati Reds,St. Louis Cardinals,R,1,8,St. Louis Cardinals,Cincinnati Reds,Away,7,Andre Pallante,Chris Paddack,,Victor Scott II,St. Louis Cardinals,"3-4, 0 HR, 0 RBI",Chris Paddack,Cincinnati Reds,"5.0 IP, 5 K, 3 ER"
824516,2026-05-23,Great American Ball Park,Cincinnati Reds,St. Louis Cardinals,R,7,6,Cincinnati Reds,St. Louis Cardinals,Home,1,Pierce Johnson,Riley O'Brien,,Jordan Walker,St. Louis Cardinals,"3-4, 1 HR, 4 RBI",Kyle Leahy,St. Louis Cardinals,"5.0 IP, 8 K, 5 ER"
824674,2026-05-23,Wrigley Field,Chicago Cubs,Houston Astros,R,0,3,Houston Astros,Chicago Cubs,Away,3,Kai-Wei Teng,Colin Rea,Bryan King,Christian Walker,Houston Astros,"3-3, 2 HR, 3 RBI",Kai-Wei Teng,Houston Astros,"6.0 IP, 6 K, 0 ER"
822814,2026-05-23,Rogers Centre,Toronto Blue Jays,Pittsburgh Pirates,R,5,2,Toronto Blue Jays,Pittsburgh Pirates,Home,3,Patrick Corbin,Paul Skenes,Jeff Hoffman,George Springer,Toronto Blue Jays,"2-4, 1 HR, 1 RBI",Patrick Corbin,Toronto Blue Jays,"6.0 IP, 7 K, 1 ER"
823458,2026-05-23,Citizens Bank Park,Philadelphia Phillies,Cleveland Guardians,R,3,0,Philadelphia Phillies,Cleveland Guardians,Home,3,Zack Wheeler,Slade Cecconi,Jhoan Duran,Bryce Harper,Philadelphia Phillies,"3-4, 0 HR, 0 RBI",Zack Wheeler,Philadelphia Phillies,"6.0 IP, 6 K, 0 ER"
823222,2026-05-23,Oracle Park,San Francisco Giants,Chicago White Sox,R,10,3,San Francisco Giants,Chicago White Sox,Home,7,Matt Gage,Erick Fedde,,Harrison Bader,San Francisco Giants,"2-4, 1 HR, 4 RBI",Adrian Houser,San Francisco Giants,"4.2 IP, 5 K, 3 ER"
824109,2026-05-23,Kauffman Stadium,Kansas City Royals,Seattle Mariners,R,5,0,Kansas City Royals,Seattle Mariners,Home,5,Stephen Kolek,George Kirby,,Luke Raley,Seattle Mariners,"3-3, 0 HR, 0 RBI",George Kirby,Seattle Mariners,"6.0 IP, 3 K, 3 ER"
824760,2026-05-23,Fenway Park,Boston Red Sox,Minnesota Twins,R,2,4,Minnesota Twins,Boston Red Sox,Away,2,Taj Bradley,Jovani Morán,Taylor Rogers,Trevor Larnach,Minnesota Twins,"4-5, 0 HR, 0 RBI",Taj Bradley,Minnesota Twins,"5.0 IP, 7 K, 1 ER"
824920,2026-05-23,Truist Park,Atlanta Braves,Washington Nationals,R,0,2,Washington Nationals,Atlanta Braves,Away,2,Jake Irvin,Grant Holmes,Richard Lovelady,Jorbit Vivas,Washington Nationals,"2-4, 1 HR, 1 RBI",Grant Holmes,Atlanta Braves,"5.0 IP, 10 K, 2 ER"
823862,2026-05-23,loanDepot park,Miami Marlins,New York Mets,R,4,1,Miami Marlins,New York Mets,Home,3,Max Meyer,Freddy Peralta,,Liam Hicks,Miami Marlins,"2-4, 2 HR, 2 RBI",Freddy Peralta,New York Mets,"7.0 IP, 9 K, 4 ER"
823787,2026-05-23,American Family Field,Milwaukee Brewers,Los Angeles Dodgers,R,3,11,Los Angeles Dodgers,Milwaukee Brewers,Away,8,Roki Sasaki,Robert Gasser,,Teoscar Hernández,Los Angeles Dodgers,"3-4, 1 HR, 6 RBI",Robert Gasser,Milwaukee Brewers,"4.1 IP, 4 K, 4 ER"
823300,2026-05-23,Petco Park,San Diego Padres,Athletics,R,2,0,San Diego Padres,Athletics,Home,2,Lucas Giolito,J.T. Ginn,Mason Miller,Nick Kurtz,Athletics,"2-4, 0 HR, 0 RBI",J.T. Ginn,Athletics,"2.1 IP, 4 K, 2 ER"
824030,2026-05-23,Angel Stadium,Los Angeles Angels,Texas Rangers,R,5,2,Los Angeles Angels,Texas Rangers,Home,3,Walbert Ureña,Nathan Eovaldi,Kirby Yates,Alejandro Osuna,Texas Rangers,"3-3, 0 HR, 0 RBI",Walbert Ureña,Los Angeles Angels,"5.0 IP, 6 K, 1 ER"
825080,2026-05-23,Chase Field,Arizona Diamondbacks,Colorado Rockies,R,5,4,Arizona Diamondbacks,Colorado Rockies,Home,1,Zac Gallen,Michael Lorenzen,Paul Sewald,Ketel Marte,Arizona Diamondbacks,"3-4, 1 HR, 2 RBI",Zac Gallen,Arizona Diamondbacks,"5.1 IP, 6 K, 3 ER"
823543,2026-09-22,Yankee Stadium,New York Yankees,Tampa Bay Rays,R,0,0,Tampa Bay Rays,New York Yankees,Away,0,,,,,,,,,
824840,2026-05-24,Oriole Park at Camden Yards,Baltimore Orioles,Detroit Tigers,R,1,4,Detroit Tigers,Baltimore Orioles,Away,3,Troy Melton,Trevor Rogers,Drew Anderson,Dillon Dingler,Detroit Tigers,"1-3, 1 HR, 2 RBI",Drew Anderson,Detroit Tigers,"2.0 IP, 4 K, 0 ER"
822813,2026-05-24,Rogers Centre,Toronto Blue Jays,Pittsburgh Pirates,R,1,4,Pittsburgh Pirates,Toronto Blue Jays,Away,3,Mitch Keller,Dylan Cease,Gregory Soto,Esmerlyn Valdez,Pittsburgh Pirates,"1-3, 1 HR, 2 RBI",Dylan Cease,Toronto Blue Jays,"4.2 IP, 8 K, 2 ER"
824839,2026-05-24,Oriole Park at Camden Yards,Baltimore Orioles,Detroit Tigers,R,5,3,Baltimore Orioles,Detroit Tigers,Home,2,Dietrich Enns,Kenley Jansen,,Matt Vierling,Detroit Tigers,"3-4, 0 HR, 1 RBI",Framber Valdez,Detroit Tigers,"6.0 IP, 5 K, 1 ER"
824840,2026-05-24,Oriole Park at Camden Yards,Baltimore Orioles,Detroit Tigers,R,1,4,Detroit Tigers,Baltimore Orioles,Away,3,Troy Melton,Trevor Rogers,Drew Anderson,Dillon Dingler,Detroit Tigers,"1-3, 1 HR, 2 RBI",Drew Anderson,Detroit Tigers,"2.0 IP, 4 K, 0 ER"
824759,2026-05-24,Fenway Park,Boston Red Sox,Minnesota Twins,R,5,6,Minnesota Twins,Boston Red Sox,Away,1,Bailey Ober,Tyron Guerrero,Travis Adams,Orlando Arcia,Minnesota Twins,"3-5, 0 HR, 0 RBI",Sonny Gray,Boston Red Sox,"4.0 IP, 4 K, 3 ER"
823459,2026-05-24,Citizens Bank Park,Philadelphia Phillies,Cleveland Guardians,R,1,3,Cleveland Guardians,Philadelphia Phillies,Away,2,Parker Messick,Andrew Painter,Cade Smith,Travis Bazzana,Cleveland Guardians,"3-4, 1 HR, 1 RBI",Parker Messick,Cleveland Guardians,"5.2 IP, 6 K, 0 ER"
823544,2026-05-24,Yankee Stadium,New York Yankees,Tampa Bay Rays,R,2,0,New York Yankees,Tampa Bay Rays,Home,2,Tim Hill,Kevin Kelly,,Aaron Judge,New York Yankees,"2-4, 1 HR, 2 RBI",Drew Rasmussen,Tampa Bay Rays,"7.0 IP, 6 K, 0 ER"
823861,2026-05-24,loanDepot park,Miami Marlins,New York Mets,R,4,0,Miami Marlins,New York Mets,Home,4,Pete Fairbanks,Devin Williams,,Heriberto Hernández,Miami Marlins,"2-2, 1 HR, 4 RBI",Christian Scott,New York Mets,"5.2 IP, 5 K, 0 ER"
824108,2026-05-24,Kauffman Stadium,Kansas City Royals,Seattle Mariners,R,8,6,Kansas City Royals,Seattle Mariners,Home,2,Seth Lugo,Bryan Woo,,Colt Emerson,Seattle Mariners,"4-4, 0 HR, 1 RBI",Bryan Woo,Seattle Mariners,"4.2 IP, 4 K, 4 ER"
823786,2026-05-24,American Family Field,Milwaukee Brewers,Los Angeles Dodgers,R,1,5,Los Angeles Dodgers,Milwaukee Brewers,Away,4,Yoshinobu Yamamoto,Brandon Sproat,,Kyle Tucker,Los Angeles Dodgers,"2-5, 0 HR, 2 RBI",Brandon Sproat,Milwaukee Brewers,"4.0 IP, 7 K, 3 ER"
824676,2026-05-24,Wrigley Field,Chicago Cubs,Houston Astros,R,5,8,Houston Astros,Chicago Cubs,Away,3,Peter Lambert,Shota Imanaga,Nate Pearson,Nick Allen,Houston Astros,"3-3, 1 HR, 2 RBI",Shota Imanaga,Chicago Cubs,"6.0 IP, 6 K, 7 ER"
823220,2026-05-24,Oracle Park,San Francisco Giants,Chicago White Sox,R,8,5,San Francisco Giants,Chicago White Sox,Home,3,Keaton Winn,Noah Schultz,Caleb Kilian,Rafael Devers,San Francisco Giants,"2-4, 1 HR, 5 RBI",Caleb Kilian,San Francisco Giants,"1.0 IP, 3 K, 0 ER"
825081,2026-05-24,Chase Field,Arizona Diamondbacks,Colorado Rockies,R,9,1,Arizona Diamondbacks,Colorado Rockies,Home,8,Ryne Nelson,Jose Quintana,,Corbin Carroll,Arizona Diamondbacks,"4-4, 0 HR, 2 RBI",Ryne Nelson,Arizona Diamondbacks,"8.0 IP, 3 K, 1 ER"
823297,2026-05-24,Petco Park,San Diego Padres,Athletics,R,2,5,Athletics,San Diego Padres,Away,3,Jacob Lopez,Michael King,Scott Barlow,Fernando Tatis Jr.,San Diego Padres,"3-5, 0 HR, 0 RBI",Michael King,San Diego Padres,"3.2 IP, 4 K, 4 ER"
824921,2026-05-24,Truist Park,Atlanta Braves,Washington Nationals,R,1,2,Washington Nationals,Atlanta Braves,Away,1,Foster Griffin,Martín Pérez,Orlando Ribalta,Ozzie Albies,Atlanta Braves,"3-4, 0 HR, 0 RBI",Foster Griffin,Washington Nationals,"6.0 IP, 6 K, 0 ER"
824028,2026-05-24,Angel Stadium,Los Angeles Angels,Texas Rangers,R,2,1,Los Angeles Angels,Texas Rangers,Home,1,Sam Bachman,Gavin Collyer,,Jake Burger,Texas Rangers,"1-4, 1 HR, 1 RBI",Reid Detmers,Los Angeles Angels,"8.0 IP, 14 K, 1 ER"
824514,2026-08-17,Great American Ball Park,Cincinnati Reds,St. Louis Cardinals,R,0,0,St. Louis Cardinals,Cincinnati Reds,Away,0,,,,,,,,,
823380,2026-05-25,PNC Park,Pittsburgh Pirates,Chicago Cubs,R,2,1,Pittsburgh Pirates,Chicago Cubs,Home,1,Wilber Dotel,Trent Thornton,Gregory Soto,Brandon Lowe,Pittsburgh Pirates,"2-4, 0 HR, 1 RBI",Ben Brown,Chicago Cubs,"6.0 IP, 7 K, 1 ER"
824838,2026-05-25,Oriole Park at Camden Yards,Baltimore Orioles,Tampa Bay Rays,R,9,7,Baltimore Orioles,Tampa Bay Rays,Home,2,Dietrich Enns,Jesse Scholtens,,Blaze Alexander,Baltimore Orioles,"3-5, 0 HR, 1 RBI",Tyler Wells,Baltimore Orioles,"2.0 IP, 3 K, 1 ER"
824598,2026-05-25,Rate Field,Chicago White Sox,Minnesota Twins,R,3,1,Chicago White Sox,Minnesota Twins,Home,2,Anthony Kay,Zebby Matthews,Seranthony Domínguez,Chase Meidroth,Chicago White Sox,"2-4, 0 HR, 0 RBI",Zebby Matthews,Minnesota Twins,"6.0 IP, 6 K, 3 ER"
823784,2026-05-25,American Family Field,Milwaukee Brewers,St. Louis Cardinals,R,5,1,Milwaukee Brewers,St. Louis Cardinals,Home,4,Jacob Misiorowski,Matthew Liberatore,,Andrew Vaughn,Milwaukee Brewers,"3-4, 0 HR, 1 RBI",Jacob Misiorowski,Milwaukee Brewers,"7.0 IP, 12 K, 1 ER"
824107,2026-05-25,Kauffman Stadium,Kansas City Royals,New York Yankees,R,3,4,New York Yankees,Kansas City Royals,Away,1,Tim Hill,Lucas Erceg,David Bednar,J.C. Escarra,New York Yankees,"3-4, 0 HR, 0 RBI",Michael Wacha,Kansas City Royals,"7.0 IP, 5 K, 2 ER"
823625,2026-05-25,Citi Field,New York Mets,Cincinnati Reds,R,2,7,Cincinnati Reds,New York Mets,Away,5,Nick Lodolo,Nolan McLean,,Bo Bichette,New York Mets,"3-4, 0 HR, 0 RBI",Nick Lodolo,Cincinnati Reds,"6.0 IP, 7 K, 1 ER"
823219,2026-05-25,Oracle Park,San Francisco Giants,Arizona Diamondbacks,R,2,6,Arizona Diamondbacks,San Francisco Giants,Away,4,Merrill Kelly,Landen Roupp,,Ketel Marte,Arizona Diamondbacks,"4-5, 0 HR, 3 RBI",Landen Roupp,San Francisco Giants,"5.0 IP, 7 K, 2 ER"
824437,2026-05-25,Progressive Field,Cleveland Guardians,Washington Nationals,R,2,10,Washington Nationals,Cleveland Guardians,Away,8,Zack Littell,Tanner Bibee,,James Wood,Washington Nationals,"4-5, 1 HR, 1 RBI",Logan Allen,Cleveland Guardians,"4.0 IP, 7 K, 0 ER"
823296,2026-05-25,Petco Park,San Diego Padres,Philadelphia Phillies,R,0,3,Philadelphia Phillies,San Diego Padres,Away,3,Jesús Luzardo,Griffin Canning,Jhoan Duran,Kyle Schwarber,Philadelphia Phillies,"2-3, 1 HR, 1 RBI",Jesús Luzardo,Philadelphia Phillies,"6.0 IP, 6 K, 0 ER"
822899,2026-05-25,Globe Life Field,Texas Rangers,Houston Astros,R,0,9,Houston Astros,Texas Rangers,Away,9,Tatsuya Imai,Kumar Rocker,,Nick Allen,Houston Astros,"2-5, 0 HR, 2 RBI",Kumar Rocker,Texas Rangers,"5.0 IP, 5 K, 4 ER"
822812,2026-05-25,Rogers Centre,Toronto Blue Jays,Miami Marlins,R,2,8,Miami Marlins,Toronto Blue Jays,Away,6,Janson Junk,Trey Yesavage,,Nathan Lukes,Toronto Blue Jays,"3-4, 0 HR, 0 RBI",Trey Yesavage,Toronto Blue Jays,"6.2 IP, 6 K, 5 ER"
823948,2026-05-25,UNIQLO Field at Dodger Stadium,Los Angeles Dodgers,Colorado Rockies,R,5,3,Los Angeles Dodgers,Colorado Rockies,Home,2,Kyle Hurt,Brennan Bernardino,Blake Treinen,Ezequiel Tovar,Colorado Rockies,"2-3, 1 HR, 2 RBI",Emmet Sheehan,Los Angeles Dodgers,"6.0 IP, 8 K, 2 ER"
825005,2026-05-25,Sutter Health Park,Athletics,Seattle Mariners,R,2,9,Seattle Mariners,Athletics,Away,7,Bryce Miller,Aaron Civale,,Randy Arozarena,Seattle Mariners,"3-5, 1 HR, 3 RBI",Jack Perkins,Athletics,"4.2 IP, 7 K, 2 ER"
824434,2026-05-26,Progressive Field,Cleveland Guardians,Washington Nationals,R,3,6,Washington Nationals,Cleveland Guardians,Away,3,Cade Cavalli,Joey Cantillo,Mitchell Parker,James Wood,Washington Nationals,"3-4, 1 HR, 2 RBI",Cade Cavalli,Washington Nationals,"6.0 IP, 7 K, 1 ER"
824837,2026-05-26,Oriole Park at Camden Yards,Baltimore Orioles,Tampa Bay Rays,R,6,1,Baltimore Orioles,Tampa Bay Rays,Home,5,Shane Baz,Griffin Jax,,Jonathan Aranda,Tampa Bay Rays,"3-4, 0 HR, 1 RBI",Shane Baz,Baltimore Orioles,"7.0 IP, 9 K, 1 ER"
824275,2026-05-26,Comerica Park,Detroit Tigers,Los Angeles Angels,R,6,10,Los Angeles Angels,Detroit Tigers,Away,4,José Fermin,Will Vest,,Vaughn Grissom,Los Angeles Angels,"3-5, 1 HR, 6 RBI",Keider Montero,Detroit Tigers,"5.2 IP, 7 K, 4 ER"
823379,2026-05-26,PNC Park,Pittsburgh Pirates,Chicago Cubs,R,12,1,Pittsburgh Pirates,Chicago Cubs,Home,11,Braxton Ashcraft,Jordan Wicks,,Oneil Cruz,Pittsburgh Pirates,"3-3, 0 HR, 1 RBI",Braxton Ashcraft,Pittsburgh Pirates,"6.1 IP, 5 K, 1 ER"
824758,2026-05-26,Fenway Park,Boston Red Sox,Atlanta Braves,R,6,7,Atlanta Braves,Boston Red Sox,Away,1,Spencer Strider,Ranger Suarez,Raisel Iglesias,Michael Harris II,Atlanta Braves,"4-4, 1 HR, 3 RBI",Spencer Strider,Atlanta Braves,"5.0 IP, 5 K, 3 ER"
822811,2026-05-26,Rogers Centre,Toronto Blue Jays,Miami Marlins,R,8,1,Toronto Blue Jays,Miami Marlins,Home,7,Spencer Miles,Sandy Alcantara,,George Springer,Toronto Blue Jays,"3-4, 0 HR, 1 RBI",Sandy Alcantara,Miami Marlins,"5.2 IP, 4 K, 8 ER"
823624,2026-05-26,Citi Field,New York Mets,Cincinnati Reds,R,2,7,Cincinnati Reds,New York Mets,Away,5,Chase Burns,David Peterson,,JJ Bleday,Cincinnati Reds,"3-5, 0 HR, 0 RBI",Chase Burns,Cincinnati Reds,"5.1 IP, 8 K, 2 ER"
824597,2026-05-26,Rate Field,Chicago White Sox,Minnesota Twins,R,3,5,Minnesota Twins,Chicago White Sox,Away,2,Taylor Rogers,Tyler Davis,Yoendrys Gómez,Brooks Lee,Minnesota Twins,"2-5, 0 HR, 3 RBI",Joe Ryan,Minnesota Twins,"7.2 IP, 9 K, 2 ER"
824106,2026-05-26,Kauffman Stadium,Kansas City Royals,New York Yankees,R,1,15,New York Yankees,Kansas City Royals,Away,14,Cam Schlittler,Bailey Falter,Ryan Yarbrough,Amed Rosario,New York Yankees,"4-6, 2 HR, 4 RBI",Cam Schlittler,New York Yankees,"6.0 IP, 6 K, 1 ER"
823785,2026-05-26,American Family Field,Milwaukee Brewers,St. Louis Cardinals,R,6,0,Milwaukee Brewers,St. Louis Cardinals,Home,6,Kyle Harrison,Michael McGreevy,,Christian Yelich,Milwaukee Brewers,"3-5, 0 HR, 0 RBI",Michael McGreevy,St. Louis Cardinals,"4.0 IP, 6 K, 5 ER"
822898,2026-05-26,Globe Life Field,Texas Rangers,Houston Astros,R,10,7,Texas Rangers,Houston Astros,Home,3,Jack Leiter,Jason Alexander,Jacob Latz,Evan Carter,Texas Rangers,"3-4, 1 HR, 3 RBI",Jack Leiter,Texas Rangers,"6.0 IP, 4 K, 4 ER"
825004,2026-05-26,Sutter Health Park,Athletics,Seattle Mariners,R,1,4,Seattle Mariners,Athletics,Away,3,Emerson Hancock,Gage Jump,,Victor Robles,Seattle Mariners,"3-3, 0 HR, 0 RBI",Gage Jump,Athletics,"5.0 IP, 5 K, 4 ER"
823294,2026-05-26,Petco Park,San Diego Padres,Philadelphia Phillies,R,3,4,Philadelphia Phillies,San Diego Padres,Away,1,Aaron Nola,Randy Vásquez,Jhoan Duran,J.T. Realmuto,Philadelphia Phillies,"2-3, 1 HR, 1 RBI",Aaron Nola,Philadelphia Phillies,"6.0 IP, 5 K, 2 ER"
823216,2026-05-26,Oracle Park,San Francisco Giants,Arizona Diamondbacks,R,5,7,Arizona Diamondbacks,San Francisco Giants,Away,2,Eduardo Rodriguez,Tyler Mahle,Paul Sewald,Casey Schmitt,San Francisco Giants,"2-5, 1 HR, 2 RBI",Eduardo Rodriguez,Arizona Diamondbacks,"6.0 IP, 6 K, 2 ER"
823949,2026-05-26,UNIQLO Field at Dodger Stadium,Los Angeles Dodgers,Colorado Rockies,R,15,6,Los Angeles Dodgers,Colorado Rockies,Home,9,Eric Lauer,Kyle Freeland,,Andy Pages,Los Angeles Dodgers,"4-5, 1 HR, 3 RBI",Eric Lauer,Los Angeles Dodgers,"6.0 IP, 4 K, 1 ER"
822809,2026-05-27,Rogers Centre,Toronto Blue Jays,Miami Marlins,R,2,1,Toronto Blue Jays,Miami Marlins,Home,1,Jeff Hoffman,Andrew Nardi,Tyler Rogers,Otto Lopez,Miami Marlins,"4-4, 0 HR, 1 RBI",Eury Pérez,Miami Marlins,"4.0 IP, 9 K, 0 ER"
824432,2026-05-27,Progressive Field,Cleveland Guardians,Washington Nationals,R,3,2,Cleveland Guardians,Washington Nationals,Home,1,Gavin Williams,Miles Mikolas,Cade Smith,Chase DeLauter,Cleveland Guardians,"2-4, 0 HR, 1 RBI",Gavin Williams,Cleveland Guardians,"7.0 IP, 4 K, 1 ER"
823783,2026-05-27,American Family Field,Milwaukee Brewers,St. Louis Cardinals,R,2,1,Milwaukee Brewers,St. Louis Cardinals,Home,1,Aaron Ashby,Dustin May,Trevor Megill,Jordan Walker,St. Louis Cardinals,"2-4, 0 HR, 0 RBI",Dustin May,St. Louis Cardinals,"7.0 IP, 9 K, 1 ER"
825003,2026-05-27,Sutter Health Park,Athletics,Seattle Mariners,R,1,9,Seattle Mariners,Athletics,Away,8,Logan Gilbert,Jeffrey Springs,,J.P. Crawford,Seattle Mariners,"3-5, 0 HR, 0 RBI",Jeffrey Springs,Athletics,"5.0 IP, 7 K, 2 ER"
823217,2026-05-27,Oracle Park,San Francisco Giants,Arizona Diamondbacks,R,2,3,Arizona Diamondbacks,San Francisco Giants,Away,1,Michael Soroka,Trevor McDonald,Paul Sewald,Luis Arraez,San Francisco Giants,"3-4, 0 HR, 2 RBI",Trevor McDonald,San Francisco Giants,"6.1 IP, 6 K, 2 ER"
823295,2026-05-27,Petco Park,San Diego Padres,Philadelphia Phillies,R,0,3,Philadelphia Phillies,San Diego Padres,Away,3,Cristopher Sánchez,Walker Buehler,José Alvarado,Kyle Schwarber,Philadelphia Phillies,"2-4, 0 HR, 1 RBI",Cristopher Sánchez,Philadelphia Phillies,"7.0 IP, 9 K, 0 ER"
824836,2026-05-27,Oriole Park at Camden Yards,Baltimore Orioles,Tampa Bay Rays,R,11,2,Baltimore Orioles,Tampa Bay Rays,Home,9,Trey Gibson,Steven Matz,,Blaze Alexander,Baltimore Orioles,"3-4, 1 HR, 6 RBI",Andrew Kittredge,Baltimore Orioles,"1.0 IP, 3 K, 0 ER"
824270,2026-05-27,Comerica Park,Detroit Tigers,Los Angeles Angels,R,4,0,Detroit Tigers,Los Angeles Angels,Home,4,Drew Anderson,José Soriano,,Spencer Torkelson,Detroit Tigers,"3-4, 1 HR, 1 RBI",Casey Mize,Detroit Tigers,"4.0 IP, 6 K, 0 ER"
823376,2026-05-27,PNC Park,Pittsburgh Pirates,Chicago Cubs,R,4,10,Chicago Cubs,Pittsburgh Pirates,Away,6,Jacob Webb,Yohan Ramírez,,Bryan Reynolds,Pittsburgh Pirates,"3-4, 0 HR, 0 RBI",Bubba Chandler,Pittsburgh Pirates,"5.0 IP, 5 K, 4 ER"
824756,2026-05-27,Fenway Park,Boston Red Sox,Atlanta Braves,R,8,0,Boston Red Sox,Atlanta Braves,Home,8,Connelly Early,Bryce Elder,,Jarren Duran,Boston Red Sox,"4-5, 1 HR, 1 RBI",Connelly Early,Boston Red Sox,"7.0 IP, 7 K, 0 ER"
823626,2026-05-27,Citi Field,New York Mets,Cincinnati Reds,R,4,2,New York Mets,Cincinnati Reds,Home,2,Jonah Tong,Andrew Abbott,Devin Williams,Blake Dunn,Cincinnati Reds,"3-6, 0 HR, 0 RBI",Andrew Abbott,Cincinnati Reds,"6.0 IP, 4 K, 3 ER"
824596,2026-05-27,Rate Field,Chicago White Sox,Minnesota Twins,R,15,2,Chicago White Sox,Minnesota Twins,Home,13,David Sandlin,Connor Prielipp,,Sam Antonacci,Chicago White Sox,"3-4, 0 HR, 3 RBI",Connor Prielipp,Minnesota Twins,"4.1 IP, 5 K, 6 ER"
824104,2026-05-27,Kauffman Stadium,Kansas City Royals,New York Yankees,R,0,7,New York Yankees,Kansas City Royals,Away,7,Gerrit Cole,Noah Cameron,,Ryan McMahon,New York Yankees,"2-4, 1 HR, 2 RBI",Gerrit Cole,New York Yankees,"6.2 IP, 10 K, 0 ER"
822897,2026-05-27,Globe Life Field,Texas Rangers,Houston Astros,R,3,4,Houston Astros,Texas Rangers,Away,1,Mike Burrows,Tyler Alexander,Enyel De Los Santos,Joc Pederson,Texas Rangers,"3-4, 2 HR, 2 RBI",Jacob deGrom,Texas Rangers,"6.0 IP, 6 K, 2 ER"
823947,2026-05-27,UNIQLO Field at Dodger Stadium,Los Angeles Dodgers,Colorado Rockies,R,4,1,Los Angeles Dodgers,Colorado Rockies,Home,3,Shohei Ohtani,Tomoyuki Sugano,Kyle Hurt,Freddie Freeman,Los Angeles Dodgers,"2-4, 1 HR, 1 RBI",Shohei Ohtani,Los Angeles Dodgers,"6.0 IP, 7 K, 1 ER"
824272,2026-05-28,Comerica Park,Detroit Tigers,Los Angeles Angels,R,1,7,Los Angeles Angels,Detroit Tigers,Away,6,Grayson Rodriguez,Jack Flaherty,,Donovan Walton,Los Angeles Angels,"3-4, 0 HR, 0 RBI",Jack Flaherty,Detroit Tigers,"5.2 IP, 9 K, 3 ER"
824595,2026-05-28,Rate Field,Chicago White Sox,Minnesota Twins,R,6,2,Chicago White Sox,Minnesota Twins,Home,4,Davis Martin,Simeon Woods Richardson,,Tristan Peters,Chicago White Sox,"3-4, 0 HR, 1 RBI",Davis Martin,Chicago White Sox,"6.0 IP, 5 K, 1 ER"
824757,2026-05-28,Fenway Park,Boston Red Sox,Atlanta Braves,R,2,10,Atlanta Braves,Boston Red Sox,Away,8,Chris Sale,Danny Coulombe,,Ozzie Albies,Atlanta Braves,"3-5, 1 HR, 2 RBI",Chris Sale,Atlanta Braves,"5.0 IP, 8 K, 2 ER"
824834,2026-05-28,Oriole Park at Camden Yards,Baltimore Orioles,Toronto Blue Jays,R,1,2,Toronto Blue Jays,Baltimore Orioles,Away,1,Jeff Hoffman,Anthony Nunez,Louis Varland,Taylor Ward,Baltimore Orioles,"2-3, 0 HR, 0 RBI",Patrick Corbin,Toronto Blue Jays,"5.0 IP, 4 K, 1 ER"
823378,2026-05-28,PNC Park,Pittsburgh Pirates,Chicago Cubs,R,2,7,Chicago Cubs,Pittsburgh Pirates,Away,5,Colin Rea,Paul Skenes,,Ian Happ,Chicago Cubs,"3-5, 1 HR, 2 RBI",Paul Skenes,Pittsburgh Pirates,"5.1 IP, 10 K, 1 ER"
822896,2026-05-28,Globe Life Field,Texas Rangers,Houston Astros,R,1,5,Houston Astros,Texas Rangers,Away,4,Spencer Arrighetti,Nathan Eovaldi,,Josh Jung,Texas Rangers,"2-3, 1 HR, 1 RBI",Nathan Eovaldi,Texas Rangers,"7.0 IP, 6 K, 5 ER"
824515,2026-05-29,Great American Ball Park,Cincinnati Reds,Atlanta Braves,R,3,8,Atlanta Braves,Cincinnati Reds,Away,5,Didier Fuentes,Chris Paddack,,Michael Harris II,Atlanta Braves,"3-5, 0 HR, 3 RBI",Grant Holmes,Atlanta Braves,"4.2 IP, 5 K, 3 ER"
822732,2026-05-29,Nationals Park,Washington Nationals,San Diego Padres,R,5,7,San Diego Padres,Washington Nationals,Away,2,Jeremiah Estrada,Mitchell Parker,Mason Miller,Fernando Tatis Jr.,San Diego Padres,"3-5, 0 HR, 1 RBI",Cole Henry,Washington Nationals,"2.0 IP, 2 K, 0 ER"
823377,2026-05-29,PNC Park,Pittsburgh Pirates,Minnesota Twins,R,6,5,Pittsburgh Pirates,Minnesota Twins,Home,1,Gregory Soto,Taylor Rogers,,Trevor Larnach,Minnesota Twins,"2-4, 1 HR, 2 RBI",Jared Jones,Pittsburgh Pirates,"4.1 IP, 6 K, 5 ER"
824835,2026-05-29,Oriole Park at Camden Yards,Baltimore Orioles,Toronto Blue Jays,R,5,6,Toronto Blue Jays,Baltimore Orioles,Away,1,Mason Fluharty,Yennier Cano,Braydon Fisher,Samuel Basallo,Baltimore Orioles,"2-3, 1 HR, 2 RBI",Trevor Rogers,Baltimore Orioles,"6.0 IP, 3 K, 4 ER"
824433,2026-05-29,Progressive Field,Cleveland Guardians,Boston Red Sox,R,4,3,Cleveland Guardians,Boston Red Sox,Home,1,Colin Holderman,Tyler Samaniego,Cade Smith,Marcelo Mayer,Boston Red Sox,"2-4, 0 HR, 1 RBI",Brayan Bello,Boston Red Sox,"7.0 IP, 5 K, 0 ER"
822978,2026-05-29,Tropicana Field,Tampa Bay Rays,Los Angeles Angels,R,8,5,Tampa Bay Rays,Los Angeles Angels,Home,3,Nick Martinez,Ryan Zeferjahn,Bryan Baker,Yandy Díaz,Tampa Bay Rays,"2-5, 2 HR, 3 RBI",Nick Martinez,Tampa Bay Rays,"7.0 IP, 5 K, 2 ER"
823623,2026-05-29,Citi Field,New York Mets,Miami Marlins,R,9,7,New York Mets,Miami Marlins,Home,2,Austin Warren,Pete Fairbanks,,Kyle Stowers,Miami Marlins,"3-5, 0 HR, 1 RBI",Max Meyer,Miami Marlins,"6.0 IP, 6 K, 5 ER"
823055,2026-05-29,Busch Stadium,St. Louis Cardinals,Chicago Cubs,R,6,5,St. Louis Cardinals,Chicago Cubs,Home,1,Gordon Graceffo,Shota Imanaga,Riley O'Brien,Michael Busch,Chicago Cubs,"3-5, 0 HR, 2 RBI",Andre Pallante,St. Louis Cardinals,"3.0 IP, 3 K, 4 ER"
824594,2026-05-29,Rate Field,Chicago White Sox,Detroit Tigers,R,4,3,Chicago White Sox,Detroit Tigers,Home,1,Bryan Hudson,Drew Anderson,,Miguel Vargas,Chicago White Sox,"2-5, 1 HR, 3 RBI",Erick Fedde,Chicago White Sox,"4.0 IP, 3 K, 2 ER"
822894,2026-05-29,Globe Life Field,Texas Rangers,Kansas City Royals,R,9,1,Texas Rangers,Kansas City Royals,Home,8,MacKenzie Gore,Stephen Kolek,,Ezequiel Duran,Texas Rangers,"2-4, 0 HR, 2 RBI",Stephen Kolek,Kansas City Royals,"5.0 IP, 5 K, 4 ER"
824191,2026-05-29,Daikin Park,Houston Astros,Milwaukee Brewers,R,4,5,Milwaukee Brewers,Houston Astros,Away,1,Abner Uribe,Alimber Santa,Trevor Megill,Cam Smith,Houston Astros,"2-4, 1 HR, 2 RBI",Kai-Wei Teng,Houston Astros,"5.0 IP, 7 K, 3 ER"
824353,2026-05-29,Coors Field,Colorado Rockies,San Francisco Giants,R,8,6,Colorado Rockies,San Francisco Giants,Home,2,Juan Mejia,Caleb Kilian,,Jung Hoo Lee,San Francisco Giants,"4-5, 0 HR, 0 RBI",Logan Webb,San Francisco Giants,"4.1 IP, 5 K, 1 ER"
825002,2026-05-29,Sutter Health Park,Athletics,New York Yankees,R,2,8,New York Yankees,Athletics,Away,6,Carlos Rodón,Luis Severino,,Ben Rice,New York Yankees,"4-5, 1 HR, 2 RBI",Carlos Rodón,New York Yankees,"6.0 IP, 3 K, 1 ER"
823135,2026-05-29,T-Mobile Park,Seattle Mariners,Arizona Diamondbacks,R,7,6,Seattle Mariners,Arizona Diamondbacks,Home,1,Cooper Criswell,Juan Morillo,,Julio Rodríguez,Seattle Mariners,"3-5, 1 HR, 2 RBI",George Kirby,Seattle Mariners,"5.1 IP, 4 K, 4 ER"
823946,2026-05-29,UNIQLO Field at Dodger Stadium,Los Angeles Dodgers,Philadelphia Phillies,R,4,2,Los Angeles Dodgers,Philadelphia Phillies,Home,2,Justin Wrobleski,Zack Wheeler,Tanner Scott,Shohei Ohtani,Los Angeles Dodgers,"3-4, 1 HR, 1 RBI",Justin Wrobleski,Los Angeles Dodgers,"7.0 IP, 9 K, 1 ER"
824593,2026-05-30,Rate Field,Chicago White Sox,Detroit Tigers,R,7,1,Chicago White Sox,Detroit Tigers,Home,6,Anthony Kay,Framber Valdez,,Edgar Quero,Chicago White Sox,"2-3, 1 HR, 2 RBI",Grant Taylor,Chicago White Sox,"2.0 IP, 4 K, 0 ER"
822731,2026-05-30,Nationals Park,Washington Nationals,San Diego Padres,R,9,4,Washington Nationals,San Diego Padres,Home,5,Brad Lord,Michael King,Clayton Beeter,Manny Machado,San Diego Padres,"2-4, 1 HR, 2 RBI",Foster Griffin,Washington Nationals,"5.0 IP, 5 K, 3 ER"
822893,2026-05-30,Globe Life Field,Texas Rangers,Kansas City Royals,R,7,6,Texas Rangers,Kansas City Royals,Home,1,Peyton Gray,Lucas Erceg,,Josh Jung,Texas Rangers,"3-5, 1 HR, 1 RBI",Seth Lugo,Kansas City Royals,"6.0 IP, 6 K, 1 ER"
824833,2026-05-30,Oriole Park at Camden Yards,Baltimore Orioles,Toronto Blue Jays,R,6,5,Baltimore Orioles,Toronto Blue Jays,Home,1,Albert Suárez,Jeff Hoffman,,Vladimir Guerrero Jr.,Toronto Blue Jays,"4-5, 0 HR, 0 RBI",Brandon Young,Baltimore Orioles,"6.2 IP, 7 K, 2 ER"
823375,2026-05-30,PNC Park,Pittsburgh Pirates,Minnesota Twins,R,10,9,Pittsburgh Pirates,Minnesota Twins,Home,1,Yohan Ramírez,Bailey Ober,Gregory Soto,Jake Mangum,Pittsburgh Pirates,"3-4, 1 HR, 2 RBI",Mitch Keller,Pittsburgh Pirates,"4.0 IP, 5 K, 7 ER"
824431,2026-05-30,Progressive Field,Cleveland Guardians,Boston Red Sox,R,1,9,Boston Red Sox,Cleveland Guardians,Away,8,Sonny Gray,Matt Festa,,Jarren Duran,Boston Red Sox,"2-6, 1 HR, 3 RBI",Sonny Gray,Boston Red Sox,"6.0 IP, 7 K, 1 ER"
822975,2026-05-30,Tropicana Field,Tampa Bay Rays,Los Angeles Angels,R,3,14,Los Angeles Angels,Tampa Bay Rays,Away,11,Reid Detmers,Drew Rasmussen,,Wade Meckler,Los Angeles Angels,"2-4, 1 HR, 4 RBI",Reid Detmers,Los Angeles Angels,"5.0 IP, 7 K, 3 ER"
823622,2026-05-30,Citi Field,New York Mets,Miami Marlins,R,6,1,New York Mets,Miami Marlins,Home,5,Christian Scott,Tyler Phillips,,Liam Hicks,Miami Marlins,"3-4, 0 HR, 1 RBI",Christian Scott,New York Mets,"5.0 IP, 8 K, 1 ER"
824190,2026-05-30,Daikin Park,Houston Astros,Milwaukee Brewers,R,9,2,Houston Astros,Milwaukee Brewers,Home,7,Peter Lambert,Brandon Sproat,,Jeremy Peña,Houston Astros,"3-5, 1 HR, 2 RBI",AJ Blubaugh,Houston Astros,"3.0 IP, 4 K, 0 ER"
823054,2026-05-30,Busch Stadium,St. Louis Cardinals,Chicago Cubs,R,1,6,Chicago Cubs,St. Louis Cardinals,Away,5,Ben Brown,Ryan Fernandez,,Pete Crow-Armstrong,Chicago Cubs,"4-5, 1 HR, 2 RBI",Ben Brown,Chicago Cubs,"7.0 IP, 6 K, 1 ER"
824513,2026-05-30,Great American Ball Park,Cincinnati Reds,Atlanta Braves,R,2,5,Atlanta Braves,Cincinnati Reds,Away,3,Martín Pérez,Brady Singer,Raisel Iglesias,Ronald Acuña Jr.,Atlanta Braves,"2-4, 2 HR, 2 RBI",Brady Singer,Cincinnati Reds,"5.0 IP, 2 K, 3 ER"
824352,2026-05-30,Coors Field,Colorado Rockies,San Francisco Giants,R,8,3,Colorado Rockies,San Francisco Giants,Home,5,Ryan Feltner,Adrian Houser,,Jake McCarthy,Colorado Rockies,"3-4, 1 HR, 4 RBI",Adrian Houser,San Francisco Giants,"3.2 IP, 4 K, 4 ER"
825000,2026-05-30,Sutter Health Park,Athletics,New York Yankees,R,6,4,Athletics,New York Yankees,Home,2,J.T. Ginn,Ryan Weathers,Scott Barlow,Nick Kurtz,Athletics,"3-4, 1 HR, 2 RBI",Ryan Weathers,New York Yankees,"6.2 IP, 10 K, 5 ER"
823132,2026-05-30,T-Mobile Park,Seattle Mariners,Arizona Diamondbacks,R,5,1,Seattle Mariners,Arizona Diamondbacks,Home,4,Bryan Woo,Ryne Nelson,,Dominic Canzone,Seattle Mariners,"2-4, 1 HR, 1 RBI",Bryan Woo,Seattle Mariners,"7.0 IP, 9 K, 0 ER"
823945,2026-05-30,UNIQLO Field at Dodger Stadium,Los Angeles Dodgers,Philadelphia Phillies,R,3,4,Philadelphia Phillies,Los Angeles Dodgers,Away,1,Orion Kerkering,Tanner Scott,Jhoan Duran,Mookie Betts,Los Angeles Dodgers,"3-4, 0 HR, 1 RBI",Roki Sasaki,Los Angeles Dodgers,"5.1 IP, 7 K, 1 ER"
824832,2026-05-31,Oriole Park at Camden Yards,Baltimore Orioles,Toronto Blue Jays,R,9,5,Baltimore Orioles,Toronto Blue Jays,Home,4,Kyle Bradish,Spencer Miles,,Colton Cowser,Baltimore Orioles,"2-3, 1 HR, 4 RBI",Kyle Bradish,Baltimore Orioles,"7.0 IP, 4 K, 0 ER"
822729,2026-05-31,Nationals Park,Washington Nationals,San Diego Padres,R,4,2,Washington Nationals,San Diego Padres,Home,2,Zack Littell,Griffin Canning,Clayton Beeter,Jackson Merrill,San Diego Padres,"3-4, 0 HR, 0 RBI",Zack Littell,Washington Nationals,"6.0 IP, 5 K, 2 ER"
823373,2026-05-31,PNC Park,Pittsburgh Pirates,Minnesota Twins,R,9,3,Pittsburgh Pirates,Minnesota Twins,Home,6,Braxton Ashcraft,Zebby Matthews,,Brooks Lee,Minnesota Twins,"2-4, 2 HR, 3 RBI",Braxton Ashcraft,Pittsburgh Pirates,"6.0 IP, 11 K, 2 ER"
824430,2026-05-31,Progressive Field,Cleveland Guardians,Boston Red Sox,R,4,9,Boston Red Sox,Cleveland Guardians,Away,5,Jovani Morán,Colin Holderman,,Chase DeLauter,Cleveland Guardians,"3-5, 0 HR, 1 RBI",Ranger Suarez,Boston Red Sox,"5.0 IP, 10 K, 4 ER"
822976,2026-05-31,Tropicana Field,Tampa Bay Rays,Los Angeles Angels,R,5,2,Tampa Bay Rays,Los Angeles Angels,Home,3,Shane McClanahan,Jack Kochanowicz,Bryan Baker,Logan O'Hoppe,Los Angeles Angels,"2-4, 1 HR, 1 RBI",Mitch Farris,Los Angeles Angels,"4.0 IP, 4 K, 0 ER"
824512,2026-05-31,Great American Ball Park,Cincinnati Reds,Atlanta Braves,R,6,4,Cincinnati Reds,Atlanta Braves,Home,2,Nick Lodolo,Spencer Strider,Sam Moll,Ronald Acuña Jr.,Atlanta Braves,"2-3, 1 HR, 2 RBI",Spencer Strider,Atlanta Braves,"5.0 IP, 8 K, 3 ER"
823621,2026-05-31,Citi Field,New York Mets,Miami Marlins,R,10,1,New York Mets,Miami Marlins,Home,9,Nolan McLean,John King,David Peterson,Juan Soto,New York Mets,"2-4, 1 HR, 4 RBI",David Peterson,New York Mets,"4.0 IP, 3 K, 0 ER"
824592,2026-05-31,Rate Field,Chicago White Sox,Detroit Tigers,R,2,1,Chicago White Sox,Detroit Tigers,Home,1,Brandon Eisert,Drew Anderson,Tyler Davis,Tristan Peters,Chicago White Sox,"2-3, 0 HR, 1 RBI",Sean Burke,Chicago White Sox,"5.1 IP, 6 K, 1 ER"
824187,2026-05-31,Daikin Park,Houston Astros,Milwaukee Brewers,R,0,2,Milwaukee Brewers,Houston Astros,Away,2,Jacob Misiorowski,Tatsuya Imai,Trevor Megill,Andrew Vaughn,Milwaukee Brewers,"2-4, 0 HR, 0 RBI",Jacob Misiorowski,Milwaukee Brewers,"7.0 IP, 8 K, 0 ER"
822895,2026-05-31,Globe Life Field,Texas Rangers,Kansas City Royals,R,6,3,Texas Rangers,Kansas City Royals,Home,3,Jack Leiter,Michael Wacha,Jacob Latz,Michael Massey,Kansas City Royals,"2-3, 1 HR, 2 RBI",Jack Leiter,Texas Rangers,"5.2 IP, 10 K, 0 ER"
824354,2026-05-31,Coors Field,Colorado Rockies,San Francisco Giants,R,6,19,San Francisco Giants,Colorado Rockies,Away,13,Caleb Kilian,Tanner Gordon,,Jung Hoo Lee,San Francisco Giants,"5-6, 0 HR, 2 RBI",Robbie Ray,San Francisco Giants,"4.0 IP, 6 K, 1 ER"
825001,2026-05-31,Sutter Health Park,Athletics,New York Yankees,R,8,13,New York Yankees,Athletics,Away,5,Will Warren,Jacob Lopez,,Brent Rooker,Athletics,"2-5, 1 HR, 1 RBI",Will Warren,New York Yankees,"6.0 IP, 5 K, 0 ER"
823133,2026-05-31,T-Mobile Park,Seattle Mariners,Arizona Diamondbacks,R,3,2,Seattle Mariners,Arizona Diamondbacks,Home,1,Luis Castillo,Jonathan Loáisiga,,Dominic Canzone,Seattle Mariners,"2-3, 1 HR, 1 RBI",Bryce Miller,Seattle Mariners,"5.0 IP, 6 K, 0 ER"
823944,2026-05-31,UNIQLO Field at Dodger Stadium,Los Angeles Dodgers,Philadelphia Phillies,R,9,1,Los Angeles Dodgers,Philadelphia Phillies,Home,8,Yoshinobu Yamamoto,Andrew Painter,,Alex Freeland,Los Angeles Dodgers,"2-3, 1 HR, 2 RBI",Yoshinobu Yamamoto,Los Angeles Dodgers,"5.1 IP, 10 K, 0 ER"
823053,2026-05-31,Busch Stadium,St. Louis Cardinals,Chicago Cubs,R,5,1,St. Louis Cardinals,Chicago Cubs,Home,4,Matthew Liberatore,Jordan Wicks,Hunter Dobbins,JJ Wetherholt,St. Louis Cardinals,"2-3, 0 HR, 0 RBI",Hunter Dobbins,St. Louis Cardinals,"3.2 IP, 4 K, 1 ER"
822974,2026-06-01,Tropicana Field,Tampa Bay Rays,Detroit Tigers,R,9,10,Detroit Tigers,Tampa Bay Rays,Away,1,Tyler Holton,Griffin Jax,Will Vest,Dillon Dingler,Detroit Tigers,"4-5, 2 HR, 4 RBI",Griffin Jax,Tampa Bay Rays,"4.0 IP, 5 K, 6 ER"
822730,2026-06-01,Nationals Park,Washington Nationals,Miami Marlins,R,3,7,Miami Marlins,Washington Nationals,Away,4,Sandy Alcantara,Richard Lovelady,,Otto Lopez,Miami Marlins,"3-4, 0 HR, 0 RBI",Cade Cavalli,Washington Nationals,"5.0 IP, 6 K, 2 ER"
824510,2026-06-01,Great American Ball Park,Cincinnati Reds,Kansas City Royals,R,2,9,Kansas City Royals,Cincinnati Reds,Away,7,Luinder Avila,Lyon Richardson,,Lane Thomas,Kansas City Royals,"3-5, 1 HR, 4 RBI",Luinder Avila,Kansas City Royals,"5.0 IP, 5 K, 1 ER"
823702,2026-06-01,Target Field,Minnesota Twins,Chicago White Sox,R,9,6,Minnesota Twins,Chicago White Sox,Home,3,Joe Ryan,David Sandlin,,Miguel Vargas,Chicago White Sox,"3-5, 2 HR, 4 RBI",Joe Ryan,Minnesota Twins,"6.0 IP, 9 K, 4 ER"
823781,2026-06-01,American Family Field,Milwaukee Brewers,San Francisco Giants,R,16,2,Milwaukee Brewers,San Francisco Giants,Home,14,Chad Patrick,Landen Roupp,,Christian Yelich,Milwaukee Brewers,"3-5, 0 HR, 2 RBI",Shane Drohan,Milwaukee Brewers,"4.0 IP, 5 K, 2 ER"
823050,2026-06-01,Busch Stadium,St. Louis Cardinals,Texas Rangers,R,1,2,Texas Rangers,St. Louis Cardinals,Away,1,Jacob deGrom,Michael McGreevy,Jacob Latz,Ezequiel Duran,Texas Rangers,"3-4, 0 HR, 1 RBI",Jacob deGrom,Texas Rangers,"5.0 IP, 8 K, 0 ER"
824027,2026-06-01,Angel Stadium,Los Angeles Angels,Colorado Rockies,R,8,9,Colorado Rockies,Los Angeles Angels,Away,1,Antonio Senzatela,Kirby Yates,,Jorge Soler,Los Angeles Angels,"3-5, 0 HR, 2 RBI",José Soriano,Los Angeles Angels,"4.2 IP, 7 K, 2 ER"
825078,2026-06-01,Chase Field,Arizona Diamondbacks,Los Angeles Dodgers,R,4,1,Arizona Diamondbacks,Los Angeles Dodgers,Home,3,Taylor Clarke,Emmet Sheehan,Paul Sewald,Shohei Ohtani,Los Angeles Dodgers,"3-4, 0 HR, 0 RBI",Eduardo Rodriguez,Arizona Diamondbacks,"6.0 IP, 3 K, 1 ER"
823131,2026-06-01,T-Mobile Park,Seattle Mariners,New York Mets,R,3,2,Seattle Mariners,New York Mets,Home,1,Gabe Speier,A.J. Minter,,Cole Young,Seattle Mariners,"2-3, 0 HR, 1 RBI",Emerson Hancock,Seattle Mariners,"6.0 IP, 7 K, 2 ER"
822971,2026-06-02,Tropicana Field,Tampa Bay Rays,Detroit Tigers,R,0,8,Detroit Tigers,Tampa Bay Rays,Away,8,Jack Flaherty,Steven Matz,Enmanuel De Jesus,Wenceel Pérez,Detroit Tigers,"2-4, 1 HR, 2 RBI",Jack Flaherty,Detroit Tigers,"5.0 IP, 6 K, 0 ER"
823460,2026-06-02,Citizens Bank Park,Philadelphia Phillies,San Diego Padres,R,3,2,Philadelphia Phillies,San Diego Padres,Home,1,José Alvarado,Jeremiah Estrada,Jhoan Duran,Brandon Marsh,Philadelphia Phillies,"4-4, 0 HR, 0 RBI",Aaron Nola,Philadelphia Phillies,"5.0 IP, 8 K, 2 ER"
824754,2026-06-02,Fenway Park,Boston Red Sox,Baltimore Orioles,R,2,4,Baltimore Orioles,Boston Red Sox,Away,2,Shane Baz,Connelly Early,Rico Garcia,Pete Alonso,Baltimore Orioles,"2-4, 1 HR, 2 RBI",Connelly Early,Boston Red Sox,"5.1 IP, 6 K, 4 ER"
822728,2026-06-02,Nationals Park,Washington Nationals,Miami Marlins,R,3,7,Miami Marlins,Washington Nationals,Away,4,John King,Miles Mikolas,,Heriberto Hernández,Miami Marlins,"2-5, 2 HR, 3 RBI",Miles Mikolas,Washington Nationals,"6.0 IP, 4 K, 6 ER"
823541,2026-06-02,Yankee Stadium,New York Yankees,Cleveland Guardians,R,4,9,Cleveland Guardians,New York Yankees,Away,5,Colin Holderman,Cam Schlittler,,Paul Goldschmidt,New York Yankees,"3-5, 1 HR, 4 RBI",Brent Headrick,New York Yankees,"1.2 IP, 4 K, 0 ER"
824511,2026-06-02,Great American Ball Park,Cincinnati Reds,Kansas City Royals,R,4,3,Cincinnati Reds,Kansas City Royals,Home,1,Brock Burke,John Schreiber,,Spencer Steer,Cincinnati Reds,"2-4, 2 HR, 2 RBI",Noah Cameron,Kansas City Royals,"7.0 IP, 8 K, 1 ER"
824918,2026-06-02,Truist Park,Atlanta Braves,Toronto Blue Jays,R,4,3,Atlanta Braves,Toronto Blue Jays,Home,1,Bryce Elder,Kevin Gausman,Raisel Iglesias,Kazuma Okamoto,Toronto Blue Jays,"2-3, 1 HR, 2 RBI",Kevin Gausman,Toronto Blue Jays,"6.0 IP, 8 K, 4 ER"
823700,2026-06-02,Target Field,Minnesota Twins,Chicago White Sox,R,6,4,Minnesota Twins,Chicago White Sox,Home,2,Connor Prielipp,Davis Martin,Yoendrys Gómez,Tristan Gray,Minnesota Twins,"2-4, 0 HR, 2 RBI",Connor Prielipp,Minnesota Twins,"6.0 IP, 7 K, 4 ER"
823782,2026-06-02,American Family Field,Milwaukee Brewers,San Francisco Giants,R,8,3,Milwaukee Brewers,San Francisco Giants,Home,5,Kyle Harrison,Trevor McDonald,,Daniel Susac,San Francisco Giants,"3-4, 0 HR, 0 RBI",Kyle Harrison,Milwaukee Brewers,"5.2 IP, 12 K, 1 ER"
823052,2026-06-02,Busch Stadium,St. Louis Cardinals,Texas Rangers,R,4,7,Texas Rangers,St. Louis Cardinals,Away,3,Cal Quantrill,Riley O'Brien,Jakob Junis,Joc Pederson,Texas Rangers,"3-4, 0 HR, 2 RBI",Dustin May,St. Louis Cardinals,"5.2 IP, 9 K, 3 ER"
824675,2026-06-02,Wrigley Field,Chicago Cubs,Athletics,R,1,2,Athletics,Chicago Cubs,Away,1,Gage Jump,Jameson Taillon,Hogan Harris,Pete Crow-Armstrong,Chicago Cubs,"2-4, 0 HR, 0 RBI",Jameson Taillon,Chicago Cubs,"6.1 IP, 6 K, 2 ER"
824189,2026-06-02,Daikin Park,Houston Astros,Pittsburgh Pirates,R,6,10,Pittsburgh Pirates,Houston Astros,Away,4,Bubba Chandler,Mike Burrows,Gregory Soto,Jeremy Peña,Houston Astros,"3-5, 0 HR, 2 RBI",AJ Blubaugh,Houston Astros,"1.0 IP, 3 K, 1 ER"
824026,2026-06-02,Angel Stadium,Los Angeles Angels,Colorado Rockies,R,2,8,Colorado Rockies,Los Angeles Angels,Away,6,Tomoyuki Sugano,Grayson Rodriguez,,Hunter Goodman,Colorado Rockies,"2-4, 1 HR, 1 RBI",Sam Aldegheri,Los Angeles Angels,"5.1 IP, 5 K, 0 ER"
825079,2026-06-02,Chase Field,Arizona Diamondbacks,Los Angeles Dodgers,R,5,6,Los Angeles Dodgers,Arizona Diamondbacks,Away,1,Blake Treinen,Michael Soroka,Tanner Scott,Freddie Freeman,Los Angeles Dodgers,"3-5, 1 HR, 2 RBI",Michael Soroka,Arizona Diamondbacks,"6.0 IP, 6 K, 4 ER"
823129,2026-06-02,T-Mobile Park,Seattle Mariners,New York Mets,R,8,3,Seattle Mariners,New York Mets,Home,5,Logan Gilbert,Jonah Tong,,Dominic Canzone,Seattle Mariners,"3-4, 0 HR, 0 RBI",Logan Gilbert,Seattle Mariners,"5.1 IP, 8 K, 3 ER"
822727,2026-06-03,Nationals Park,Washington Nationals,Miami Marlins,R,1,4,Miami Marlins,Washington Nationals,Away,3,Max Meyer,Clayton Beeter,Pete Fairbanks,Joe Mack,Miami Marlins,"2-3, 0 HR, 2 RBI",Max Meyer,Miami Marlins,"7.0 IP, 7 K, 1 ER"
822973,2026-06-03,Tropicana Field,Tampa Bay Rays,Detroit Tigers,R,2,7,Detroit Tigers,Tampa Bay Rays,Away,5,Troy Melton,Nick Martinez,,Gleyber Torres,Detroit Tigers,"3-5, 0 HR, 0 RBI",Troy Melton,Detroit Tigers,"8.0 IP, 5 K, 2 ER"
823701,2026-06-03,Target Field,Minnesota Twins,Chicago White Sox,R,0,8,Chicago White Sox,Minnesota Twins,Away,8,Erick Fedde,Taj Bradley,,Sam Antonacci,Chicago White Sox,"4-4, 0 HR, 1 RBI",Taj Bradley,Minnesota Twins,"4.2 IP, 5 K, 4 ER"
823130,2026-06-03,T-Mobile Park,Seattle Mariners,New York Mets,R,1,7,New York Mets,Seattle Mariners,Away,6,Freddy Peralta,George Kirby,,Bo Bichette,New York Mets,"4-4, 0 HR, 3 RBI",Freddy Peralta,New York Mets,"6.0 IP, 6 K, 1 ER"
823456,2026-06-03,Citizens Bank Park,Philadelphia Phillies,San Diego Padres,R,3,2,Philadelphia Phillies,San Diego Padres,Home,1,Cristopher Sánchez,Jason Adam,Jhoan Duran,Brandon Marsh,Philadelphia Phillies,"2-4, 0 HR, 0 RBI",Cristopher Sánchez,Philadelphia Phillies,"7.0 IP, 8 K, 1 ER"
824755,2026-06-03,Fenway Park,Boston Red Sox,Baltimore Orioles,R,8,1,Boston Red Sox,Baltimore Orioles,Home,7,Payton Tolle,Chris Bassitt,Ryan Watson,Ceddanne Rafaela,Boston Red Sox,"3-5, 0 HR, 1 RBI",Payton Tolle,Boston Red Sox,"6.0 IP, 5 K, 0 ER"
823540,2026-06-03,Yankee Stadium,New York Yankees,Cleveland Guardians,R,4,5,Cleveland Guardians,New York Yankees,Away,1,Gavin Williams,Gerrit Cole,Cade Smith,José Ramírez,Cleveland Guardians,"3-4, 1 HR, 1 RBI",Gavin Williams,Cleveland Guardians,"5.1 IP, 6 K, 3 ER"
824509,2026-06-03,Great American Ball Park,Cincinnati Reds,Kansas City Royals,R,2,5,Kansas City Royals,Cincinnati Reds,Away,3,Daniel Lynch IV,Tony Santillan,Alex Lange,Blake Dunn,Cincinnati Reds,"2-5, 1 HR, 2 RBI",Chase Burns,Cincinnati Reds,"6.0 IP, 9 K, 2 ER"
824917,2026-06-03,Truist Park,Atlanta Braves,Toronto Blue Jays,R,7,3,Atlanta Braves,Toronto Blue Jays,Home,4,Grant Holmes,Patrick Corbin,,Matt Olson,Atlanta Braves,"3-4, 0 HR, 0 RBI",Grant Holmes,Atlanta Braves,"6.0 IP, 4 K, 2 ER"
823780,2026-06-03,American Family Field,Milwaukee Brewers,San Francisco Giants,R,0,1,San Francisco Giants,Milwaukee Brewers,Away,1,Logan Webb,Robert Gasser,Keaton Winn,Jung Hoo Lee,San Francisco Giants,"2-4, 0 HR, 0 RBI",Robert Gasser,Milwaukee Brewers,"5.0 IP, 5 K, 1 ER"
823051,2026-06-03,Busch Stadium,St. Louis Cardinals,Texas Rangers,R,5,3,St. Louis Cardinals,Texas Rangers,Home,2,Andre Pallante,MacKenzie Gore,Riley O'Brien,Jordan Walker,St. Louis Cardinals,"3-4, 0 HR, 0 RBI",Andre Pallante,St. Louis Cardinals,"5.2 IP, 5 K, 1 ER"
824671,2026-06-03,Wrigley Field,Chicago Cubs,Athletics,R,4,5,Athletics,Chicago Cubs,Away,1,Hogan Harris,Ethan Roberts,Justin Sterner,Tyler Soderstrom,Athletics,"2-5, 0 HR, 2 RBI",Colin Rea,Chicago Cubs,"5.1 IP, 3 K, 2 ER"
824188,2026-06-03,Daikin Park,Houston Astros,Pittsburgh Pirates,R,11,9,Houston Astros,Pittsburgh Pirates,Home,2,AJ Blubaugh,Gregory Soto,Josh Hader,Yordan Alvarez,Houston Astros,"4-5, 0 HR, 2 RBI",Paul Skenes,Pittsburgh Pirates,"4.2 IP, 7 K, 1 ER"
824024,2026-06-03,Angel Stadium,Los Angeles Angels,Colorado Rockies,R,11,4,Los Angeles Angels,Colorado Rockies,Home,7,Walbert Ureña,Michael Lorenzen,,Nick Madrigal,Los Angeles Angels,"4-5, 0 HR, 1 RBI",Walbert Ureña,Los Angeles Angels,"6.0 IP, 7 K, 3 ER"
825077,2026-06-03,Chase Field,Arizona Diamondbacks,Los Angeles Dodgers,R,0,7,Los Angeles Dodgers,Arizona Diamondbacks,Away,7,Shohei Ohtani,Zac Gallen,,Kyle Tucker,Los Angeles Dodgers,"3-5, 1 HR, 2 RBI",Shohei Ohtani,Los Angeles Dodgers,"6.0 IP, 6 K, 0 ER"
823457,2026-06-04,Citizens Bank Park,Philadelphia Phillies,San Diego Padres,R,6,4,Philadelphia Phillies,San Diego Padres,Home,2,Zack Wheeler,Lucas Giolito,,Alec Bohm,Philadelphia Phillies,"2-4, 0 HR, 1 RBI",Zack Wheeler,Philadelphia Phillies,"7.0 IP, 8 K, 2 ER"
824753,2026-06-04,Fenway Park,Boston Red Sox,Baltimore Orioles,R,2,8,Baltimore Orioles,Boston Red Sox,Away,6,Trevor Rogers,Brayan Bello,,Taylor Ward,Baltimore Orioles,"3-5, 0 HR, 1 RBI",Brayan Bello,Boston Red Sox,"5.0 IP, 4 K, 8 ER"
823542,2026-06-04,Yankee Stadium,New York Yankees,Cleveland Guardians,R,2,1,New York Yankees,Cleveland Guardians,Home,1,Brent Headrick,Codi Heuer,David Bednar,Trent Grisham,New York Yankees,"2-4, 0 HR, 0 RBI",Carlos Rodón,New York Yankees,"6.0 IP, 7 K, 1 ER"
823779,2026-06-04,American Family Field,Milwaukee Brewers,San Francisco Giants,R,9,12,San Francisco Giants,Milwaukee Brewers,Away,3,Sam Hentges,Coleman Crow,Caleb Kilian,Jung Hoo Lee,San Francisco Giants,"4-5, 0 HR, 1 RBI",Adrian Houser,San Francisco Giants,"4.1 IP, 5 K, 2 ER"
824919,2026-06-04,Truist Park,Atlanta Braves,Toronto Blue Jays,R,2,7,Toronto Blue Jays,Atlanta Braves,Away,5,Chad Dallas,Chris Sale,Louis Varland,Ernie Clement,Toronto Blue Jays,"3-5, 0 HR, 0 RBI",Chris Sale,Atlanta Braves,"5.2 IP, 6 K, 3 ER"
823698,2026-06-04,Target Field,Minnesota Twins,Kansas City Royals,R,6,8,Kansas City Royals,Minnesota Twins,Away,2,Matt Strahm,Taylor Rogers,Alex Lange,Victor Caratini,Minnesota Twins,"3-4, 1 HR, 2 RBI",Seth Lugo,Kansas City Royals,"5.0 IP, 4 K, 5 ER"
824672,2026-06-04,Wrigley Field,Chicago Cubs,Athletics,R,7,6,Chicago Cubs,Athletics,Home,1,Ryan Rolison,Joel Kuhnel,,Shea Langeliers,Athletics,"2-4, 2 HR, 3 RBI",J.T. Ginn,Athletics,"6.0 IP, 8 K, 1 ER"
824185,2026-06-04,Daikin Park,Houston Astros,Pittsburgh Pirates,R,1,5,Pittsburgh Pirates,Houston Astros,Away,4,Jared Jones,Kai-Wei Teng,Carmen Mlodzinski,Ryan O'Hearn,Pittsburgh Pirates,"2-4, 1 HR, 3 RBI",Jared Jones,Pittsburgh Pirates,"5.0 IP, 4 K, 0 ER"
825076,2026-06-04,Chase Field,Arizona Diamondbacks,Los Angeles Dodgers,R,3,2,Arizona Diamondbacks,Los Angeles Dodgers,Home,1,Paul Sewald,Tanner Scott,,Corbin Carroll,Arizona Diamondbacks,"3-4, 1 HR, 1 RBI",Justin Wrobleski,Los Angeles Dodgers,"6.0 IP, 4 K, 0 ER"
824673,2026-06-05,Wrigley Field,Chicago Cubs,San Francisco Giants,R,3,18,San Francisco Giants,Chicago Cubs,Away,15,Robbie Ray,Edward Cabrera,,Casey Schmitt,San Francisco Giants,"4-6, 2 HR, 3 RBI",Edward Cabrera,Chicago Cubs,"3.2 IP, 6 K, 8 ER"
824271,2026-06-05,Comerica Park,Detroit Tigers,Seattle Mariners,R,7,3,Detroit Tigers,Seattle Mariners,Home,4,Framber Valdez,Bryan Woo,,Gleyber Torres,Detroit Tigers,"3-4, 0 HR, 2 RBI",Bryan Woo,Seattle Mariners,"6.1 IP, 7 K, 5 ER"
823455,2026-06-05,Citizens Bank Park,Philadelphia Phillies,Chicago White Sox,R,8,6,Philadelphia Phillies,Chicago White Sox,Home,2,Jonathan Bowlan,Bryan Hudson,Jhoan Duran,Kyle Schwarber,Philadelphia Phillies,"4-5, 0 HR, 0 RBI",Anthony Kay,Chicago White Sox,"4.0 IP, 4 K, 6 ER"
823538,2026-06-05,Yankee Stadium,New York Yankees,Boston Red Sox,R,3,5,Boston Red Sox,New York Yankees,Away,2,Sonny Gray,Ryan Weathers,Aroldis Chapman,Spencer Jones,New York Yankees,"3-3, 0 HR, 1 RBI",Ryan Weathers,New York Yankees,"6.0 IP, 4 K, 5 ER"
822810,2026-06-05,Rogers Centre,Toronto Blue Jays,Baltimore Orioles,R,3,13,Baltimore Orioles,Toronto Blue Jays,Away,10,Brandon Young,Trey Yesavage,,Adley Rutschman,Baltimore Orioles,"4-4, 1 HR, 5 RBI",Trey Yesavage,Toronto Blue Jays,"5.2 IP, 5 K, 6 ER"
823860,2026-06-05,loanDepot park,Miami Marlins,Tampa Bay Rays,R,0,6,Tampa Bay Rays,Miami Marlins,Away,6,Drew Rasmussen,Ryan Gusto,,Yandy Díaz,Tampa Bay Rays,"3-5, 0 HR, 0 RBI",Drew Rasmussen,Tampa Bay Rays,"7.0 IP, 9 K, 0 ER"
824914,2026-06-05,Truist Park,Atlanta Braves,Pittsburgh Pirates,R,6,3,Atlanta Braves,Pittsburgh Pirates,Home,3,Martín Pérez,Mitch Keller,Raisel Iglesias,Mauricio Dubón,Atlanta Braves,"2-4, 1 HR, 3 RBI",Martín Pérez,Atlanta Braves,"5.0 IP, 5 K, 3 ER"
824186,2026-06-05,Daikin Park,Houston Astros,Athletics,R,5,1,Houston Astros,Athletics,Home,4,Peter Lambert,Jack Perkins,,Henry Bolte,Athletics,"3-4, 0 HR, 0 RBI",Mason Barnett,Athletics,"4.0 IP, 7 K, 0 ER"
823049,2026-06-05,Busch Stadium,St. Louis Cardinals,Cincinnati Reds,R,10,3,St. Louis Cardinals,Cincinnati Reds,Home,7,Hunter Dobbins,Brady Singer,,Jordan Walker,St. Louis Cardinals,"3-5, 0 HR, 1 RBI",Hunter Dobbins,St. Louis Cardinals,"5.0 IP, 6 K, 0 ER"
822892,2026-06-05,Globe Life Field,Texas Rangers,Cleveland Guardians,R,3,2,Texas Rangers,Cleveland Guardians,Home,1,Peyton Gray,Parker Messick,Jacob Latz,Travis Bazzana,Cleveland Guardians,"3-4, 1 HR, 1 RBI",Kumar Rocker,Texas Rangers,"5.0 IP, 5 K, 2 ER"
823699,2026-06-05,Target Field,Minnesota Twins,Kansas City Royals,R,5,3,Minnesota Twins,Kansas City Royals,Home,2,Zebby Matthews,Michael Wacha,Travis Adams,Jac Caglianone,Kansas City Royals,"2-3, 0 HR, 1 RBI",Anthony Banda,Minnesota Twins,"1.0 IP, 2 K, 0 ER"
824350,2026-06-05,Coors Field,Colorado Rockies,Milwaukee Brewers,R,7,9,Milwaukee Brewers,Colorado Rockies,Away,2,Trevor Megill,Juan Mejia,,Jake Bauers,Milwaukee Brewers,"3-5, 0 HR, 3 RBI",Ryan Feltner,Colorado Rockies,"6.0 IP, 4 K, 1 ER"
825073,2026-06-05,Chase Field,Arizona Diamondbacks,Washington Nationals,R,1,14,Washington Nationals,Arizona Diamondbacks,Away,13,Foster Griffin,Merrill Kelly,,Daylen Lile,Washington Nationals,"3-6, 1 HR, 2 RBI",Merrill Kelly,Arizona Diamondbacks,"5.0 IP, 4 K, 7 ER"
823293,2026-06-05,Petco Park,San Diego Padres,New York Mets,R,0,5,New York Mets,San Diego Padres,Away,5,Christian Scott,Michael King,,Luis Torrens,New York Mets,"2-3, 1 HR, 2 RBI",Michael King,San Diego Padres,"6.0 IP, 4 K, 4 ER"
823943,2026-06-05,UNIQLO Field at Dodger Stadium,Los Angeles Dodgers,Los Angeles Angels,R,1,0,Los Angeles Dodgers,Los Angeles Angels,Home,1,Blake Treinen,Kirby Yates,,Freddie Freeman,Los Angeles Dodgers,"2-3, 1 HR, 1 RBI",Roki Sasaki,Los Angeles Dodgers,"7.0 IP, 10 K, 0 ER"
824269,2026-06-06,Comerica Park,Detroit Tigers,Seattle Mariners,R,0,4,Seattle Mariners,Detroit Tigers,Away,4,Bryce Miller,Keider Montero,,Dominic Canzone,Seattle Mariners,"3-4, 1 HR, 2 RBI",Bryce Miller,Seattle Mariners,"6.0 IP, 9 K, 0 ER"
823697,2026-06-06,Target Field,Minnesota Twins,Kansas City Royals,R,2,3,Kansas City Royals,Minnesota Twins,Away,1,Matt Strahm,Eric Orze,Alex Lange,Bobby Witt Jr.,Kansas City Royals,"2-5, 0 HR, 1 RBI",Joe Ryan,Minnesota Twins,"6.0 IP, 5 K, 1 ER"
823048,2026-06-06,Busch Stadium,St. Louis Cardinals,Cincinnati Reds,R,6,5,St. Louis Cardinals,Cincinnati Reds,Home,1,George Soriano,Sam Moll,Riley O'Brien,José Fermín,St. Louis Cardinals,"3-4, 0 HR, 0 RBI",Matthew Liberatore,St. Louis Cardinals,"4.1 IP, 4 K, 3 ER"
824669,2026-06-06,Wrigley Field,Chicago Cubs,San Francisco Giants,R,3,2,Chicago Cubs,San Francisco Giants,Home,1,Ryan Rolison,Sam Hentges,,Pete Crow-Armstrong,Chicago Cubs,"4-5, 2 HR, 2 RBI",Ben Brown,Chicago Cubs,"5.1 IP, 5 K, 0 ER"
822808,2026-06-06,Rogers Centre,Toronto Blue Jays,Baltimore Orioles,R,6,4,Toronto Blue Jays,Baltimore Orioles,Home,2,Spencer Miles,Kyle Bradish,Louis Varland,Brandon Valenzuela,Toronto Blue Jays,"3-3, 0 HR, 1 RBI",Spencer Miles,Toronto Blue Jays,"4.1 IP, 5 K, 2 ER"
823454,2026-06-06,Citizens Bank Park,Philadelphia Phillies,Chicago White Sox,R,3,6,Chicago White Sox,Philadelphia Phillies,Away,3,Sean Burke,Andrew Painter,Grant Taylor,Tristan Peters,Chicago White Sox,"3-4, 0 HR, 1 RBI",Sean Burke,Chicago White Sox,"4.1 IP, 7 K, 3 ER"
825075,2026-06-06,Chase Field,Arizona Diamondbacks,Washington Nationals,R,1,6,Washington Nationals,Arizona Diamondbacks,Away,5,Zack Littell,Eduardo Rodriguez,Brad Lord,Dylan Crews,Washington Nationals,"2-4, 1 HR, 1 RBI",Eduardo Rodriguez,Arizona Diamondbacks,"6.1 IP, 5 K, 4 ER"
824184,2026-06-06,Daikin Park,Houston Astros,Athletics,R,13,2,Houston Astros,Athletics,Home,11,Tatsuya Imai,Kade Morris,,LaMonte Wade Jr.,Houston Astros,"3-5, 1 HR, 3 RBI",Tatsuya Imai,Houston Astros,"5.0 IP, 8 K, 2 ER"
824915,2026-06-06,Truist Park,Atlanta Braves,Pittsburgh Pirates,R,6,3,Atlanta Braves,Pittsburgh Pirates,Home,3,Spencer Strider,Braxton Ashcraft,Raisel Iglesias,Dominic Smith,Atlanta Braves,"2-3, 1 HR, 2 RBI",Braxton Ashcraft,Pittsburgh Pirates,"5.0 IP, 5 K, 6 ER"
823859,2026-06-06,loanDepot park,Miami Marlins,Tampa Bay Rays,R,4,3,Miami Marlins,Tampa Bay Rays,Home,1,John King,Shane McClanahan,Tyler Zuber,Javier Sanoja,Miami Marlins,"3-4, 1 HR, 2 RBI",Shane McClanahan,Tampa Bay Rays,"5.0 IP, 6 K, 4 ER"
822891,2026-06-06,Globe Life Field,Texas Rangers,Cleveland Guardians,R,0,6,Cleveland Guardians,Texas Rangers,Away,6,Tanner Bibee,Jack Leiter,,Brayan Rocchio,Cleveland Guardians,"2-4, 1 HR, 1 RBI",Tanner Bibee,Cleveland Guardians,"8.0 IP, 3 K, 0 ER"
824351,2026-06-06,Coors Field,Colorado Rockies,Milwaukee Brewers,R,1,7,Milwaukee Brewers,Colorado Rockies,Away,6,Jacob Misiorowski,Zach Agnos,,David Hamilton,Milwaukee Brewers,"4-5, 1 HR, 1 RBI",Jacob Misiorowski,Milwaukee Brewers,"7.0 IP, 8 K, 0 ER"
823942,2026-06-06,UNIQLO Field at Dodger Stadium,Los Angeles Dodgers,Los Angeles Angels,R,9,2,Los Angeles Dodgers,Los Angeles Angels,Home,7,Yoshinobu Yamamoto,Jack Kochanowicz,,Shohei Ohtani,Los Angeles Dodgers,"2-4, 1 HR, 2 RBI",Yoshinobu Yamamoto,Los Angeles Dodgers,"8.0 IP, 4 K, 1 ER"
823292,2026-06-06,Petco Park,San Diego Padres,New York Mets,R,3,2,San Diego Padres,New York Mets,Home,1,Bradgley Rodriguez,Austin Warren,Mason Miller,Marcus Semien,New York Mets,"2-3, 1 HR, 1 RBI",Griffin Canning,San Diego Padres,"5.0 IP, 6 K, 1 ER"
823539,2026-08-29,Yankee Stadium,New York Yankees,Boston Red Sox,R,0,0,Boston Red Sox,New York Yankees,Away,0,,,,,,,,,
824916,2026-06-07,Truist Park,Atlanta Braves,Pittsburgh Pirates,R,3,2,Atlanta Braves,Pittsburgh Pirates,Home,1,Reynaldo López,Bubba Chandler,Didier Fuentes,Spencer Horwitz,Pittsburgh Pirates,"2-3, 1 HR, 1 RBI",Bubba Chandler,Pittsburgh Pirates,"5.1 IP, 7 K, 2 ER"
823453,2026-06-07,Citizens Bank Park,Philadelphia Phillies,Chicago White Sox,R,9,5,Philadelphia Phillies,Chicago White Sox,Home,4,José Alvarado,Tyler Davis,,Brandon Marsh,Philadelphia Phillies,"2-4, 1 HR, 2 RBI",David Sandlin,Chicago White Sox,"3.1 IP, 6 K, 3 ER"
823537,2026-06-07,Yankee Stadium,New York Yankees,Boston Red Sox,R,6,1,New York Yankees,Boston Red Sox,Home,5,Tim Hill,Justin Slaten,,Trent Grisham,New York Yankees,"3-4, 0 HR, 1 RBI",Ranger Suarez,Boston Red Sox,"6.1 IP, 6 K, 1 ER"
822807,2026-06-07,Rogers Centre,Toronto Blue Jays,Baltimore Orioles,R,6,4,Toronto Blue Jays,Baltimore Orioles,Home,2,Adam Macko,Shane Baz,Louis Varland,Yohendrick Piñango,Toronto Blue Jays,"2-4, 1 HR, 1 RBI",Kevin Gausman,Toronto Blue Jays,"5.0 IP, 5 K, 4 ER"
824268,2026-06-07,Comerica Park,Detroit Tigers,Seattle Mariners,R,5,4,Detroit Tigers,Seattle Mariners,Home,1,Will Vest,Andrés Muñoz,,Kevin McGonigle,Detroit Tigers,"2-4, 1 HR, 3 RBI",Jack Flaherty,Detroit Tigers,"5.0 IP, 7 K, 3 ER"
823857,2026-06-07,loanDepot park,Miami Marlins,Tampa Bay Rays,R,4,1,Miami Marlins,Tampa Bay Rays,Home,3,Sandy Alcantara,Garrett Cleavinger,Anthony Bender,Otto Lopez,Miami Marlins,"2-4, 0 HR, 1 RBI",Sandy Alcantara,Miami Marlins,"7.0 IP, 7 K, 1 ER"
824183,2026-06-07,Daikin Park,Houston Astros,Athletics,R,0,5,Athletics,Houston Astros,Away,5,Gage Jump,Mike Burrows,,Brent Rooker,Athletics,"2-3, 1 HR, 2 RBI",Mike Burrows,Houston Astros,"5.0 IP, 3 K, 4 ER"
823696,2026-06-07,Target Field,Minnesota Twins,Kansas City Royals,R,5,6,Kansas City Royals,Minnesota Twins,Away,1,Noah Cameron,Connor Prielipp,Lucas Erceg,Nick Loftin,Kansas City Royals,"2-3, 0 HR, 1 RBI",Connor Prielipp,Minnesota Twins,"4.1 IP, 7 K, 2 ER"
823047,2026-06-07,Busch Stadium,St. Louis Cardinals,Cincinnati Reds,R,5,3,St. Louis Cardinals,Cincinnati Reds,Home,2,Ryne Stanek,Sam Moll,Riley O'Brien,Tyler Stephenson,Cincinnati Reds,"3-4, 1 HR, 1 RBI",Michael McGreevy,St. Louis Cardinals,"6.0 IP, 5 K, 2 ER"
822890,2026-06-07,Globe Life Field,Texas Rangers,Cleveland Guardians,R,10,0,Texas Rangers,Cleveland Guardians,Home,10,Jacob deGrom,Joey Cantillo,,Ezequiel Duran,Texas Rangers,"4-5, 0 HR, 3 RBI",Joey Cantillo,Cleveland Guardians,"5.0 IP, 7 K, 7 ER"
824349,2026-06-07,Coors Field,Colorado Rockies,Milwaukee Brewers,R,4,12,Milwaukee Brewers,Colorado Rockies,Away,8,Shane Drohan,Jaden Hill,,Garrett Mitchell,Milwaukee Brewers,"3-5, 0 HR, 2 RBI",Shane Drohan,Milwaukee Brewers,"6.1 IP, 4 K, 3 ER"
825074,2026-06-07,Chase Field,Arizona Diamondbacks,Washington Nationals,R,5,1,Arizona Diamondbacks,Washington Nationals,Home,4,Michael Soroka,Cade Cavalli,,Gabriel Moreno,Arizona Diamondbacks,"2-4, 1 HR, 2 RBI",Michael Soroka,Arizona Diamondbacks,"7.0 IP, 6 K, 1 ER"
823941,2026-06-07,UNIQLO Field at Dodger Stadium,Los Angeles Dodgers,Los Angeles Angels,R,5,13,Los Angeles Angels,Los Angeles Dodgers,Away,8,José Soriano,Emmet Sheehan,,Sebastián Rivero,Los Angeles Angels,"5-5, 0 HR, 6 RBI",Edgardo Henriquez,Los Angeles Dodgers,"1.2 IP, 3 K, 0 ER"
823291,2026-06-07,Petco Park,San Diego Padres,New York Mets,R,3,7,New York Mets,San Diego Padres,Away,4,Sean Manaea,Randy Vásquez,,Carson Benge,New York Mets,"5-5, 1 HR, 2 RBI",Ron Marinaccio,San Diego Padres,"2.1 IP, 3 K, 1 ER"
824670,2026-06-07,Wrigley Field,Chicago Cubs,San Francisco Giants,R,1,2,San Francisco Giants,Chicago Cubs,Away,1,Keaton Winn,Trent Thornton,Dylan Smith,Matt Chapman,San Francisco Giants,"2-3, 0 HR, 1 RBI",Trevor McDonald,San Francisco Giants,"5.0 IP, 6 K, 1 ER"
824829,2026-06-08,Oriole Park at Camden Yards,Baltimore Orioles,Seattle Mariners,R,3,6,Seattle Mariners,Baltimore Orioles,Away,3,Emerson Hancock,Trey Gibson,Andrés Muñoz,Randy Arozarena,Seattle Mariners,"3-4, 0 HR, 1 RBI",Albert Suárez,Baltimore Orioles,"2.0 IP, 3 K, 1 ER"
822972,2026-06-08,Tropicana Field,Tampa Bay Rays,Boston Red Sox,R,3,1,Tampa Bay Rays,Boston Red Sox,Home,2,Casey Legumina,Connelly Early,Bryan Baker,Yandy Díaz,Tampa Bay Rays,"1-3, 1 HR, 2 RBI",Connelly Early,Boston Red Sox,"4.2 IP, 6 K, 2 ER"
824427,2026-06-08,Progressive Field,Cleveland Guardians,New York Yankees,R,5,7,New York Yankees,Cleveland Guardians,Away,2,David Bednar,Shawn Armstrong,,Cody Bellinger,New York Yankees,"2-5, 0 HR, 2 RBI",Gavin Williams,Cleveland Guardians,"5.0 IP, 5 K, 3 ER"
822806,2026-06-08,Rogers Centre,Toronto Blue Jays,Philadelphia Phillies,R,2,5,Philadelphia Phillies,Toronto Blue Jays,Away,3,Cristopher Sánchez,Patrick Corbin,Jhoan Duran,Ernie Clement,Toronto Blue Jays,"2-4, 1 HR, 1 RBI",Cristopher Sánchez,Philadelphia Phillies,"7.0 IP, 10 K, 2 ER"
824025,2026-06-08,Angel Stadium,Los Angeles Angels,Houston Astros,R,4,5,Houston Astros,Los Angeles Angels,Away,1,Josh Hader,Sam Aldegheri,Bryan Abreu,Trey Mancini,Los Angeles Angels,"3-4, 0 HR, 1 RBI",Spencer Arrighetti,Houston Astros,"6.0 IP, 7 K, 3 ER"
823289,2026-06-08,Petco Park,San Diego Padres,Cincinnati Reds,R,6,2,San Diego Padres,Cincinnati Reds,Home,4,Adrian Morejon,Andrew Abbott,,Freddy Fermin,San Diego Padres,"2-3, 1 HR, 2 RBI",Andrew Abbott,Cincinnati Reds,"6.0 IP, 6 K, 3 ER"
823218,2026-06-08,Oracle Park,San Francisco Giants,Washington Nationals,R,3,4,Washington Nationals,San Francisco Giants,Away,1,Clayton Beeter,Keaton Winn,Gus Varland,Jung Hoo Lee,San Francisco Giants,"4-5, 0 HR, 0 RBI",Logan Webb,San Francisco Giants,"8.0 IP, 7 K, 1 ER"
824998,2026-06-08,Las Vegas Ballpark,Athletics,Milwaukee Brewers,R,14,15,Milwaukee Brewers,Athletics,Away,1,Abner Uribe,José Suarez,Chad Patrick,Andrew Vaughn,Milwaukee Brewers,"4-6, 1 HR, 4 RBI",José Suarez,Athletics,"2.0 IP, 4 K, 0 ER"
824830,2026-06-09,Oriole Park at Camden Yards,Baltimore Orioles,Seattle Mariners,R,5,6,Seattle Mariners,Baltimore Orioles,Away,1,José A. Ferrer,Rico Garcia,Nick Davila,Randy Arozarena,Seattle Mariners,"3-5, 1 HR, 3 RBI",Logan Gilbert,Seattle Mariners,"6.0 IP, 5 K, 1 ER"
823374,2026-06-09,PNC Park,Pittsburgh Pirates,Los Angeles Dodgers,R,3,12,Los Angeles Dodgers,Pittsburgh Pirates,Away,9,Will Klein,Wilber Dotel,,Max Muncy,Los Angeles Dodgers,"3-3, 0 HR, 1 RBI",Paul Skenes,Pittsburgh Pirates,"6.0 IP, 7 K, 2 ER"
822969,2026-06-09,Tropicana Field,Tampa Bay Rays,Boston Red Sox,R,4,3,Tampa Bay Rays,Boston Red Sox,Home,1,Nick Martinez,Payton Tolle,Bryan Baker,Ryan Vilade,Tampa Bay Rays,"3-4, 0 HR, 0 RBI",Payton Tolle,Boston Red Sox,"6.0 IP, 3 K, 4 ER"
824267,2026-06-09,Comerica Park,Detroit Tigers,Minnesota Twins,R,10,4,Detroit Tigers,Minnesota Twins,Home,6,Troy Melton,Taj Bradley,,Dillon Dingler,Detroit Tigers,"4-5, 2 HR, 4 RBI",Troy Melton,Detroit Tigers,"5.0 IP, 5 K, 4 ER"
823858,2026-06-09,loanDepot park,Miami Marlins,Arizona Diamondbacks,R,10,6,Miami Marlins,Arizona Diamondbacks,Home,4,Pete Fairbanks,Brandyn Garcia,,Joe Mack,Miami Marlins,"4-4, 0 HR, 0 RBI",Max Meyer,Miami Marlins,"5.1 IP, 5 K, 2 ER"
824429,2026-06-09,Progressive Field,Cleveland Guardians,New York Yankees,R,2,3,New York Yankees,Cleveland Guardians,Away,1,Camilo Doval,Tim Herrin,Fernando Cruz,Spencer Jones,New York Yankees,"2-4, 1 HR, 2 RBI",Slade Cecconi,Cleveland Guardians,"5.0 IP, 7 K, 2 ER"
822805,2026-06-09,Rogers Centre,Toronto Blue Jays,Philadelphia Phillies,R,3,2,Toronto Blue Jays,Philadelphia Phillies,Home,1,Louis Varland,Jhoan Duran,,Jesús Sánchez,Toronto Blue Jays,"3-4, 1 HR, 1 RBI",Dylan Cease,Toronto Blue Jays,"6.0 IP, 11 K, 1 ER"
823620,2026-06-09,Citi Field,New York Mets,St. Louis Cardinals,R,0,7,St. Louis Cardinals,New York Mets,Away,7,Dustin May,Freddy Peralta,,Nathan Church,St. Louis Cardinals,"3-4, 0 HR, 0 RBI",Dustin May,St. Louis Cardinals,"6.0 IP, 6 K, 0 ER"
824105,2026-06-09,Kauffman Stadium,Kansas City Royals,Texas Rangers,R,5,3,Kansas City Royals,Texas Rangers,Home,2,Steven Cruz,Nathan Eovaldi,Alex Lange,Jac Caglianone,Kansas City Royals,"3-3, 2 HR, 3 RBI",Stephen Kolek,Kansas City Royals,"5.0 IP, 3 K, 1 ER"
824591,2026-06-09,Rate Field,Chicago White Sox,Atlanta Braves,R,6,5,Chicago White Sox,Atlanta Braves,Home,1,Grant Taylor,Raisel Iglesias,,Michael Harris II,Atlanta Braves,"3-5, 0 HR, 0 RBI",Erick Fedde,Chicago White Sox,"5.0 IP, 4 K, 1 ER"
824347,2026-06-09,Coors Field,Colorado Rockies,Chicago Cubs,R,7,3,Colorado Rockies,Chicago Cubs,Home,4,Tomoyuki Sugano,Colin Rea,,Willi Castro,Colorado Rockies,"3-5, 0 HR, 0 RBI",Tomoyuki Sugano,Colorado Rockies,"5.0 IP, 3 K, 3 ER"
824023,2026-06-09,Angel Stadium,Los Angeles Angels,Houston Astros,R,10,1,Los Angeles Angels,Houston Astros,Home,9,Walbert Ureña,Kai-Wei Teng,,Jo Adell,Los Angeles Angels,"2-4, 0 HR, 2 RBI",Walbert Ureña,Los Angeles Angels,"5.0 IP, 7 K, 0 ER"
823290,2026-06-09,Petco Park,San Diego Padres,Cincinnati Reds,R,3,5,Cincinnati Reds,San Diego Padres,Away,2,Tejay Antone,Yuki Matsui,Zach Maxwell,Fernando Tatis Jr.,San Diego Padres,"4-6, 0 HR, 0 RBI",Chase Burns,Cincinnati Reds,"5.1 IP, 7 K, 2 ER"
823214,2026-06-09,Oracle Park,San Francisco Giants,Washington Nationals,R,3,6,Washington Nationals,San Francisco Giants,Away,3,Brad Lord,Adrian Houser,,James Wood,Washington Nationals,"3-5, 0 HR, 1 RBI",Adrian Houser,San Francisco Giants,"4.1 IP, 6 K, 3 ER"
824999,2026-06-09,Las Vegas Ballpark,Athletics,Milwaukee Brewers,R,7,5,Athletics,Milwaukee Brewers,Home,2,J.T. Ginn,Robert Gasser,Mason Barnett,Jonah Heim,Athletics,"3-4, 1 HR, 1 RBI",Robert Gasser,Milwaukee Brewers,"5.0 IP, 7 K, 6 ER"
822970,2026-06-10,Tropicana Field,Tampa Bay Rays,Boston Red Sox,R,7,5,Tampa Bay Rays,Boston Red Sox,Home,2,Drew Rasmussen,Jake Bennett,Garrett Cleavinger,Nick Fortes,Tampa Bay Rays,"4-4, 0 HR, 0 RBI",Drew Rasmussen,Tampa Bay Rays,"7.0 IP, 13 K, 0 ER"
824428,2026-06-10,Progressive Field,Cleveland Guardians,New York Yankees,R,4,8,New York Yankees,Cleveland Guardians,Away,4,Carlos Rodón,Parker Messick,,Angel Martínez,Cleveland Guardians,"2-5, 1 HR, 1 RBI",Carlos Rodón,New York Yankees,"6.0 IP, 7 K, 3 ER"
823215,2026-06-10,Oracle Park,San Francisco Giants,Washington Nationals,R,11,10,San Francisco Giants,Washington Nationals,Home,1,Reiver Sanmartin,Mitchell Parker,,Matt Chapman,San Francisco Giants,"4-5, 2 HR, 3 RBI",Foster Griffin,Washington Nationals,"6.0 IP, 5 K, 1 ER"
823287,2026-06-10,Petco Park,San Diego Padres,Cincinnati Reds,R,5,4,San Diego Padres,Cincinnati Reds,Home,1,Wandy Peralta,Chase Petty,,Fernando Tatis Jr.,San Diego Padres,"2-5, 1 HR, 2 RBI",Brady Singer,Cincinnati Reds,"6.0 IP, 5 K, 2 ER"
824831,2026-06-10,Oriole Park at Camden Yards,Baltimore Orioles,Seattle Mariners,R,7,2,Baltimore Orioles,Seattle Mariners,Home,5,Brandon Young,George Kirby,,Pete Alonso,Baltimore Orioles,"2-5, 1 HR, 1 RBI",George Kirby,Seattle Mariners,"6.0 IP, 10 K, 3 ER"
823372,2026-06-10,PNC Park,Pittsburgh Pirates,Los Angeles Dodgers,R,9,8,Pittsburgh Pirates,Los Angeles Dodgers,Home,1,Evan Sisk,Kyle Hurt,Gregory Soto,Jake Mangum,Pittsburgh Pirates,"3-4, 0 HR, 0 RBI",Shohei Ohtani,Los Angeles Dodgers,"6.2 IP, 6 K, 3 ER"
824266,2026-06-10,Comerica Park,Detroit Tigers,Minnesota Twins,R,4,6,Minnesota Twins,Detroit Tigers,Away,2,Taylor Rogers,Framber Valdez,Yoendrys Gómez,Gleyber Torres,Detroit Tigers,"3-4, 0 HR, 1 RBI",Mike Paredes,Minnesota Twins,"3.0 IP, 4 K, 1 ER"
823856,2026-06-10,loanDepot park,Miami Marlins,Arizona Diamondbacks,R,8,0,Miami Marlins,Arizona Diamondbacks,Home,8,William Kempner,Ryne Nelson,,Otto Lopez,Miami Marlins,"2-5, 0 HR, 2 RBI",Ryan Gusto,Miami Marlins,"4.0 IP, 4 K, 0 ER"
822804,2026-06-10,Rogers Centre,Toronto Blue Jays,Philadelphia Phillies,R,4,7,Philadelphia Phillies,Toronto Blue Jays,Away,3,Jesús Luzardo,Max Scherzer,Jhoan Duran,Myles Straw,Toronto Blue Jays,"3-4, 0 HR, 0 RBI",Jesús Luzardo,Philadelphia Phillies,"5.2 IP, 8 K, 1 ER"
823618,2026-06-10,Citi Field,New York Mets,St. Louis Cardinals,R,2,9,St. Louis Cardinals,New York Mets,Away,7,Andre Pallante,Austin Warren,,JJ Wetherholt,St. Louis Cardinals,"3-5, 0 HR, 0 RBI",Andre Pallante,St. Louis Cardinals,"6.0 IP, 5 K, 2 ER"
824103,2026-06-10,Kauffman Stadium,Kansas City Royals,Texas Rangers,R,4,6,Texas Rangers,Kansas City Royals,Away,2,Jakob Junis,Alex Lange,Jacob Latz,Jac Caglianone,Kansas City Royals,"4-5, 0 HR, 1 RBI",MacKenzie Gore,Texas Rangers,"5.0 IP, 6 K, 2 ER"
824590,2026-06-10,Rate Field,Chicago White Sox,Atlanta Braves,R,2,1,Chicago White Sox,Atlanta Braves,Home,1,Davis Martin,Chris Sale,Bryan Hudson,Luisangel Acuña,Chicago White Sox,"2-3, 0 HR, 1 RBI",Davis Martin,Chicago White Sox,"6.0 IP, 6 K, 0 ER"
824348,2026-06-10,Coors Field,Colorado Rockies,Chicago Cubs,R,3,2,Colorado Rockies,Chicago Cubs,Home,1,Antonio Senzatela,Daniel Palencia,,TJ Rumfield,Colorado Rockies,"2-4, 1 HR, 2 RBI",Michael Lorenzen,Colorado Rockies,"5.0 IP, 7 K, 1 ER"
824996,2026-06-10,Las Vegas Ballpark,Athletics,Milwaukee Brewers,R,4,3,Athletics,Milwaukee Brewers,Home,1,Scott Barlow,Chad Patrick,Elvis Alvarado,Alika Williams,Athletics,"2-3, 1 HR, 1 RBI",Jack Perkins,Athletics,"4.0 IP, 4 K, 3 ER"
824022,2026-06-10,Angel Stadium,Los Angeles Angels,Houston Astros,R,3,2,Los Angeles Angels,Houston Astros,Home,1,Ryan Zeferjahn,Bryan Abreu,,Logan O'Hoppe,Los Angeles Angels,"2-2, 1 HR, 1 RBI",Reid Detmers,Los Angeles Angels,"7.0 IP, 9 K, 1 ER"
823619,2026-06-11,Citi Field,New York Mets,St. Louis Cardinals,R,5,4,New York Mets,St. Louis Cardinals,Home,1,Brooks Raley,JoJo Romero,Devin Williams,Jared Young,New York Mets,"2-4, 1 HR, 2 RBI",Christian Scott,New York Mets,"4.2 IP, 6 K, 4 ER"
824265,2026-06-11,Comerica Park,Detroit Tigers,Minnesota Twins,R,11,0,Detroit Tigers,Minnesota Twins,Home,11,Keider Montero,Zebby Matthews,,Dillon Dingler,Detroit Tigers,"3-5, 0 HR, 0 RBI",Keider Montero,Detroit Tigers,"6.1 IP, 4 K, 0 ER"
823855,2026-06-11,loanDepot park,Miami Marlins,Arizona Diamondbacks,R,2,0,Miami Marlins,Arizona Diamondbacks,Home,2,Tyler Phillips,Merrill Kelly,Pete Fairbanks,Otto Lopez,Miami Marlins,"2-4, 0 HR, 0 RBI",Tyler Phillips,Miami Marlins,"5.0 IP, 5 K, 0 ER"
824101,2026-06-11,Kauffman Stadium,Kansas City Royals,Texas Rangers,R,2,4,Texas Rangers,Kansas City Royals,Away,2,Robby Ahlstrom,Michael Wacha,Jacob Latz,Corey Seager,Texas Rangers,"2-4, 1 HR, 1 RBI",Beck Way,Kansas City Royals,"2.0 IP, 4 K, 0 ER"
824346,2026-06-11,Coors Field,Colorado Rockies,Chicago Cubs,R,3,9,Chicago Cubs,Colorado Rockies,Away,6,Edward Cabrera,Ryan Feltner,,Brett Sullivan,Colorado Rockies,"3-4, 2 HR, 2 RBI",Edward Cabrera,Chicago Cubs,"5.1 IP, 5 K, 2 ER"
823371,2026-06-11,PNC Park,Pittsburgh Pirates,Los Angeles Dodgers,R,6,8,Los Angeles Dodgers,Pittsburgh Pirates,Away,2,Jack Dreyer,Mitch Keller,Tanner Scott,Rafael Flores Jr.,Pittsburgh Pirates,"2-3, 1 HR, 2 RBI",Mitch Keller,Pittsburgh Pirates,"4.0 IP, 3 K, 5 ER"
824827,2026-06-11,Oriole Park at Camden Yards,Baltimore Orioles,Seattle Mariners,R,7,5,Baltimore Orioles,Seattle Mariners,Home,2,Tyler Wells,Bryan Woo,Andrew Kittredge,Cole Young,Seattle Mariners,"3-5, 1 HR, 1 RBI",Kyle Bradish,Baltimore Orioles,"4.0 IP, 5 K, 5 ER"
824589,2026-08-20,Rate Field,Chicago White Sox,Atlanta Braves,R,0,0,Atlanta Braves,Chicago White Sox,Away,0,,,,,,,,,
823370,2026-06-12,PNC Park,Pittsburgh Pirates,Miami Marlins,R,3,8,Miami Marlins,Pittsburgh Pirates,Away,5,Sandy Alcantara,Wilber Dotel,,Liam Hicks,Miami Marlins,"3-4, 1 HR, 2 RBI",Sandy Alcantara,Miami Marlins,"8.0 IP, 7 K, 3 ER"
822726,2026-06-12,Nationals Park,Washington Nationals,Seattle Mariners,R,2,10,Seattle Mariners,Washington Nationals,Away,8,Bryce Miller,Zack Littell,,Dominic Canzone,Seattle Mariners,"2-4, 1 HR, 3 RBI",Bryce Miller,Seattle Mariners,"8.0 IP, 7 K, 2 ER"
824826,2026-06-12,Oriole Park at Camden Yards,Baltimore Orioles,San Diego Padres,R,7,3,Baltimore Orioles,San Diego Padres,Home,4,Shane Baz,Griffin Canning,,Gunnar Henderson,Baltimore Orioles,"3-3, 1 HR, 1 RBI",Griffin Canning,San Diego Padres,"5.0 IP, 6 K, 7 ER"
824425,2026-06-12,Progressive Field,Cleveland Guardians,Detroit Tigers,R,3,2,Cleveland Guardians,Detroit Tigers,Home,1,Tanner Bibee,Jack Flaherty,Cade Smith,Patrick Bailey,Cleveland Guardians,"2-3, 0 HR, 1 RBI",Tanner Bibee,Cleveland Guardians,"7.0 IP, 8 K, 2 ER"
824752,2026-06-12,Fenway Park,Boston Red Sox,Texas Rangers,R,10,1,Boston Red Sox,Texas Rangers,Home,9,Sonny Gray,Jack Leiter,,Wilyer Abreu,Boston Red Sox,"3-4, 1 HR, 3 RBI",Sonny Gray,Boston Red Sox,"6.0 IP, 7 K, 1 ER"
824507,2026-06-12,Great American Ball Park,Cincinnati Reds,Arizona Diamondbacks,R,2,5,Arizona Diamondbacks,Cincinnati Reds,Away,3,Kevin Ginkel,Brock Burke,Paul Sewald,Jordan Lawlar,Arizona Diamondbacks,"2-4, 0 HR, 2 RBI",Nick Lodolo,Cincinnati Reds,"5.1 IP, 5 K, 2 ER"
823617,2026-06-12,Citi Field,New York Mets,Atlanta Braves,R,7,5,New York Mets,Atlanta Braves,Home,2,Cionel Pérez,Spencer Strider,Devin Williams,Bo Bichette,New York Mets,"2-3, 2 HR, 6 RBI",Nolan McLean,New York Mets,"4.0 IP, 6 K, 2 ER"
822803,2026-06-12,Rogers Centre,Toronto Blue Jays,New York Yankees,R,8,5,Toronto Blue Jays,New York Yankees,Home,3,Trey Yesavage,Ryan Weathers,Louis Varland,Alejandro Kirk,Toronto Blue Jays,"3-3, 0 HR, 2 RBI",Trey Yesavage,Toronto Blue Jays,"5.0 IP, 3 K, 5 ER"
824588,2026-06-12,Rate Field,Chicago White Sox,Los Angeles Dodgers,R,8,2,Chicago White Sox,Los Angeles Dodgers,Home,6,Anthony Kay,Roki Sasaki,,Chase Meidroth,Chicago White Sox,"3-3, 0 HR, 2 RBI",Anthony Kay,Chicago White Sox,"5.0 IP, 7 K, 2 ER"
823778,2026-06-12,American Family Field,Milwaukee Brewers,Philadelphia Phillies,R,6,0,Milwaukee Brewers,Philadelphia Phillies,Home,6,Jacob Misiorowski,Tanner Banks,,Joey Ortiz,Milwaukee Brewers,"2-4, 0 HR, 0 RBI",Jacob Misiorowski,Milwaukee Brewers,"9.0 IP, 15 K, 0 ER"
824102,2026-06-12,Kauffman Stadium,Kansas City Royals,Houston Astros,R,8,10,Houston Astros,Kansas City Royals,Away,2,Nate Pearson,Luinder Avila,Josh Hader,Yordan Alvarez,Houston Astros,"3-5, 2 HR, 6 RBI",Mason Black,Kansas City Royals,"2.1 IP, 3 K, 1 ER"
823695,2026-06-12,Target Field,Minnesota Twins,St. Louis Cardinals,R,9,8,Minnesota Twins,St. Louis Cardinals,Home,1,Anthony Banda,Ryne Stanek,Andrew Morris,Byron Buxton,Minnesota Twins,"3-3, 1 HR, 1 RBI",Joe Ryan,Minnesota Twins,"6.0 IP, 8 K, 3 ER"
824020,2026-06-12,Angel Stadium,Los Angeles Angels,Tampa Bay Rays,R,4,3,Los Angeles Angels,Tampa Bay Rays,Home,1,Sam Aldegheri,Shane McClanahan,Ryan Zeferjahn,Jonathan Aranda,Tampa Bay Rays,"2-5, 0 HR, 3 RBI",Shane McClanahan,Tampa Bay Rays,"4.0 IP, 7 K, 4 ER"
824997,2026-06-12,Las Vegas Ballpark,Athletics,Colorado Rockies,R,6,4,Athletics,Colorado Rockies,Home,2,Mason Barnett,Zach Agnos,Hogan Harris,Nick Kurtz,Athletics,"2-5, 1 HR, 1 RBI",Gage Jump,Athletics,"5.0 IP, 6 K, 3 ER"
823211,2026-06-12,Oracle Park,San Francisco Giants,Chicago Cubs,R,1,5,Chicago Cubs,San Francisco Giants,Away,4,Javier Assad,Landen Roupp,,Bryce Eldridge,San Francisco Giants,"3-4, 1 HR, 1 RBI",Landen Roupp,San Francisco Giants,"4.2 IP, 5 K, 4 ER"
823694,2026-06-13,Target Field,Minnesota Twins,St. Louis Cardinals,R,6,9,St. Louis Cardinals,Minnesota Twins,Away,3,Matt Svanson,Justin Lawrence,,Pedro Pagés,St. Louis Cardinals,"3-4, 0 HR, 1 RBI",Matthew Liberatore,St. Louis Cardinals,"4.1 IP, 4 K, 4 ER"
822802,2026-06-13,Rogers Centre,Toronto Blue Jays,New York Yankees,R,1,3,New York Yankees,Toronto Blue Jays,Away,2,Fernando Cruz,Louis Varland,David Bednar,Paul Goldschmidt,New York Yankees,"1-4, 1 HR, 2 RBI",Kevin Gausman,Toronto Blue Jays,"7.0 IP, 7 K, 1 ER"
824828,2026-06-13,Oriole Park at Camden Yards,Baltimore Orioles,San Diego Padres,R,3,9,San Diego Padres,Baltimore Orioles,Away,6,Randy Vásquez,Trey Gibson,,Samad Taylor,San Diego Padres,"3-5, 1 HR, 3 RBI",Trey Gibson,Baltimore Orioles,"4.1 IP, 7 K, 6 ER"
822725,2026-06-13,Nationals Park,Washington Nationals,Seattle Mariners,R,8,3,Washington Nationals,Seattle Mariners,Home,5,Cade Cavalli,Luis Castillo,,CJ Abrams,Washington Nationals,"3-4, 0 HR, 2 RBI",Cade Cavalli,Washington Nationals,"5.0 IP, 5 K, 3 ER"
823369,2026-06-13,PNC Park,Pittsburgh Pirates,Miami Marlins,R,3,2,Pittsburgh Pirates,Miami Marlins,Home,1,Yohan Ramírez,Anthony Bender,Gregory Soto,Ryan O'Hearn,Pittsburgh Pirates,"2-4, 0 HR, 1 RBI",Bubba Chandler,Pittsburgh Pirates,"5.2 IP, 6 K, 2 ER"
824508,2026-06-13,Great American Ball Park,Cincinnati Reds,Arizona Diamondbacks,R,2,1,Cincinnati Reds,Arizona Diamondbacks,Home,1,Chase Petty,Juan Morillo,Tony Santillan,Corbin Carroll,Arizona Diamondbacks,"2-5, 1 HR, 1 RBI",Michael Soroka,Arizona Diamondbacks,"7.0 IP, 7 K, 1 ER"
824426,2026-06-13,Progressive Field,Cleveland Guardians,Detroit Tigers,R,3,1,Cleveland Guardians,Detroit Tigers,Home,2,Joey Cantillo,Tarik Skubal,Cade Smith,Dillon Dingler,Detroit Tigers,"2-4, 0 HR, 1 RBI",Joey Cantillo,Cleveland Guardians,"5.0 IP, 4 K, 1 ER"
824749,2026-06-13,Fenway Park,Boston Red Sox,Texas Rangers,R,6,3,Boston Red Sox,Texas Rangers,Home,3,Garrett Whitlock,Cole Winn,Aroldis Chapman,Wyatt Langford,Texas Rangers,"3-5, 0 HR, 1 RBI",Ranger Suarez,Boston Red Sox,"5.0 IP, 7 K, 2 ER"
823616,2026-06-13,Citi Field,New York Mets,Atlanta Braves,R,1,3,Atlanta Braves,New York Mets,Away,2,Martín Pérez,Sean Manaea,Raisel Iglesias,Eli White,Atlanta Braves,"3-4, 1 HR, 2 RBI",Sean Manaea,New York Mets,"6.0 IP, 6 K, 2 ER"
824587,2026-06-13,Rate Field,Chicago White Sox,Los Angeles Dodgers,R,1,7,Los Angeles Dodgers,Chicago White Sox,Away,6,Yoshinobu Yamamoto,Sean Burke,,Max Muncy,Los Angeles Dodgers,"3-3, 2 HR, 4 RBI",Yoshinobu Yamamoto,Los Angeles Dodgers,"8.1 IP, 7 K, 1 ER"
824100,2026-06-13,Kauffman Stadium,Kansas City Royals,Houston Astros,R,7,8,Houston Astros,Kansas City Royals,Away,1,Bryan King,Alex Lange,Bryan Abreu,Bobby Witt Jr.,Kansas City Royals,"3-5, 0 HR, 0 RBI",Mike Burrows,Houston Astros,"5.0 IP, 5 K, 4 ER"
823776,2026-06-13,American Family Field,Milwaukee Brewers,Philadelphia Phillies,R,8,9,Philadelphia Phillies,Milwaukee Brewers,Away,1,Tim Mayza,Shane Drohan,Jhoan Duran,Jackson Chourio,Milwaukee Brewers,"4-5, 2 HR, 4 RBI",Shane Drohan,Milwaukee Brewers,"5.0 IP, 7 K, 4 ER"
824995,2026-06-13,Las Vegas Ballpark,Athletics,Colorado Rockies,R,7,5,Athletics,Colorado Rockies,Home,2,José Suarez,Kyle Freeland,Elvis Alvarado,Alika Williams,Athletics,"3-3, 0 HR, 1 RBI",Joey Estes,Athletics,"4.1 IP, 4 K, 4 ER"
823213,2026-06-13,Oracle Park,San Francisco Giants,Chicago Cubs,R,1,6,Chicago Cubs,San Francisco Giants,Away,5,Ben Brown,Trevor McDonald,,Pete Crow-Armstrong,Chicago Cubs,"3-5, 1 HR, 1 RBI",Trevor McDonald,San Francisco Giants,"3.2 IP, 4 K, 4 ER"
824019,2026-06-13,Angel Stadium,Los Angeles Angels,Tampa Bay Rays,R,8,0,Los Angeles Angels,Tampa Bay Rays,Home,8,José Soriano,Griffin Jax,,Jo Adell,Los Angeles Angels,"4-5, 0 HR, 0 RBI",José Soriano,Los Angeles Angels,"5.0 IP, 5 K, 0 ER"
823368,2026-06-14,PNC Park,Pittsburgh Pirates,Miami Marlins,R,2,4,Miami Marlins,Pittsburgh Pirates,Away,2,Max Meyer,Paul Skenes,Pete Fairbanks,Bryan Reynolds,Pittsburgh Pirates,"2-3, 1 HR, 1 RBI",Paul Skenes,Pittsburgh Pirates,"6.0 IP, 10 K, 2 ER"
824823,2026-06-14,Oriole Park at Camden Yards,Baltimore Orioles,San Diego Padres,R,2,5,San Diego Padres,Baltimore Orioles,Away,3,Walker Buehler,Trevor Rogers,Mason Miller,Rodolfo Durán,San Diego Padres,"2-4, 1 HR, 3 RBI",Walker Buehler,San Diego Padres,"5.0 IP, 5 K, 1 ER"
822722,2026-06-14,Nationals Park,Washington Nationals,Seattle Mariners,R,10,1,Washington Nationals,Seattle Mariners,Home,9,Miles Mikolas,Emerson Hancock,,James Wood,Washington Nationals,"3-4, 1 HR, 2 RBI",Miles Mikolas,Washington Nationals,"7.0 IP, 3 K, 0 ER"
822801,2026-06-14,Rogers Centre,Toronto Blue Jays,New York Yankees,R,3,8,New York Yankees,Toronto Blue Jays,Away,5,Camilo Doval,Braydon Fisher,,Nathan Lukes,Toronto Blue Jays,"3-5, 0 HR, 1 RBI",Patrick Corbin,Toronto Blue Jays,"3.2 IP, 3 K, 2 ER"
824506,2026-06-14,Great American Ball Park,Cincinnati Reds,Arizona Diamondbacks,R,3,5,Arizona Diamondbacks,Cincinnati Reds,Away,2,Juan Morillo,Zach Maxwell,Paul Sewald,Geraldo Perdomo,Arizona Diamondbacks,"2-3, 1 HR, 2 RBI",Andrew Abbott,Cincinnati Reds,"5.0 IP, 5 K, 1 ER"
823615,2026-06-14,Citi Field,New York Mets,Atlanta Braves,R,8,1,New York Mets,Atlanta Braves,Home,7,Freddy Peralta,Bryce Elder,,A.J. Ewing,New York Mets,"3-5, 1 HR, 2 RBI",Freddy Peralta,New York Mets,"5.0 IP, 2 K, 1 ER"
824099,2026-06-14,Kauffman Stadium,Kansas City Royals,Houston Astros,R,4,0,Kansas City Royals,Houston Astros,Home,4,Stephen Kolek,Spencer Arrighetti,,Maikel Garcia,Kansas City Royals,"3-4, 0 HR, 3 RBI",Spencer Arrighetti,Houston Astros,"6.0 IP, 7 K, 4 ER"
823693,2026-06-14,Target Field,Minnesota Twins,St. Louis Cardinals,R,5,4,Minnesota Twins,St. Louis Cardinals,Home,1,Andrew Morris,George Soriano,Yoendrys Gómez,Byron Buxton,Minnesota Twins,"3-5, 0 HR, 1 RBI",Taj Bradley,Minnesota Twins,"6.2 IP, 7 K, 4 ER"
824586,2026-06-14,Rate Field,Chicago White Sox,Los Angeles Dodgers,R,6,4,Chicago White Sox,Los Angeles Dodgers,Home,2,Erick Fedde,Emmet Sheehan,Seranthony Domínguez,Colson Montgomery,Chicago White Sox,"2-4, 1 HR, 2 RBI",Emmet Sheehan,Los Angeles Dodgers,"5.0 IP, 8 K, 3 ER"
823777,2026-06-14,American Family Field,Milwaukee Brewers,Philadelphia Phillies,R,4,0,Milwaukee Brewers,Philadelphia Phillies,Home,4,Kyle Harrison,Cristopher Sánchez,,Blake Perkins,Milwaukee Brewers,"2-4, 1 HR, 3 RBI",Kyle Harrison,Milwaukee Brewers,"6.0 IP, 3 K, 0 ER"
824994,2026-06-14,Las Vegas Ballpark,Athletics,Colorado Rockies,R,9,23,Colorado Rockies,Athletics,Away,14,Tomoyuki Sugano,Jeffrey Springs,Eiberson Castellano,Hunter Goodman,Colorado Rockies,"5-6, 2 HR, 4 RBI",Jeffrey Springs,Athletics,"4.0 IP, 5 K, 6 ER"
823212,2026-06-14,Oracle Park,San Francisco Giants,Chicago Cubs,R,5,1,San Francisco Giants,Chicago Cubs,Home,4,Logan Webb,Colin Rea,,Casey Schmitt,San Francisco Giants,"2-3, 0 HR, 0 RBI",Logan Webb,San Francisco Giants,"8.0 IP, 7 K, 0 ER"
824021,2026-06-14,Angel Stadium,Los Angeles Angels,Tampa Bay Rays,R,3,8,Tampa Bay Rays,Los Angeles Angels,Away,5,Kevin Kelly,Sam Bachman,,Victor Mesa Jr.,Tampa Bay Rays,"2-3, 1 HR, 2 RBI",Ian Seymour,Tampa Bay Rays,"3.1 IP, 3 K, 2 ER"
824751,2026-06-14,Fenway Park,Boston Red Sox,Texas Rangers,R,4,6,Texas Rangers,Boston Red Sox,Away,2,Nathan Eovaldi,Connelly Early,Jacob Latz,Willson Contreras,Boston Red Sox,"3-4, 2 HR, 2 RBI",Nathan Eovaldi,Texas Rangers,"7.0 IP, 6 K, 3 ER"
824424,2026-09-04,Progressive Field,Cleveland Guardians,Detroit Tigers,R,0,0,Detroit Tigers,Cleveland Guardians,Away,0,,,,,,,,,
823452,2026-06-15,Citizens Bank Park,Philadelphia Phillies,Miami Marlins,R,7,0,Philadelphia Phillies,Miami Marlins,Home,7,Zack Wheeler,Ryan Gusto,,Justin Crawford,Philadelphia Phillies,"3-4, 0 HR, 1 RBI",Zack Wheeler,Philadelphia Phillies,"6.0 IP, 9 K, 0 ER"
822724,2026-06-15,Nationals Park,Washington Nationals,Kansas City Royals,R,7,3,Washington Nationals,Kansas City Royals,Home,4,Brad Lord,Mitch Spence,,Nasim Nuñez,Washington Nationals,"2-2, 0 HR, 0 RBI",Andrew Alvarez,Washington Nationals,"4.0 IP, 5 K, 1 ER"
824505,2026-06-15,Great American Ball Park,Cincinnati Reds,New York Mets,R,12,0,Cincinnati Reds,New York Mets,Home,12,Chase Burns,Tobias Myers,,Bo Bichette,New York Mets,"3-5, 0 HR, 0 RBI",Chase Burns,Cincinnati Reds,"5.0 IP, 7 K, 0 ER"
823046,2026-06-15,Busch Stadium,St. Louis Cardinals,San Diego Padres,R,3,0,St. Louis Cardinals,San Diego Padres,Home,3,Dustin May,Lucas Giolito,,Jordan Walker,St. Louis Cardinals,"2-4, 0 HR, 0 RBI",Dustin May,St. Louis Cardinals,"9.0 IP, 9 K, 0 ER"
824666,2026-06-15,Wrigley Field,Chicago Cubs,Colorado Rockies,R,5,4,Chicago Cubs,Colorado Rockies,Home,1,Daniel Palencia,Juan Mejia,,Pete Crow-Armstrong,Chicago Cubs,"4-4, 1 HR, 2 RBI",Michael Lorenzen,Colorado Rockies,"5.0 IP, 5 K, 1 ER"
822887,2026-06-15,Globe Life Field,Texas Rangers,Minnesota Twins,R,2,4,Minnesota Twins,Texas Rangers,Away,2,Taylor Rogers,MacKenzie Gore,Yoendrys Gómez,Josh Bell,Minnesota Twins,"2-4, 1 HR, 3 RBI",MacKenzie Gore,Texas Rangers,"7.0 IP, 10 K, 4 ER"
824181,2026-06-15,Daikin Park,Houston Astros,Detroit Tigers,R,3,9,Detroit Tigers,Houston Astros,Away,6,Kyle Finnegan,Kai-Wei Teng,,Colt Keith,Detroit Tigers,"3-4, 3 HR, 6 RBI",Kai-Wei Teng,Houston Astros,"3.1 IP, 9 K, 5 ER"
825071,2026-06-15,Chase Field,Arizona Diamondbacks,Los Angeles Angels,R,4,3,Arizona Diamondbacks,Los Angeles Angels,Home,1,Ryne Nelson,Walbert Ureña,Paul Sewald,Pavin Smith,Arizona Diamondbacks,"2-4, 1 HR, 1 RBI",Ryne Nelson,Arizona Diamondbacks,"7.0 IP, 5 K, 2 ER"
824993,2026-06-15,Sutter Health Park,Athletics,Pittsburgh Pirates,R,11,2,Athletics,Pittsburgh Pirates,Home,9,J.T. Ginn,Jared Jones,,Nick Kurtz,Athletics,"3-4, 2 HR, 5 RBI",Jared Jones,Pittsburgh Pirates,"4.0 IP, 4 K, 5 ER"
823938,2026-06-15,UNIQLO Field at Dodger Stadium,Los Angeles Dodgers,Tampa Bay Rays,R,4,3,Los Angeles Dodgers,Tampa Bay Rays,Home,1,Kyle Hurt,Steven Matz,Tanner Scott,Kyle Tucker,Los Angeles Dodgers,"2-4, 1 HR, 3 RBI",Nick Martinez,Tampa Bay Rays,"5.1 IP, 6 K, 3 ER"
823451,2026-06-16,Citizens Bank Park,Philadelphia Phillies,Miami Marlins,R,8,2,Philadelphia Phillies,Miami Marlins,Home,6,Jesús Luzardo,Tyler Phillips,,Alec Bohm,Philadelphia Phillies,"2-4, 1 HR, 3 RBI",Jesús Luzardo,Philadelphia Phillies,"7.0 IP, 9 K, 2 ER"
822723,2026-06-16,Nationals Park,Washington Nationals,Kansas City Royals,R,6,4,Washington Nationals,Kansas City Royals,Home,2,Paxton Schultz,Daniel Lynch IV,Gus Varland,Bobby Witt Jr.,Kansas City Royals,"3-4, 0 HR, 1 RBI",Foster Griffin,Washington Nationals,"6.0 IP, 6 K, 1 ER"
824750,2026-06-16,Fenway Park,Boston Red Sox,Toronto Blue Jays,R,1,6,Toronto Blue Jays,Boston Red Sox,Away,5,Dylan Cease,Payton Tolle,Louis Varland,George Springer,Toronto Blue Jays,"2-3, 1 HR, 3 RBI",Dylan Cease,Toronto Blue Jays,"5.0 IP, 7 K, 0 ER"
823535,2026-06-16,Yankee Stadium,New York Yankees,Chicago White Sox,R,12,2,New York Yankees,Chicago White Sox,Home,10,Gerrit Cole,Davis Martin,Ryan Yarbrough,Cody Bellinger,New York Yankees,"3-4, 0 HR, 2 RBI",Gerrit Cole,New York Yankees,"6.0 IP, 6 K, 2 ER"
824504,2026-06-16,Great American Ball Park,Cincinnati Reds,New York Mets,R,5,3,Cincinnati Reds,New York Mets,Home,2,Brady Singer,Kodai Senga,Tony Santillan,Sal Stewart,Cincinnati Reds,"2-3, 1 HR, 4 RBI",Brady Singer,Cincinnati Reds,"5.0 IP, 5 K, 1 ER"
824912,2026-06-16,Truist Park,Atlanta Braves,San Francisco Giants,R,2,7,San Francisco Giants,Atlanta Braves,Away,5,Robbie Ray,Grant Holmes,,Luis Arraez,San Francisco Giants,"3-5, 0 HR, 0 RBI",Robbie Ray,San Francisco Giants,"6.1 IP, 8 K, 0 ER"
823775,2026-06-16,American Family Field,Milwaukee Brewers,Cleveland Guardians,R,2,1,Milwaukee Brewers,Cleveland Guardians,Home,1,Aaron Ashby,Hunter Gaddis,Trevor Megill,Garrett Mitchell,Milwaukee Brewers,"2-3, 1 HR, 1 RBI",Robert Gasser,Milwaukee Brewers,"5.2 IP, 5 K, 0 ER"
823045,2026-06-16,Busch Stadium,St. Louis Cardinals,San Diego Padres,R,3,2,St. Louis Cardinals,San Diego Padres,Home,1,Andre Pallante,Michael King,Riley O'Brien,JJ Wetherholt,St. Louis Cardinals,"3-4, 0 HR, 0 RBI",Andre Pallante,St. Louis Cardinals,"7.0 IP, 6 K, 2 ER"
824667,2026-06-16,Wrigley Field,Chicago Cubs,Colorado Rockies,R,2,5,Colorado Rockies,Chicago Cubs,Away,3,Blas Castaño,Edward Cabrera,Jaden Hill,Jake McCarthy,Colorado Rockies,"3-5, 0 HR, 0 RBI",Ryan Feltner,Colorado Rockies,"4.2 IP, 7 K, 2 ER"
822888,2026-06-16,Globe Life Field,Texas Rangers,Minnesota Twins,R,2,12,Minnesota Twins,Texas Rangers,Away,10,Zebby Matthews,Kumar Rocker,,Trevor Larnach,Minnesota Twins,"4-6, 1 HR, 1 RBI",Kumar Rocker,Texas Rangers,"3.1 IP, 4 K, 6 ER"
824182,2026-06-16,Daikin Park,Houston Astros,Detroit Tigers,R,4,2,Houston Astros,Detroit Tigers,Home,2,Bryan King,Keider Montero,Josh Hader,Raynel Delgado,Houston Astros,"2-4, 0 HR, 2 RBI",Hunter Brown,Houston Astros,"5.2 IP, 7 K, 1 ER"
825070,2026-06-16,Chase Field,Arizona Diamondbacks,Los Angeles Angels,R,0,7,Los Angeles Angels,Arizona Diamondbacks,Away,7,Reid Detmers,Merrill Kelly,,Logan O'Hoppe,Los Angeles Angels,"3-4, 0 HR, 0 RBI",Merrill Kelly,Arizona Diamondbacks,"5.1 IP, 4 K, 6 ER"
824991,2026-06-16,Sutter Health Park,Athletics,Pittsburgh Pirates,R,5,6,Pittsburgh Pirates,Athletics,Away,1,Mason Montgomery,Elvis Alvarado,Gregory Soto,Bryan Reynolds,Pittsburgh Pirates,"4-5, 2 HR, 3 RBI",Mitch Keller,Pittsburgh Pirates,"5.1 IP, 7 K, 1 ER"
823128,2026-06-16,T-Mobile Park,Seattle Mariners,Baltimore Orioles,R,3,1,Seattle Mariners,Baltimore Orioles,Home,2,Logan Gilbert,Brandon Young,Andrés Muñoz,Cal Raleigh,Seattle Mariners,"1-3, 0 HR, 2 RBI",Logan Gilbert,Seattle Mariners,"7.0 IP, 10 K, 1 ER"
823939,2026-06-16,UNIQLO Field at Dodger Stadium,Los Angeles Dodgers,Tampa Bay Rays,R,1,0,Los Angeles Dodgers,Tampa Bay Rays,Home,1,Justin Wrobleski,Drew Rasmussen,Tanner Scott,Freddie Freeman,Los Angeles Dodgers,"2-3, 0 HR, 0 RBI",Drew Rasmussen,Tampa Bay Rays,"7.0 IP, 7 K, 1 ER"
824503,2026-06-17,Great American Ball Park,Cincinnati Reds,New York Mets,R,1,9,New York Mets,Cincinnati Reds,Away,8,Nolan McLean,Nick Lodolo,,Juan Soto,New York Mets,"3-5, 0 HR, 2 RBI",Nolan McLean,New York Mets,"7.0 IP, 9 K, 0 ER"
822721,2026-06-17,Nationals Park,Washington Nationals,Kansas City Royals,R,2,6,Kansas City Royals,Washington Nationals,Away,4,Luinder Avila,Zack Littell,,Carter Jensen,Kansas City Royals,"4-4, 1 HR, 1 RBI",Luinder Avila,Kansas City Royals,"5.2 IP, 5 K, 1 ER"
823450,2026-06-17,Citizens Bank Park,Philadelphia Phillies,Miami Marlins,R,4,12,Miami Marlins,Philadelphia Phillies,Away,8,Sandy Alcantara,Andrew Painter,,Kyle Stowers,Miami Marlins,"4-5, 2 HR, 5 RBI",Sandy Alcantara,Miami Marlins,"6.0 IP, 6 K, 2 ER"
824912,2026-06-16,Truist Park,Atlanta Braves,San Francisco Giants,R,2,7,San Francisco Giants,Atlanta Braves,Away,5,Robbie Ray,Grant Holmes,,Luis Arraez,San Francisco Giants,"3-5, 0 HR, 0 RBI",Robbie Ray,San Francisco Giants,"6.1 IP, 8 K, 0 ER"
824178,2026-06-17,Daikin Park,Houston Astros,Detroit Tigers,R,4,2,Houston Astros,Detroit Tigers,Home,2,Peter Lambert,Casey Mize,Josh Hader,Jeremy Peña,Houston Astros,"2-4, 1 HR, 2 RBI",Peter Lambert,Houston Astros,"7.0 IP, 5 K, 1 ER"
823044,2026-06-17,Busch Stadium,St. Louis Cardinals,San Diego Padres,R,1,6,San Diego Padres,St. Louis Cardinals,Away,5,Griffin Canning,Kyle Leahy,,Jackson Merrill,San Diego Padres,"3-5, 1 HR, 2 RBI",Kyle Leahy,St. Louis Cardinals,"6.0 IP, 7 K, 3 ER"
823940,2026-06-17,UNIQLO Field at Dodger Stadium,Los Angeles Dodgers,Tampa Bay Rays,R,5,4,Los Angeles Dodgers,Tampa Bay Rays,Home,1,Shohei Ohtani,Kevin Kelly,Alex Vesia,Yandy Díaz,Tampa Bay Rays,"2-3, 0 HR, 1 RBI",Shohei Ohtani,Los Angeles Dodgers,"6.0 IP, 5 K, 4 ER"
825072,2026-06-17,Chase Field,Arizona Diamondbacks,Los Angeles Angels,R,8,1,Arizona Diamondbacks,Los Angeles Angels,Home,7,Eduardo Rodriguez,Sam Aldegheri,,Gabriel Moreno,Arizona Diamondbacks,"3-3, 0 HR, 0 RBI",Eduardo Rodriguez,Arizona Diamondbacks,"7.0 IP, 5 K, 1 ER"
824746,2026-06-17,Fenway Park,Boston Red Sox,Toronto Blue Jays,R,0,3,Toronto Blue Jays,Boston Red Sox,Away,3,Simeon Woods Richardson,Jake Bennett,Louis Varland,Vladimir Guerrero Jr.,Toronto Blue Jays,"2-4, 0 HR, 2 RBI",Jake Bennett,Boston Red Sox,"5.1 IP, 5 K, 2 ER"
823536,2026-06-17,Yankee Stadium,New York Yankees,Chicago White Sox,R,10,5,New York Yankees,Chicago White Sox,Home,5,Carlos Rodón,Anthony Kay,,Cody Bellinger,New York Yankees,"3-4, 1 HR, 2 RBI",Carlos Rodón,New York Yankees,"5.0 IP, 7 K, 3 ER"
824913,2026-06-17,Truist Park,Atlanta Braves,San Francisco Giants,R,5,7,San Francisco Giants,Atlanta Braves,Away,2,Carson Whisenhunt,JR Ritchie,Tristan Beck,Austin Riley,Atlanta Braves,"3-5, 0 HR, 1 RBI",JR Ritchie,Atlanta Braves,"5.0 IP, 4 K, 5 ER"
823774,2026-06-17,American Family Field,Milwaukee Brewers,Cleveland Guardians,R,9,4,Milwaukee Brewers,Cleveland Guardians,Home,5,Chad Patrick,Gavin Williams,,Christian Yelich,Milwaukee Brewers,"2-5, 1 HR, 2 RBI",Chad Patrick,Milwaukee Brewers,"3.1 IP, 7 K, 0 ER"
824668,2026-06-17,Wrigley Field,Chicago Cubs,Colorado Rockies,R,8,6,Chicago Cubs,Colorado Rockies,Home,2,Javier Assad,Sean Sullivan,Jacob Webb,Sterlin Thompson,Colorado Rockies,"3-4, 2 HR, 2 RBI",Jimmy Herget,Colorado Rockies,"1.0 IP, 2 K, 0 ER"
824992,2026-06-17,Sutter Health Park,Athletics,Pittsburgh Pirates,R,4,12,Pittsburgh Pirates,Athletics,Away,8,Braxton Ashcraft,Aaron Civale,,Ryan O'Hearn,Pittsburgh Pirates,"3-5, 1 HR, 6 RBI",Braxton Ashcraft,Pittsburgh Pirates,"6.0 IP, 7 K, 1 ER"
823127,2026-06-17,T-Mobile Park,Seattle Mariners,Baltimore Orioles,R,3,5,Baltimore Orioles,Seattle Mariners,Away,2,Kyle Bradish,George Kirby,,Blaze Alexander,Baltimore Orioles,"3-3, 0 HR, 0 RBI",Kyle Bradish,Baltimore Orioles,"7.2 IP, 12 K, 1 ER"
824748,2026-06-18,Fenway Park,Boston Red Sox,Toronto Blue Jays,R,3,4,Toronto Blue Jays,Boston Red Sox,Away,1,Tommy Nance,Aroldis Chapman,Mason Fluharty,Brandon Valenzuela,Toronto Blue Jays,"2-4, 0 HR, 1 RBI",Trey Yesavage,Toronto Blue Jays,"7.1 IP, 6 K, 3 ER"
823772,2026-06-18,American Family Field,Milwaukee Brewers,Cleveland Guardians,R,2,4,Cleveland Guardians,Milwaukee Brewers,Away,2,Parker Messick,Grant Anderson,Cade Smith,Brayan Rocchio,Cleveland Guardians,"2-4, 0 HR, 0 RBI",Parker Messick,Cleveland Guardians,"6.0 IP, 9 K, 2 ER"
822889,2026-06-18,Globe Life Field,Texas Rangers,Minnesota Twins,R,3,9,Minnesota Twins,Texas Rangers,Away,6,Joe Ryan,Jack Leiter,,Trevor Larnach,Minnesota Twins,"3-5, 1 HR, 3 RBI",Joe Ryan,Minnesota Twins,"5.0 IP, 7 K, 0 ER"
823125,2026-06-18,T-Mobile Park,Seattle Mariners,Baltimore Orioles,R,3,0,Seattle Mariners,Baltimore Orioles,Home,3,Bryan Woo,Shane Baz,Andrés Muñoz,Colt Emerson,Seattle Mariners,"1-2, 0 HR, 2 RBI",Bryan Woo,Seattle Mariners,"7.0 IP, 9 K, 0 ER"
823448,2026-06-18,Citizens Bank Park,Philadelphia Phillies,New York Mets,R,4,6,New York Mets,Philadelphia Phillies,Away,2,Huascar Brazobán,José Alvarado,Devin Williams,Carson Benge,New York Mets,"3-5, 0 HR, 0 RBI",Aaron Nola,Philadelphia Phillies,"5.0 IP, 6 K, 2 ER"
823533,2026-06-18,Yankee Stadium,New York Yankees,Chicago White Sox,R,1,5,Chicago White Sox,New York Yankees,Away,4,Sean Burke,Fernando Cruz,,Colson Montgomery,Chicago White Sox,"2-3, 1 HR, 1 RBI",Ryan Weathers,New York Yankees,"6.1 IP, 8 K, 1 ER"
824098,2026-06-18,Kauffman Stadium,Kansas City Royals,St. Louis Cardinals,R,14,6,Kansas City Royals,St. Louis Cardinals,Home,8,Noah Cameron,Matthew Liberatore,,Salvador Perez,Kansas City Royals,"3-5, 1 HR, 1 RBI",Noah Cameron,Kansas City Royals,"5.0 IP, 6 K, 3 ER"
824989,2026-06-18,Sutter Health Park,Athletics,Los Angeles Angels,R,5,0,Athletics,Los Angeles Angels,Home,5,Gage Jump,Ryan Johnson,,Shea Langeliers,Athletics,"1-4, 1 HR, 3 RBI",Gage Jump,Athletics,"7.0 IP, 7 K, 0 ER"
824911,2026-08-31,Truist Park,Atlanta Braves,San Francisco Giants,R,0,0,San Francisco Giants,Atlanta Braves,Away,0,,,,,,,,,
824663,2026-06-19,Wrigley Field,Chicago Cubs,Toronto Blue Jays,R,16,2,Chicago Cubs,Toronto Blue Jays,Home,14,Ben Brown,Kevin Gausman,,Seiya Suzuki,Chicago Cubs,"3-5, 0 HR, 2 RBI",Ben Brown,Chicago Cubs,"6.0 IP, 4 K, 2 ER"
824264,2026-06-19,Comerica Park,Detroit Tigers,Chicago White Sox,R,4,3,Detroit Tigers,Chicago White Sox,Home,1,Drew Anderson,Erick Fedde,Kenley Jansen,Dillon Dingler,Detroit Tigers,"3-4, 0 HR, 0 RBI",Tarik Skubal,Detroit Tigers,"5.2 IP, 8 K, 3 ER"
823534,2026-06-19,Yankee Stadium,New York Yankees,Cincinnati Reds,R,5,0,New York Yankees,Cincinnati Reds,Home,5,Cam Schlittler,Rhett Lowder,,Ben Rice,New York Yankees,"2-4, 1 HR, 3 RBI",Cam Schlittler,New York Yankees,"6.0 IP, 13 K, 0 ER"
822966,2026-06-19,Tropicana Field,Tampa Bay Rays,Washington Nationals,R,5,2,Tampa Bay Rays,Washington Nationals,Home,3,Griffin Jax,Miles Mikolas,Bryan Baker,Luis García Jr.,Washington Nationals,"2-3, 1 HR, 1 RBI",Griffin Jax,Tampa Bay Rays,"5.0 IP, 5 K, 2 ER"
823853,2026-06-19,loanDepot park,Miami Marlins,San Francisco Giants,R,4,3,Miami Marlins,San Francisco Giants,Home,1,Cade Gibson,Sam Hentges,Pete Fairbanks,Owen Caissie,Miami Marlins,"3-3, 1 HR, 3 RBI",Landen Roupp,San Francisco Giants,"6.0 IP, 7 K, 2 ER"
824910,2026-06-19,Truist Park,Atlanta Braves,Milwaukee Brewers,R,3,2,Atlanta Braves,Milwaukee Brewers,Home,1,Martín Pérez,Jacob Misiorowski,Raisel Iglesias,Brice Turang,Milwaukee Brewers,"2-5, 0 HR, 2 RBI",Jacob Misiorowski,Milwaukee Brewers,"6.0 IP, 7 K, 2 ER"
822886,2026-06-19,Globe Life Field,Texas Rangers,San Diego Padres,R,9,7,Texas Rangers,San Diego Padres,Home,2,Jacob deGrom,Randy Vásquez,Jacob Latz,Ty France,San Diego Padres,"3-4, 2 HR, 5 RBI",Jacob deGrom,Texas Rangers,"6.0 IP, 9 K, 6 ER"
824179,2026-06-19,Daikin Park,Houston Astros,Cleveland Guardians,R,9,3,Houston Astros,Cleveland Guardians,Home,6,Tatsuya Imai,Tanner Bibee,,Jeremy Peña,Houston Astros,"3-5, 2 HR, 3 RBI",Tatsuya Imai,Houston Astros,"6.0 IP, 11 K, 3 ER"
824097,2026-06-19,Kauffman Stadium,Kansas City Royals,St. Louis Cardinals,R,6,5,Kansas City Royals,St. Louis Cardinals,Home,1,Seth Lugo,Michael McGreevy,Alex Lange,Jac Caglianone,Kansas City Royals,"2-4, 1 HR, 2 RBI",Michael McGreevy,St. Louis Cardinals,"5.0 IP, 2 K, 5 ER"
824345,2026-06-19,Coors Field,Colorado Rockies,Pittsburgh Pirates,R,4,3,Colorado Rockies,Pittsburgh Pirates,Home,1,Antonio Senzatela,Mason Montgomery,,TJ Rumfield,Colorado Rockies,"2-4, 1 HR, 1 RBI",Kyle Freeland,Colorado Rockies,"7.1 IP, 8 K, 2 ER"
824990,2026-06-19,Sutter Health Park,Athletics,Los Angeles Angels,R,12,11,Athletics,Los Angeles Angels,Home,1,Elvis Alvarado,Kirby Yates,,Logan O'Hoppe,Los Angeles Angels,"3-4, 1 HR, 3 RBI",José Soriano,Los Angeles Angels,"5.0 IP, 6 K, 3 ER"
825069,2026-06-19,Chase Field,Arizona Diamondbacks,Minnesota Twins,R,9,5,Arizona Diamondbacks,Minnesota Twins,Home,4,Jonathan Loáisiga,Connor Prielipp,,Corbin Carroll,Arizona Diamondbacks,"3-4, 0 HR, 4 RBI",Connor Prielipp,Minnesota Twins,"6.0 IP, 4 K, 3 ER"
823936,2026-06-19,UNIQLO Field at Dodger Stadium,Los Angeles Dodgers,Baltimore Orioles,R,6,5,Los Angeles Dodgers,Baltimore Orioles,Home,1,Blake Treinen,Ryan Helsley,,Mookie Betts,Los Angeles Dodgers,"3-5, 1 HR, 1 RBI",Trey Gibson,Baltimore Orioles,"5.0 IP, 8 K, 3 ER"
823124,2026-06-19,T-Mobile Park,Seattle Mariners,Boston Red Sox,R,2,6,Boston Red Sox,Seattle Mariners,Away,4,Ranger Suarez,Bryce Miller,,Caleb Durbin,Boston Red Sox,"3-4, 1 HR, 1 RBI",Bryce Miller,Seattle Mariners,"5.0 IP, 7 K, 1 ER"
824263,2026-06-20,Comerica Park,Detroit Tigers,Chicago White Sox,R,4,1,Detroit Tigers,Chicago White Sox,Home,3,Troy Melton,Joe Rock,Kenley Jansen,Dillon Dingler,Detroit Tigers,"2-4, 1 HR, 2 RBI",Troy Melton,Detroit Tigers,"6.0 IP, 5 K, 1 ER"
823532,2026-06-20,Yankee Stadium,New York Yankees,Cincinnati Reds,R,2,10,Cincinnati Reds,New York Yankees,Away,8,Andrew Abbott,Will Warren,,Edwin Arroyo,Cincinnati Reds,"4-5, 0 HR, 0 RBI",Will Warren,New York Yankees,"5.2 IP, 8 K, 2 ER"
824665,2026-06-20,Wrigley Field,Chicago Cubs,Toronto Blue Jays,R,6,8,Toronto Blue Jays,Chicago Cubs,Away,2,Jeff Hoffman,Jacob Webb,Louis Varland,Pete Crow-Armstrong,Chicago Cubs,"2-4, 1 HR, 2 RBI",Patrick Corbin,Toronto Blue Jays,"3.2 IP, 4 K, 3 ER"
822885,2026-06-20,Globe Life Field,Texas Rangers,San Diego Padres,R,4,6,San Diego Padres,Texas Rangers,Away,2,Adrian Morejon,Joe Ross,Mason Miller,Jackson Merrill,San Diego Padres,"3-5, 0 HR, 1 RBI",Walker Buehler,San Diego Padres,"5.1 IP, 7 K, 1 ER"
822967,2026-06-20,Tropicana Field,Tampa Bay Rays,Washington Nationals,R,3,4,Washington Nationals,Tampa Bay Rays,Away,1,Mitchell Parker,Ian Seymour,Clayton Beeter,Junior Caminero,Tampa Bay Rays,"3-3, 0 HR, 1 RBI",Brad Lord,Washington Nationals,"3.0 IP, 5 K, 0 ER"
823854,2026-06-20,loanDepot park,Miami Marlins,San Francisco Giants,R,6,3,Miami Marlins,San Francisco Giants,Home,3,Max Meyer,Trevor McDonald,Pete Fairbanks,Casey Schmitt,San Francisco Giants,"3-4, 1 HR, 2 RBI",Max Meyer,Miami Marlins,"5.0 IP, 7 K, 2 ER"
824909,2026-06-20,Truist Park,Atlanta Braves,Milwaukee Brewers,R,4,3,Atlanta Braves,Milwaukee Brewers,Home,1,Dylan Lee,Aaron Ashby,,Ozzie Albies,Atlanta Braves,"3-4, 2 HR, 3 RBI",Chris Sale,Atlanta Braves,"5.2 IP, 7 K, 0 ER"
824180,2026-06-20,Daikin Park,Houston Astros,Cleveland Guardians,R,1,8,Cleveland Guardians,Houston Astros,Away,7,Joey Cantillo,Spencer Arrighetti,,Travis Bazzana,Cleveland Guardians,"4-4, 2 HR, 5 RBI",Joey Cantillo,Cleveland Guardians,"8.0 IP, 9 K, 1 ER"
823447,2026-06-20,Citizens Bank Park,Philadelphia Phillies,New York Mets,R,15,3,Philadelphia Phillies,New York Mets,Home,12,Cristopher Sánchez,Freddy Peralta,,Kyle Schwarber,Philadelphia Phillies,"4-5, 3 HR, 6 RBI",Cristopher Sánchez,Philadelphia Phillies,"6.0 IP, 5 K, 1 ER"
824342,2026-06-20,Coors Field,Colorado Rockies,Pittsburgh Pirates,R,2,1,Colorado Rockies,Pittsburgh Pirates,Home,1,Tomoyuki Sugano,Paul Skenes,Jaden Hill,Jake McCarthy,Colorado Rockies,"2-4, 1 HR, 1 RBI",Paul Skenes,Pittsburgh Pirates,"6.0 IP, 8 K, 2 ER"
824988,2026-06-20,Sutter Health Park,Athletics,Los Angeles Angels,R,0,7,Los Angeles Angels,Athletics,Away,7,Walbert Ureña,J.T. Ginn,,Donovan Walton,Los Angeles Angels,"3-5, 0 HR, 1 RBI",Walbert Ureña,Los Angeles Angels,"5.0 IP, 6 K, 0 ER"
823937,2026-06-20,UNIQLO Field at Dodger Stadium,Los Angeles Dodgers,Baltimore Orioles,R,2,3,Baltimore Orioles,Los Angeles Dodgers,Away,1,Trevor Rogers,Yoshinobu Yamamoto,Yennier Cano,Tommy Edman,Los Angeles Dodgers,"2-4, 0 HR, 0 RBI",Yoshinobu Yamamoto,Los Angeles Dodgers,"6.0 IP, 6 K, 3 ER"
823126,2026-06-20,T-Mobile Park,Seattle Mariners,Boston Red Sox,R,1,5,Boston Red Sox,Seattle Mariners,Away,4,Connelly Early,Emerson Hancock,,Caleb Durbin,Boston Red Sox,"2-4, 0 HR, 1 RBI",Connelly Early,Boston Red Sox,"6.0 IP, 7 K, 1 ER"
825068,2026-06-20,Chase Field,Arizona Diamondbacks,Minnesota Twins,R,8,16,Minnesota Twins,Arizona Diamondbacks,Away,8,Taj Bradley,Zac Gallen,,Brooks Lee,Minnesota Twins,"4-6, 0 HR, 2 RBI",Taj Bradley,Minnesota Twins,"5.0 IP, 4 K, 2 ER"
823531,2026-06-21,Yankee Stadium,New York Yankees,Cincinnati Reds,R,1,4,Cincinnati Reds,New York Yankees,Away,3,Chase Burns,Elmer Rodríguez,Tony Santillan,Ben Rice,New York Yankees,"2-3, 1 HR, 1 RBI",Chase Burns,Cincinnati Reds,"5.0 IP, 7 K, 1 ER"
824908,2026-06-21,Truist Park,Atlanta Braves,Milwaukee Brewers,R,4,9,Milwaukee Brewers,Atlanta Braves,Away,5,Robert Gasser,Bryce Elder,Chad Patrick,William Contreras,Milwaukee Brewers,"4-5, 1 HR, 3 RBI",Robert Gasser,Milwaukee Brewers,"6.0 IP, 7 K, 2 ER"
822968,2026-06-21,Tropicana Field,Tampa Bay Rays,Washington Nationals,R,4,3,Tampa Bay Rays,Washington Nationals,Home,1,Garrett Cleavinger,Orlando Ribalta,Kevin Kelly,Jonny DeLuca,Tampa Bay Rays,"2-4, 1 HR, 2 RBI",Andrew Alvarez,Washington Nationals,"4.0 IP, 6 K, 1 ER"
824260,2026-06-21,Comerica Park,Detroit Tigers,Chicago White Sox,R,5,4,Detroit Tigers,Chicago White Sox,Home,1,Will Vest,Brandon Eisert,,Dillon Dingler,Detroit Tigers,"2-5, 1 HR, 2 RBI",Davis Martin,Chicago White Sox,"6.0 IP, 4 K, 1 ER"
823852,2026-06-21,loanDepot park,Miami Marlins,San Francisco Giants,R,2,1,Miami Marlins,San Francisco Giants,Home,1,John King,Logan Webb,Lake Bachar,Casey Schmitt,San Francisco Giants,"2-4, 0 HR, 1 RBI",Ryan Gusto,Miami Marlins,"4.1 IP, 6 K, 1 ER"
824177,2026-06-21,Daikin Park,Houston Astros,Cleveland Guardians,R,2,1,Houston Astros,Cleveland Guardians,Home,1,Kai-Wei Teng,Slade Cecconi,Josh Hader,Isaac Paredes,Houston Astros,"3-4, 0 HR, 1 RBI",Kai-Wei Teng,Houston Astros,"6.0 IP, 4 K, 1 ER"
824095,2026-06-21,Kauffman Stadium,Kansas City Royals,St. Louis Cardinals,R,10,12,St. Louis Cardinals,Kansas City Royals,Away,2,Gordon Graceffo,Stephen Kolek,,JJ Wetherholt,St. Louis Cardinals,"3-5, 2 HR, 3 RBI",Steven Cruz,Kansas City Royals,"1.2 IP, 3 K, 3 ER"
822883,2026-06-21,Globe Life Field,Texas Rangers,San Diego Padres,R,4,3,Texas Rangers,San Diego Padres,Home,1,Nathan Eovaldi,Lucas Giolito,Jakob Junis,Wyatt Langford,Texas Rangers,"2-4, 1 HR, 3 RBI",Nathan Eovaldi,Texas Rangers,"6.0 IP, 9 K, 3 ER"
824343,2026-06-21,Coors Field,Colorado Rockies,Pittsburgh Pirates,R,6,8,Pittsburgh Pirates,Colorado Rockies,Away,2,Yohan Ramírez,Michael Lorenzen,,Jake Mangum,Pittsburgh Pirates,"3-4, 0 HR, 1 RBI",Michael Lorenzen,Colorado Rockies,"5.1 IP, 5 K, 4 ER"
825067,2026-06-21,Chase Field,Arizona Diamondbacks,Minnesota Twins,R,2,4,Minnesota Twins,Arizona Diamondbacks,Away,2,Cody Laweryson,Juan Morillo,Anthony Banda,Ryan Kreidler,Minnesota Twins,"3-4, 0 HR, 0 RBI",Jose Cabrera,Arizona Diamondbacks,"5.0 IP, 3 K, 0 ER"
824987,2026-06-21,Sutter Health Park,Athletics,Los Angeles Angels,R,7,9,Los Angeles Angels,Athletics,Away,2,Chase Silseth,Elvis Alvarado,Sam Bachman,Nick Kurtz,Athletics,"2-4, 1 HR, 3 RBI",Jack Perkins,Athletics,"5.0 IP, 8 K, 4 ER"
823934,2026-06-21,UNIQLO Field at Dodger Stadium,Los Angeles Dodgers,Baltimore Orioles,R,1,12,Baltimore Orioles,Los Angeles Dodgers,Away,11,Brandon Young,Emmet Sheehan,,Colton Cowser,Baltimore Orioles,"3-5, 1 HR, 4 RBI",Brandon Young,Baltimore Orioles,"5.0 IP, 5 K, 1 ER"
823123,2026-06-21,T-Mobile Park,Seattle Mariners,Boston Red Sox,R,3,1,Seattle Mariners,Boston Red Sox,Home,2,Logan Gilbert,Payton Tolle,Andrés Muñoz,Caleb Durbin,Boston Red Sox,"2-3, 0 HR, 0 RBI",Logan Gilbert,Seattle Mariners,"6.1 IP, 8 K, 1 ER"
823449,2026-06-21,Citizens Bank Park,Philadelphia Phillies,New York Mets,R,6,2,Philadelphia Phillies,New York Mets,Home,4,Zack Wheeler,David Peterson,,Bryce Harper,Philadelphia Phillies,"3-4, 1 HR, 1 RBI",Zack Wheeler,Philadelphia Phillies,"5.2 IP, 7 K, 2 ER"
824664,2026-08-06,Wrigley Field,Chicago Cubs,Toronto Blue Jays,R,0,0,Toronto Blue Jays,Chicago Cubs,Away,0,,,,,,,,,
824261,2026-06-22,Comerica Park,Detroit Tigers,New York Yankees,R,5,3,Detroit Tigers,New York Yankees,Home,2,Framber Valdez,Gerrit Cole,Will Vest,Kevin McGonigle,Detroit Tigers,"2-5, 0 HR, 2 RBI",Framber Valdez,Detroit Tigers,"6.0 IP, 8 K, 1 ER"
822964,2026-06-22,Tropicana Field,Tampa Bay Rays,Kansas City Royals,R,1,2,Kansas City Royals,Tampa Bay Rays,Away,1,Michael Wacha,Drew Rasmussen,Alex Lange,Chandler Simpson,Tampa Bay Rays,"2-4, 0 HR, 0 RBI",Drew Rasmussen,Tampa Bay Rays,"6.0 IP, 5 K, 2 ER"
823851,2026-06-22,loanDepot park,Miami Marlins,Texas Rangers,R,3,4,Texas Rangers,Miami Marlins,Away,1,Robby Ahlstrom,Calvin Faucher,Jacob Latz,Brandon Nimmo,Texas Rangers,"3-3, 0 HR, 0 RBI",Kumar Rocker,Texas Rangers,"5.0 IP, 9 K, 2 ER"
822720,2026-06-22,Nationals Park,Washington Nationals,Philadelphia Phillies,R,4,1,Washington Nationals,Philadelphia Phillies,Home,3,Foster Griffin,Tim Mayza,Clayton Beeter,Dylan Crews,Washington Nationals,"2-5, 0 HR, 1 RBI",Foster Griffin,Washington Nationals,"7.1 IP, 9 K, 1 ER"
822800,2026-06-22,Rogers Centre,Toronto Blue Jays,Houston Astros,R,4,2,Toronto Blue Jays,Houston Astros,Home,2,Braydon Fisher,Enyel De Los Santos,Louis Varland,Kazuma Okamoto,Toronto Blue Jays,"2-3, 1 HR, 1 RBI",Dylan Cease,Toronto Blue Jays,"5.2 IP, 8 K, 2 ER"
824502,2026-06-22,Great American Ball Park,Cincinnati Reds,Milwaukee Brewers,R,1,2,Milwaukee Brewers,Cincinnati Reds,Away,1,Trevor Megill,Tony Santillan,Joel Kuhnel,Brice Turang,Milwaukee Brewers,"2-4, 0 HR, 0 RBI",Brandon Woodruff,Milwaukee Brewers,"6.0 IP, 10 K, 0 ER"
823692,2026-06-22,Target Field,Minnesota Twins,Los Angeles Dodgers,R,1,2,Los Angeles Dodgers,Minnesota Twins,Away,1,Eric Lauer,Zebby Matthews,Tanner Scott,Tommy Edman,Los Angeles Dodgers,"2-4, 0 HR, 0 RBI",Zebby Matthews,Minnesota Twins,"6.0 IP, 5 K, 2 ER"
824585,2026-06-22,Rate Field,Chicago White Sox,Cleveland Guardians,R,6,5,Chicago White Sox,Cleveland Guardians,Home,1,Chris Murphy,Cade Smith,,Brayan Rocchio,Cleveland Guardians,"3-5, 0 HR, 0 RBI",Anthony Kay,Chicago White Sox,"6.0 IP, 8 K, 0 ER"
823040,2026-06-22,Busch Stadium,St. Louis Cardinals,Arizona Diamondbacks,R,3,2,St. Louis Cardinals,Arizona Diamondbacks,Home,1,Andre Pallante,Merrill Kelly,Riley O'Brien,Nathan Church,St. Louis Cardinals,"2-3, 0 HR, 1 RBI",Andre Pallante,St. Louis Cardinals,"6.0 IP, 2 K, 1 ER"
824344,2026-06-22,Coors Field,Colorado Rockies,Boston Red Sox,R,3,2,Colorado Rockies,Boston Red Sox,Home,1,Victor Vodnik,Aroldis Chapman,,Tyler Freeman,Colorado Rockies,"3-4, 0 HR, 0 RBI",Jake Bennett,Boston Red Sox,"6.0 IP, 9 K, 0 ER"
824016,2026-06-22,Angel Stadium,Los Angeles Angels,Baltimore Orioles,R,1,6,Baltimore Orioles,Los Angeles Angels,Away,5,Kyle Bradish,Sam Aldegheri,,Gunnar Henderson,Baltimore Orioles,"3-4, 0 HR, 1 RBI",Kyle Bradish,Baltimore Orioles,"8.0 IP, 9 K, 0 ER"
823288,2026-06-22,Petco Park,San Diego Padres,Atlanta Braves,R,1,0,San Diego Padres,Atlanta Braves,Home,1,Michael King,Grant Holmes,Mason Miller,Austin Riley,Atlanta Braves,"3-4, 0 HR, 0 RBI",Michael King,San Diego Padres,"7.0 IP, 5 K, 0 ER"
823613,2026-06-24,Citi Field,New York Mets,Chicago Cubs,R,3,10,Chicago Cubs,New York Mets,Away,7,Javier Assad,Nolan McLean,,Dansby Swanson,Chicago Cubs,"2-4, 2 HR, 7 RBI",Nolan McLean,New York Mets,"6.0 IP, 9 K, 6 ER"
822799,2026-06-23,Rogers Centre,Toronto Blue Jays,Houston Astros,R,7,9,Houston Astros,Toronto Blue Jays,Away,2,Logan VanWey,Braydon Fisher,,Daulton Varsho,Toronto Blue Jays,"3-6, 1 HR, 2 RBI",Peter Lambert,Houston Astros,"4.2 IP, 6 K, 2 ER"
823365,2026-06-23,PNC Park,Pittsburgh Pirates,Seattle Mariners,R,2,3,Seattle Mariners,Pittsburgh Pirates,Away,1,George Kirby,Mitch Keller,Andrés Muñoz,Brandon Lowe,Pittsburgh Pirates,"2-5, 0 HR, 0 RBI",George Kirby,Seattle Mariners,"6.0 IP, 5 K, 1 ER"
822963,2026-06-23,Tropicana Field,Tampa Bay Rays,Kansas City Royals,R,5,12,Kansas City Royals,Tampa Bay Rays,Away,7,Luinder Avila,Shane McClanahan,,Nick Loftin,Kansas City Royals,"4-5, 1 HR, 2 RBI",Luinder Avila,Kansas City Royals,"5.0 IP, 6 K, 1 ER"
823849,2026-06-23,loanDepot park,Miami Marlins,Texas Rangers,R,6,4,Miami Marlins,Texas Rangers,Home,2,Sandy Alcantara,Jose Corniell,,Joc Pederson,Texas Rangers,"3-5, 1 HR, 1 RBI",Sandy Alcantara,Miami Marlins,"6.2 IP, 4 K, 1 ER"
824262,2026-06-23,Comerica Park,Detroit Tigers,New York Yankees,R,3,4,New York Yankees,Detroit Tigers,Away,1,Carlos Rodón,Casey Mize,David Bednar,Dillon Dingler,Detroit Tigers,"3-4, 0 HR, 1 RBI",Casey Mize,Detroit Tigers,"5.2 IP, 6 K, 4 ER"
822718,2026-06-23,Nationals Park,Washington Nationals,Philadelphia Phillies,R,9,14,Philadelphia Phillies,Washington Nationals,Away,5,Orion Kerkering,Brad Lord,,Bryson Stott,Philadelphia Phillies,"3-4, 1 HR, 3 RBI",Jesús Luzardo,Philadelphia Phillies,"6.2 IP, 13 K, 1 ER"
823614,2026-06-23,Citi Field,New York Mets,Chicago Cubs,R,6,9,Chicago Cubs,New York Mets,Away,3,Edward Cabrera,Kodai Senga,,Dansby Swanson,Chicago Cubs,"2-3, 1 HR, 4 RBI",Kodai Senga,New York Mets,"3.2 IP, 6 K, 7 ER"
824501,2026-06-23,Great American Ball Park,Cincinnati Reds,Milwaukee Brewers,R,0,2,Milwaukee Brewers,Cincinnati Reds,Away,2,Brandon Sproat,Julian Garcia,Trevor Megill,Jake Bauers,Milwaukee Brewers,"1-3, 0 HR, 1 RBI",Brandon Sproat,Milwaukee Brewers,"6.0 IP, 10 K, 0 ER"
823690,2026-06-23,Target Field,Minnesota Twins,Los Angeles Dodgers,R,3,12,Los Angeles Dodgers,Minnesota Twins,Away,9,Justin Wrobleski,Austin Voth,,Freddie Freeman,Los Angeles Dodgers,"3-5, 0 HR, 2 RBI",Kendry Rojas,Minnesota Twins,"2.0 IP, 4 K, 1 ER"
824584,2026-06-23,Rate Field,Chicago White Sox,Cleveland Guardians,R,2,1,Chicago White Sox,Cleveland Guardians,Home,1,Sean Burke,Parker Messick,Sean Newcomb,Kahlil Watson,Cleveland Guardians,"2-4, 1 HR, 1 RBI",Parker Messick,Cleveland Guardians,"7.2 IP, 10 K, 2 ER"
823043,2026-06-23,Busch Stadium,St. Louis Cardinals,Arizona Diamondbacks,R,3,4,Arizona Diamondbacks,St. Louis Cardinals,Away,1,Kevin Ginkel,Matt Svanson,Brandyn Garcia,Lourdes Gurriel Jr.,Arizona Diamondbacks,"2-4, 0 HR, 2 RBI",Eduardo Rodriguez,Arizona Diamondbacks,"6.2 IP, 5 K, 0 ER"
824340,2026-06-23,Coors Field,Colorado Rockies,Boston Red Sox,R,2,5,Boston Red Sox,Colorado Rockies,Away,3,Sonny Gray,Sean Sullivan,,Nate Eaton,Boston Red Sox,"3-4, 0 HR, 2 RBI",Sonny Gray,Boston Red Sox,"7.0 IP, 11 K, 1 ER"
824017,2026-06-23,Angel Stadium,Los Angeles Angels,Baltimore Orioles,R,5,1,Los Angeles Angels,Baltimore Orioles,Home,4,Ryan Johnson,Shane Baz,,Nolan Schanuel,Los Angeles Angels,"2-4, 1 HR, 2 RBI",Ryan Johnson,Los Angeles Angels,"6.0 IP, 8 K, 0 ER"
823286,2026-06-23,Petco Park,San Diego Padres,Atlanta Braves,R,7,6,San Diego Padres,Atlanta Braves,Home,1,Mason Miller,Raisel Iglesias,,Samad Taylor,San Diego Padres,"3-4, 0 HR, 1 RBI",JR Ritchie,Atlanta Braves,"5.0 IP, 7 K, 4 ER"
823210,2026-06-23,Oracle Park,San Francisco Giants,Athletics,R,3,1,San Francisco Giants,Athletics,Home,2,Robbie Ray,Aaron Civale,Caleb Kilian,Jung Hoo Lee,San Francisco Giants,"2-3, 1 HR, 1 RBI",Robbie Ray,San Francisco Giants,"8.0 IP, 6 K, 0 ER"
823850,2026-06-24,loanDepot park,Miami Marlins,Texas Rangers,R,4,2,Miami Marlins,Texas Rangers,Home,2,John King,Jacob deGrom,Pete Fairbanks,Otto Lopez,Miami Marlins,"2-3, 1 HR, 2 RBI",Jacob deGrom,Texas Rangers,"6.0 IP, 8 K, 2 ER"
823613,2026-06-24,Citi Field,New York Mets,Chicago Cubs,R,3,10,Chicago Cubs,New York Mets,Away,7,Javier Assad,Nolan McLean,,Dansby Swanson,Chicago Cubs,"2-4, 2 HR, 7 RBI",Nolan McLean,New York Mets,"6.0 IP, 9 K, 6 ER"
823611,2026-06-24,Citi Field,New York Mets,Chicago Cubs,R,5,10,Chicago Cubs,New York Mets,Away,5,Shota Imanaga,Brooks Raley,,Dansby Swanson,Chicago Cubs,"3-5, 0 HR, 4 RBI",Sean Manaea,New York Mets,"3.0 IP, 4 K, 3 ER"
824583,2026-06-24,Rate Field,Chicago White Sox,Cleveland Guardians,R,3,4,Cleveland Guardians,Chicago White Sox,Away,1,Shawn Armstrong,Grant Taylor,,Kahlil Watson,Cleveland Guardians,"2-4, 0 HR, 3 RBI",Joe Rock,Chicago White Sox,"2.0 IP, 4 K, 1 ER"
824341,2026-06-24,Coors Field,Colorado Rockies,Boston Red Sox,R,8,6,Colorado Rockies,Boston Red Sox,Home,2,Antonio Senzatela,Justin Slaten,Jimmy Herget,Ceddanne Rafaela,Boston Red Sox,"3-5, 0 HR, 1 RBI",Ranger Suarez,Boston Red Sox,"6.0 IP, 9 K, 1 ER"
824018,2026-06-24,Angel Stadium,Los Angeles Angels,Baltimore Orioles,R,7,6,Los Angeles Angels,Baltimore Orioles,Home,1,Chase Silseth,Keegan Akin,,Pete Alonso,Baltimore Orioles,"3-4, 0 HR, 2 RBI",Trey Gibson,Baltimore Orioles,"4.0 IP, 5 K, 2 ER"
823367,2026-06-24,PNC Park,Pittsburgh Pirates,Seattle Mariners,R,11,1,Pittsburgh Pirates,Seattle Mariners,Home,10,Braxton Ashcraft,Bryan Woo,Carmen Mlodzinski,Ryan O'Hearn,Pittsburgh Pirates,"4-5, 0 HR, 3 RBI",Braxton Ashcraft,Pittsburgh Pirates,"6.0 IP, 10 K, 1 ER"
822965,2026-06-24,Tropicana Field,Tampa Bay Rays,Kansas City Royals,R,5,3,Tampa Bay Rays,Kansas City Royals,Home,2,Griffin Jax,Noah Cameron,Bryan Baker,Yandy Díaz,Tampa Bay Rays,"4-5, 0 HR, 1 RBI",Griffin Jax,Tampa Bay Rays,"5.0 IP, 7 K, 0 ER"
824259,2026-06-24,Comerica Park,Detroit Tigers,New York Yankees,R,2,4,New York Yankees,Detroit Tigers,Away,2,Ryan Weathers,Tarik Skubal,David Bednar,Paul Goldschmidt,New York Yankees,"2-4, 2 HR, 2 RBI",Tarik Skubal,Detroit Tigers,"6.0 IP, 9 K, 4 ER"
822719,2026-06-24,Nationals Park,Washington Nationals,Philadelphia Phillies,R,4,5,Philadelphia Phillies,Washington Nationals,Away,1,Seth Johnson,Richard Lovelady,Jhoan Duran,Brandon Marsh,Philadelphia Phillies,"3-4, 0 HR, 0 RBI",Aaron Nola,Philadelphia Phillies,"5.0 IP, 5 K, 2 ER"
822798,2026-06-24,Rogers Centre,Toronto Blue Jays,Houston Astros,R,1,3,Houston Astros,Toronto Blue Jays,Away,2,Steven Okert,Jeff Hoffman,Josh Hader,Daulton Varsho,Toronto Blue Jays,"2-4, 0 HR, 0 RBI",Trey Yesavage,Toronto Blue Jays,"5.2 IP, 5 K, 1 ER"
824500,2026-06-24,Great American Ball Park,Cincinnati Reds,Milwaukee Brewers,R,5,6,Milwaukee Brewers,Cincinnati Reds,Away,1,Chad Patrick,Rhett Lowder,Joel Kuhnel,William Contreras,Milwaukee Brewers,"3-3, 1 HR, 2 RBI",Rhett Lowder,Cincinnati Reds,"5.2 IP, 6 K, 3 ER"
823691,2026-06-24,Target Field,Minnesota Twins,Los Angeles Dodgers,R,3,4,Los Angeles Dodgers,Minnesota Twins,Away,1,Shohei Ohtani,Joe Ryan,Tanner Scott,Mookie Betts,Los Angeles Dodgers,"3-4, 1 HR, 1 RBI",Joe Ryan,Minnesota Twins,"6.0 IP, 9 K, 4 ER"
823041,2026-06-24,Busch Stadium,St. Louis Cardinals,Arizona Diamondbacks,R,4,9,Arizona Diamondbacks,St. Louis Cardinals,Away,5,Ryan Thompson,Matthew Liberatore,,José Fermín,St. Louis Cardinals,"2-3, 1 HR, 1 RBI",Matthew Liberatore,St. Louis Cardinals,"5.1 IP, 3 K, 6 ER"
823284,2026-06-24,Petco Park,San Diego Padres,Atlanta Braves,R,5,2,San Diego Padres,Atlanta Braves,Home,3,JP Sears,Martín Pérez,Jason Adam,Ty France,San Diego Padres,"2-3, 1 HR, 2 RBI",JP Sears,San Diego Padres,"5.2 IP, 5 K, 2 ER"
823208,2026-06-24,Oracle Park,San Francisco Giants,Athletics,R,2,1,San Francisco Giants,Athletics,Home,1,Erik Miller,Elvis Alvarado,,Victor Bericoto,San Francisco Giants,"2-4, 1 HR, 1 RBI",Gage Jump,Athletics,"5.0 IP, 9 K, 0 ER"
822961,2026-06-25,Tropicana Field,Tampa Bay Rays,Kansas City Royals,R,13,2,Tampa Bay Rays,Kansas City Royals,Home,11,Ian Seymour,Seth Lugo,,Junior Caminero,Tampa Bay Rays,"3-5, 3 HR, 6 RBI",Ian Seymour,Tampa Bay Rays,"6.2 IP, 7 K, 0 ER"
823366,2026-06-25,PNC Park,Pittsburgh Pirates,Seattle Mariners,R,5,1,Pittsburgh Pirates,Seattle Mariners,Home,4,Bubba Chandler,Bryce Miller,,Brandon Lowe,Pittsburgh Pirates,"2-4, 1 HR, 2 RBI",Bryce Miller,Seattle Mariners,"5.2 IP, 11 K, 3 ER"
823209,2026-06-25,Oracle Park,San Francisco Giants,Athletics,R,6,9,Athletics,San Francisco Giants,Away,3,Geoff Hartlieb,Caleb Kilian,Mason Barnett,Jeff McNeil,Athletics,"3-4, 0 HR, 1 RBI",Landen Roupp,San Francisco Giants,"6.0 IP, 6 K, 2 ER"
824258,2026-06-25,Comerica Park,Detroit Tigers,Houston Astros,R,1,2,Houston Astros,Detroit Tigers,Away,1,Tatsuya Imai,Troy Melton,Enyel De Los Santos,Riley Greene,Detroit Tigers,"2-4, 0 HR, 0 RBI",Tatsuya Imai,Houston Astros,"6.0 IP, 10 K, 0 ER"
822717,2026-06-25,Nationals Park,Washington Nationals,Philadelphia Phillies,R,5,10,Philadelphia Phillies,Washington Nationals,Away,5,Orion Kerkering,Gus Varland,,Dylan Crews,Washington Nationals,"3-4, 0 HR, 0 RBI",Cade Cavalli,Washington Nationals,"6.0 IP, 7 K, 2 ER"
822797,2026-06-25,Rogers Centre,Toronto Blue Jays,Texas Rangers,R,5,6,Texas Rangers,Toronto Blue Jays,Away,1,MacKenzie Gore,Kevin Gausman,Jacob Latz,Kazuma Okamoto,Toronto Blue Jays,"2-4, 1 HR, 2 RBI",MacKenzie Gore,Texas Rangers,"7.0 IP, 5 K, 3 ER"
823612,2026-06-25,Citi Field,New York Mets,Chicago Cubs,R,3,4,Chicago Cubs,New York Mets,Away,1,Jacob Webb,Brooks Raley,Trent Thornton,Pete Crow-Armstrong,Chicago Cubs,"2-5, 0 HR, 1 RBI",Freddy Peralta,New York Mets,"5.2 IP, 5 K, 0 ER"
824747,2026-06-25,Fenway Park,Boston Red Sox,New York Yankees,R,6,3,Boston Red Sox,New York Yankees,Home,3,Connelly Early,Cam Schlittler,Aroldis Chapman,Caleb Durbin,Boston Red Sox,"2-3, 1 HR, 2 RBI",Connelly Early,Boston Red Sox,"6.0 IP, 9 K, 2 ER"
823042,2026-07-23,Busch Stadium,St. Louis Cardinals,Arizona Diamondbacks,R,6,10,Arizona Diamondbacks,St. Louis Cardinals,Away,4,Brandon Pfaadt,Michael McGreevy,,Tyler Locklear,Arizona Diamondbacks,"3-5, 1 HR, 3 RBI",Michael McGreevy,St. Louis Cardinals,"6.1 IP, 3 K, 4 ER"
824255,2026-06-26,Comerica Park,Detroit Tigers,Houston Astros,R,8,0,Detroit Tigers,Houston Astros,Home,8,Keider Montero,Spencer Arrighetti,,Jose Altuve,Houston Astros,"2-3, 0 HR, 0 RBI",Spencer Arrighetti,Houston Astros,"3.0 IP, 7 K, 8 ER"
823363,2026-06-26,PNC Park,Pittsburgh Pirates,Cincinnati Reds,R,4,6,Cincinnati Reds,Pittsburgh Pirates,Away,2,Brock Burke,Mason Montgomery,Caleb Ferguson,Esmerlyn Valdez,Pittsburgh Pirates,"2-4, 1 HR, 1 RBI",Paul Skenes,Pittsburgh Pirates,"5.0 IP, 7 K, 4 ER"
824824,2026-06-26,Oriole Park at Camden Yards,Baltimore Orioles,Washington Nationals,R,3,1,Baltimore Orioles,Washington Nationals,Home,2,Trevor Rogers,Andrew Alvarez,Ryan Helsley,Taylor Ward,Baltimore Orioles,"3-5, 0 HR, 0 RBI",Trevor Rogers,Baltimore Orioles,"6.1 IP, 7 K, 1 ER"
822796,2026-06-26,Rogers Centre,Toronto Blue Jays,Texas Rangers,R,4,5,Texas Rangers,Toronto Blue Jays,Away,1,Nathan Eovaldi,Patrick Corbin,Jacob Latz,Wyatt Langford,Texas Rangers,"3-5, 0 HR, 0 RBI",Nathan Eovaldi,Texas Rangers,"7.0 IP, 9 K, 0 ER"
824423,2026-06-26,Progressive Field,Cleveland Guardians,Seattle Mariners,R,1,3,Seattle Mariners,Cleveland Guardians,Away,2,Luis Castillo,Tim Herrin,Andrés Muñoz,Colt Emerson,Seattle Mariners,"1-2, 1 HR, 1 RBI",Joey Cantillo,Cleveland Guardians,"6.0 IP, 9 K, 1 ER"
822962,2026-06-26,Tropicana Field,Tampa Bay Rays,Arizona Diamondbacks,R,6,1,Tampa Bay Rays,Arizona Diamondbacks,Home,5,Nick Martinez,Zac Gallen,,Geraldo Perdomo,Arizona Diamondbacks,"2-4, 1 HR, 1 RBI",Nick Martinez,Tampa Bay Rays,"5.2 IP, 3 K, 1 ER"
823610,2026-06-26,Citi Field,New York Mets,Philadelphia Phillies,R,1,2,Philadelphia Phillies,New York Mets,Away,1,Zack Wheeler,Huascar Brazobán,Jhoan Duran,Bryce Harper,Philadelphia Phillies,"3-4, 0 HR, 1 RBI",Zac Thornton,New York Mets,"6.0 IP, 7 K, 1 ER"
824743,2026-06-26,Fenway Park,Boston Red Sox,New York Yankees,R,6,1,Boston Red Sox,New York Yankees,Home,5,Payton Tolle,Will Warren,,Willson Contreras,Boston Red Sox,"2-3, 1 HR, 2 RBI",Payton Tolle,Boston Red Sox,"7.0 IP, 7 K, 0 ER"
824582,2026-06-26,Rate Field,Chicago White Sox,Kansas City Royals,R,22,1,Chicago White Sox,Kansas City Royals,Home,21,David Sandlin,Mitch Spence,,Chase Meidroth,Chicago White Sox,"4-5, 0 HR, 2 RBI",David Sandlin,Chicago White Sox,"6.0 IP, 6 K, 1 ER"
823773,2026-06-26,American Family Field,Milwaukee Brewers,Chicago Cubs,R,6,2,Milwaukee Brewers,Chicago Cubs,Home,4,Jacob Misiorowski,Ethan Roberts,,William Contreras,Milwaukee Brewers,"2-3, 1 HR, 2 RBI",Jacob Misiorowski,Milwaukee Brewers,"6.0 IP, 8 K, 1 ER"
823688,2026-06-26,Target Field,Minnesota Twins,Colorado Rockies,R,9,8,Minnesota Twins,Colorado Rockies,Home,1,Andrew Morris,Jimmy Herget,,Jake McCarthy,Colorado Rockies,"3-5, 1 HR, 2 RBI",Taj Bradley,Minnesota Twins,"7.0 IP, 7 K, 2 ER"
823039,2026-06-26,Busch Stadium,St. Louis Cardinals,Miami Marlins,R,0,4,Miami Marlins,St. Louis Cardinals,Away,4,Max Meyer,George Soriano,,Esteury Ruiz,Miami Marlins,"2-3, 0 HR, 0 RBI",Max Meyer,Miami Marlins,"7.0 IP, 5 K, 0 ER"
824014,2026-06-26,Angel Stadium,Los Angeles Angels,Athletics,R,3,9,Athletics,Los Angeles Angels,Away,6,J.T. Ginn,Walbert Ureña,,Nick Kurtz,Athletics,"2-5, 0 HR, 2 RBI",Walbert Ureña,Los Angeles Angels,"4.1 IP, 5 K, 7 ER"
823285,2026-06-26,Petco Park,San Diego Padres,Los Angeles Dodgers,R,7,1,San Diego Padres,Los Angeles Dodgers,Home,6,Walker Buehler,Roki Sasaki,,Fernando Tatis Jr.,San Diego Padres,"2-5, 0 HR, 1 RBI",Walker Buehler,San Diego Padres,"5.1 IP, 5 K, 1 ER"
823206,2026-06-26,Oracle Park,San Francisco Giants,Atlanta Braves,R,1,3,Atlanta Braves,San Francisco Giants,Away,2,Dylan Lee,Trevor McDonald,Raisel Iglesias,Willy Adames,San Francisco Giants,"2-3, 0 HR, 0 RBI",Trevor McDonald,San Francisco Giants,"5.1 IP, 3 K, 3 ER"
824257,2026-06-27,Comerica Park,Detroit Tigers,Houston Astros,R,6,8,Houston Astros,Detroit Tigers,Away,2,AJ Blubaugh,Will Vest,Josh Hader,Christian Walker,Houston Astros,"4-5, 0 HR, 1 RBI",Framber Valdez,Detroit Tigers,"6.0 IP, 2 K, 4 ER"
824745,2026-06-27,Fenway Park,Boston Red Sox,New York Yankees,R,4,1,Boston Red Sox,New York Yankees,Home,3,Jake Bennett,Gerrit Cole,Aroldis Chapman,Masataka Yoshida,Boston Red Sox,"2-3, 1 HR, 1 RBI",Gerrit Cole,New York Yankees,"5.1 IP, 5 K, 4 ER"
822794,2026-06-27,Rogers Centre,Toronto Blue Jays,Texas Rangers,R,4,7,Texas Rangers,Toronto Blue Jays,Away,3,Peyton Gray,Dylan Cease,Tyler Alexander,Jake Burger,Texas Rangers,"3-5, 0 HR, 2 RBI",Dylan Cease,Toronto Blue Jays,"4.2 IP, 10 K, 4 ER"
823364,2026-06-27,PNC Park,Pittsburgh Pirates,Cincinnati Reds,R,7,9,Cincinnati Reds,Pittsburgh Pirates,Away,2,Caleb Ferguson,Gregory Soto,Chase Petty,Jared Triolo,Pittsburgh Pirates,"3-4, 0 HR, 1 RBI",Chase Burns,Cincinnati Reds,"6.0 IP, 10 K, 5 ER"
823609,2026-06-27,Citi Field,New York Mets,Philadelphia Phillies,R,6,2,New York Mets,Philadelphia Phillies,Home,4,A.J. Minter,Alan Rangel,,Bryce Harper,Philadelphia Phillies,"2-4, 1 HR, 2 RBI",Christian Scott,New York Mets,"4.1 IP, 6 K, 2 ER"
824581,2026-06-27,Rate Field,Chicago White Sox,Kansas City Royals,R,2,1,Chicago White Sox,Kansas City Royals,Home,1,Grant Taylor,Daniel Lynch IV,,Braden Montgomery,Chicago White Sox,"2-4, 0 HR, 1 RBI",Michael Wacha,Kansas City Royals,"7.2 IP, 7 K, 1 ER"
822960,2026-06-27,Tropicana Field,Tampa Bay Rays,Arizona Diamondbacks,R,4,2,Tampa Bay Rays,Arizona Diamondbacks,Home,2,Michael Grove,Jose Cabrera,Bryan Baker,Geraldo Perdomo,Arizona Diamondbacks,"3-4, 0 HR, 0 RBI",Michael Grove,Tampa Bay Rays,"3.0 IP, 4 K, 0 ER"
824825,2026-06-27,Oriole Park at Camden Yards,Baltimore Orioles,Washington Nationals,R,3,4,Washington Nationals,Baltimore Orioles,Away,1,Clayton Beeter,Ryan Helsley,Justin Lawrence,Luis García Jr.,Washington Nationals,"4-5, 1 HR, 1 RBI",Foster Griffin,Washington Nationals,"7.0 IP, 9 K, 0 ER"
824421,2026-06-27,Progressive Field,Cleveland Guardians,Seattle Mariners,R,4,3,Cleveland Guardians,Seattle Mariners,Home,1,Slade Cecconi,Logan Gilbert,Cade Smith,Randy Arozarena,Seattle Mariners,"2-4, 1 HR, 3 RBI",Logan Gilbert,Seattle Mariners,"7.0 IP, 7 K, 4 ER"
823689,2026-06-27,Target Field,Minnesota Twins,Colorado Rockies,R,5,8,Colorado Rockies,Minnesota Twins,Away,3,Michael Lorenzen,Mike Paredes,Jimmy Herget,Hunter Goodman,Colorado Rockies,"3-5, 3 HR, 5 RBI",Mike Paredes,Minnesota Twins,"5.1 IP, 2 K, 3 ER"
823770,2026-06-27,American Family Field,Milwaukee Brewers,Chicago Cubs,R,2,8,Chicago Cubs,Milwaukee Brewers,Away,6,David Peterson,Chad Patrick,,Seiya Suzuki,Chicago Cubs,"2-5, 1 HR, 2 RBI",Kyle Harrison,Milwaukee Brewers,"5.0 IP, 9 K, 2 ER"
823038,2026-06-27,Busch Stadium,St. Louis Cardinals,Miami Marlins,R,1,5,Miami Marlins,St. Louis Cardinals,Away,4,John King,Andre Pallante,,Javier Sanoja,Miami Marlins,"3-4, 0 HR, 1 RBI",Andre Pallante,St. Louis Cardinals,"6.2 IP, 4 K, 5 ER"
823283,2026-06-27,Petco Park,San Diego Padres,Los Angeles Dodgers,R,3,15,Los Angeles Dodgers,San Diego Padres,Away,12,Yoshinobu Yamamoto,Randy Vásquez,,Kyle Tucker,Los Angeles Dodgers,"3-5, 1 HR, 4 RBI",Yoshinobu Yamamoto,Los Angeles Dodgers,"6.0 IP, 4 K, 2 ER"
823207,2026-06-27,Oracle Park,San Francisco Giants,Atlanta Braves,R,5,0,San Francisco Giants,Atlanta Braves,Home,5,Logan Webb,Bryce Elder,,Rafael Devers,San Francisco Giants,"2-3, 2 HR, 4 RBI",Logan Webb,San Francisco Giants,"7.0 IP, 6 K, 0 ER"
824015,2026-06-27,Angel Stadium,Los Angeles Angels,Athletics,R,5,2,Los Angeles Angels,Athletics,Home,3,Ryan Zeferjahn,Geoff Hartlieb,Kirby Yates,Jo Adell,Los Angeles Angels,"2-2, 0 HR, 2 RBI",Reid Detmers,Los Angeles Angels,"5.2 IP, 8 K, 2 ER"
824821,2026-06-28,Oriole Park at Camden Yards,Baltimore Orioles,Washington Nationals,R,4,6,Washington Nationals,Baltimore Orioles,Away,2,Zack Littell,Kyle Bradish,PJ Poulin,Luis García Jr.,Washington Nationals,"3-5, 2 HR, 5 RBI",Zack Littell,Washington Nationals,"5.0 IP, 3 K, 2 ER"
823362,2026-06-28,PNC Park,Pittsburgh Pirates,Cincinnati Reds,R,9,4,Pittsburgh Pirates,Cincinnati Reds,Home,5,Mitch Keller,Brady Singer,,Ryan O'Hearn,Pittsburgh Pirates,"3-5, 2 HR, 4 RBI",Brady Singer,Cincinnati Reds,"4.1 IP, 6 K, 5 ER"
822795,2026-06-28,Rogers Centre,Toronto Blue Jays,Texas Rangers,R,2,3,Texas Rangers,Toronto Blue Jays,Away,1,Cole Winn,Louis Varland,Tyler Alexander,Nathan Lukes,Toronto Blue Jays,"2-4, 1 HR, 2 RBI",Kumar Rocker,Texas Rangers,"6.0 IP, 5 K, 0 ER"
824256,2026-06-28,Comerica Park,Detroit Tigers,Houston Astros,R,5,7,Houston Astros,Detroit Tigers,Away,2,Josh Hader,Kenley Jansen,,Isaac Paredes,Houston Astros,"3-5, 1 HR, 2 RBI",Jack Flaherty,Detroit Tigers,"5.0 IP, 9 K, 0 ER"
824422,2026-06-28,Progressive Field,Cleveland Guardians,Seattle Mariners,R,6,5,Cleveland Guardians,Seattle Mariners,Home,1,Matt Festa,Michael Rucker,Cade Smith,Chase DeLauter,Cleveland Guardians,"2-5, 0 HR, 2 RBI",Gavin Williams,Cleveland Guardians,"5.0 IP, 6 K, 2 ER"
822959,2026-06-28,Tropicana Field,Tampa Bay Rays,Arizona Diamondbacks,R,5,1,Tampa Bay Rays,Arizona Diamondbacks,Home,4,Drew Rasmussen,Merrill Kelly,,Junior Caminero,Tampa Bay Rays,"3-3, 1 HR, 2 RBI",Drew Rasmussen,Tampa Bay Rays,"6.0 IP, 5 K, 0 ER"
823608,2026-06-28,Citi Field,New York Mets,Philadelphia Phillies,R,4,5,Philadelphia Phillies,New York Mets,Away,1,Kyle Backhus,Kodai Senga,Jhoan Duran,A.J. Ewing,New York Mets,"2-3, 1 HR, 2 RBI",Jesús Luzardo,Philadelphia Phillies,"5.0 IP, 6 K, 1 ER"
823686,2026-06-28,Target Field,Minnesota Twins,Colorado Rockies,R,3,2,Minnesota Twins,Colorado Rockies,Home,1,Andrew Morris,Seth Halvorsen,Yoendrys Gómez,Troy Johnston,Colorado Rockies,"2-4, 0 HR, 1 RBI",Connor Prielipp,Minnesota Twins,"6.0 IP, 10 K, 2 ER"
824580,2026-06-28,Rate Field,Chicago White Sox,Kansas City Royals,R,4,5,Kansas City Royals,Chicago White Sox,Away,1,Steven Cruz,Anthony Kay,Alex Lange,Carter Jensen,Kansas City Royals,"3-5, 0 HR, 2 RBI",Luinder Avila,Kansas City Royals,"4.0 IP, 4 K, 4 ER"
823769,2026-06-28,American Family Field,Milwaukee Brewers,Chicago Cubs,R,3,4,Chicago Cubs,Milwaukee Brewers,Away,1,Jacob Webb,Joel Kuhnel,Jordan Wicks,Brice Turang,Milwaukee Brewers,"3-5, 0 HR, 0 RBI",Brandon Woodruff,Milwaukee Brewers,"5.2 IP, 6 K, 0 ER"
823037,2026-06-28,Busch Stadium,St. Louis Cardinals,Miami Marlins,R,2,1,St. Louis Cardinals,Miami Marlins,Home,1,Kyle Leahy,Tyler Phillips,Riley O'Brien,JJ Wetherholt,St. Louis Cardinals,"2-4, 0 HR, 0 RBI",Kyle Leahy,St. Louis Cardinals,"5.0 IP, 5 K, 1 ER"
824011,2026-06-28,Angel Stadium,Los Angeles Angels,Athletics,R,4,1,Los Angeles Angels,Athletics,Home,3,Sam Aldegheri,Aaron Civale,Samy Natera Jr.,Lawrence Butler,Athletics,"2-4, 0 HR, 0 RBI",Sam Aldegheri,Los Angeles Angels,"5.0 IP, 4 K, 1 ER"
823204,2026-06-28,Oracle Park,San Francisco Giants,Atlanta Braves,R,3,2,San Francisco Giants,Atlanta Braves,Home,1,Robbie Ray,Chris Sale,Caleb Kilian,Matt Olson,Atlanta Braves,"3-4, 0 HR, 0 RBI",Chris Sale,Atlanta Braves,"6.0 IP, 10 K, 1 ER"
823281,2026-06-28,Petco Park,San Diego Padres,Los Angeles Dodgers,R,2,4,Los Angeles Dodgers,San Diego Padres,Away,2,Emmet Sheehan,Michael King,Edgardo Henriquez,Manny Machado,San Diego Padres,"2-4, 1 HR, 1 RBI",Michael King,San Diego Padres,"4.1 IP, 5 K, 4 ER"
824744,2026-06-28,Fenway Park,Boston Red Sox,New York Yankees,R,5,4,Boston Red Sox,New York Yankees,Home,1,Justin Slaten,Fernando Cruz,,Amed Rosario,New York Yankees,"2-3, 0 HR, 1 RBI",Sonny Gray,Boston Red Sox,"7.1 IP, 9 K, 0 ER"
824822,2026-06-29,Oriole Park at Camden Yards,Baltimore Orioles,Chicago White Sox,R,2,8,Chicago White Sox,Baltimore Orioles,Away,6,Grant Taylor,Grant Wolfram,,Jacob Gonzalez,Chicago White Sox,"2-4, 0 HR, 3 RBI",Sean Burke,Chicago White Sox,"5.1 IP, 8 K, 2 ER"
823444,2026-06-29,Citizens Bank Park,Philadelphia Phillies,Pittsburgh Pirates,R,7,11,Pittsburgh Pirates,Philadelphia Phillies,Away,4,Braxton Ashcraft,Aaron Nola,,Brandon Marsh,Philadelphia Phillies,"2-5, 2 HR, 2 RBI",Braxton Ashcraft,Pittsburgh Pirates,"6.0 IP, 8 K, 5 ER"
823529,2026-06-29,Yankee Stadium,New York Yankees,Detroit Tigers,R,3,7,Detroit Tigers,New York Yankees,Away,4,Casey Mize,Ryan Weathers,,Hao-Yu Lee,Detroit Tigers,"2-5, 0 HR, 2 RBI",Casey Mize,Detroit Tigers,"7.0 IP, 10 K, 0 ER"
822792,2026-06-29,Rogers Centre,Toronto Blue Jays,New York Mets,R,2,1,Toronto Blue Jays,New York Mets,Home,1,Trey Yesavage,Sean Manaea,Louis Varland,Francisco Lindor,New York Mets,"1-4, 1 HR, 1 RBI",Sean Manaea,New York Mets,"5.2 IP, 4 K, 2 ER"
824741,2026-06-29,Fenway Park,Boston Red Sox,Washington Nationals,R,6,3,Boston Red Sox,Washington Nationals,Home,3,Ranger Suarez,Miles Mikolas,Garrett Whitlock,Anthony Seigler,Boston Red Sox,"2-3, 0 HR, 0 RBI",Ranger Suarez,Boston Red Sox,"6.0 IP, 8 K, 3 ER"
824420,2026-06-29,Progressive Field,Cleveland Guardians,Texas Rangers,R,3,6,Texas Rangers,Cleveland Guardians,Away,3,Robby Ahlstrom,Parker Messick,Jacob Latz,Justin Foscue,Texas Rangers,"2-5, 0 HR, 2 RBI",Parker Messick,Cleveland Guardians,"6.2 IP, 5 K, 4 ER"
823771,2026-06-29,American Family Field,Milwaukee Brewers,Cincinnati Reds,R,5,3,Milwaukee Brewers,Cincinnati Reds,Home,2,Aaron Ashby,Sam Moll,Trevor Megill,Sal Frelick,Milwaukee Brewers,"2-3, 0 HR, 0 RBI",Robert Gasser,Milwaukee Brewers,"5.2 IP, 5 K, 3 ER"
824662,2026-06-29,Wrigley Field,Chicago Cubs,San Diego Padres,R,3,2,Chicago Cubs,San Diego Padres,Home,1,Trent Thornton,Jason Adam,,Miguel Andujar,San Diego Padres,"3-4, 0 HR, 0 RBI",Shota Imanaga,Chicago Cubs,"6.1 IP, 4 K, 2 ER"
824176,2026-06-29,Daikin Park,Houston Astros,Minnesota Twins,R,4,5,Minnesota Twins,Houston Astros,Away,1,Zebby Matthews,Peter Lambert,Yoendrys Gómez,Cam Smith,Houston Astros,"2-4, 2 HR, 2 RBI",Zebby Matthews,Minnesota Twins,"7.0 IP, 7 K, 1 ER"
824339,2026-06-29,Coors Field,Colorado Rockies,Miami Marlins,R,7,10,Miami Marlins,Colorado Rockies,Away,3,Sandy Alcantara,Victor Vodnik,,Javier Sanoja,Miami Marlins,"3-5, 0 HR, 3 RBI",Sean Sullivan,Colorado Rockies,"4.2 IP, 5 K, 5 ER"
824986,2026-06-29,Sutter Health Park,Athletics,Los Angeles Dodgers,R,4,9,Los Angeles Dodgers,Athletics,Away,5,Eric Lauer,Gage Jump,,Joshua Kuroda-Grauer,Athletics,"3-4, 0 HR, 1 RBI",Gage Jump,Athletics,"4.2 IP, 5 K, 5 ER"
823121,2026-06-29,T-Mobile Park,Seattle Mariners,Los Angeles Angels,R,6,2,Seattle Mariners,Los Angeles Angels,Home,4,George Kirby,Ryan Johnson,,Cole Young,Seattle Mariners,"3-3, 2 HR, 3 RBI",George Kirby,Seattle Mariners,"8.0 IP, 7 K, 2 ER"
825065,2026-06-29,Chase Field,Arizona Diamondbacks,San Francisco Giants,R,5,4,Arizona Diamondbacks,San Francisco Giants,Home,1,Eduardo Rodriguez,Tyler Mahle,Paul Sewald,Nolan Arenado,Arizona Diamondbacks,"2-2, 1 HR, 1 RBI",Tyler Mahle,San Francisco Giants,"4.1 IP, 3 K, 4 ER"
824819,2026-06-30,Oriole Park at Camden Yards,Baltimore Orioles,Chicago White Sox,R,3,9,Chicago White Sox,Baltimore Orioles,Away,6,Erick Fedde,Trey Gibson,Tyler Schweitzer,Jacob Gonzalez,Chicago White Sox,"3-5, 0 HR, 3 RBI",Trey Gibson,Baltimore Orioles,"2.2 IP, 5 K, 8 ER"
824418,2026-06-30,Progressive Field,Cleveland Guardians,Texas Rangers,R,2,4,Texas Rangers,Cleveland Guardians,Away,2,Jacob deGrom,Tanner Bibee,Jacob Latz,Josh Jung,Texas Rangers,"2-4, 1 HR, 1 RBI",Jacob deGrom,Texas Rangers,"7.0 IP, 9 K, 2 ER"
823445,2026-06-30,Citizens Bank Park,Philadelphia Phillies,Pittsburgh Pirates,R,8,0,Philadelphia Phillies,Pittsburgh Pirates,Home,8,Cristopher Sánchez,Bubba Chandler,,Justin Crawford,Philadelphia Phillies,"3-3, 0 HR, 3 RBI",Cristopher Sánchez,Philadelphia Phillies,"7.0 IP, 9 K, 0 ER"
823528,2026-06-30,Yankee Stadium,New York Yankees,Detroit Tigers,R,3,9,Detroit Tigers,New York Yankees,Away,6,Tarik Skubal,Cam Schlittler,,Riley Greene,Detroit Tigers,"2-4, 2 HR, 3 RBI",Tarik Skubal,Detroit Tigers,"6.0 IP, 9 K, 1 ER"
822793,2026-06-30,Rogers Centre,Toronto Blue Jays,New York Mets,R,0,3,New York Mets,Toronto Blue Jays,Away,3,Nolan McLean,Kevin Gausman,Devin Williams,Luis Urías,Toronto Blue Jays,"2-3, 0 HR, 0 RBI",Kevin Gausman,Toronto Blue Jays,"6.0 IP, 7 K, 1 ER"
824742,2026-06-30,Fenway Park,Boston Red Sox,Washington Nationals,R,1,8,Washington Nationals,Boston Red Sox,Away,7,Cade Cavalli,Greg Weissert,,James Wood,Washington Nationals,"3-5, 0 HR, 2 RBI",Cade Cavalli,Washington Nationals,"7.0 IP, 13 K, 0 ER"
824907,2026-06-30,Truist Park,Atlanta Braves,St. Louis Cardinals,R,3,5,St. Louis Cardinals,Atlanta Braves,Away,2,Matthew Liberatore,Martín Pérez,Riley O'Brien,Nelson Velázquez,St. Louis Cardinals,"2-2, 1 HR, 1 RBI",Matthew Liberatore,St. Louis Cardinals,"5.0 IP, 9 K, 1 ER"
824096,2026-06-30,Kauffman Stadium,Kansas City Royals,Tampa Bay Rays,R,4,10,Tampa Bay Rays,Kansas City Royals,Away,6,Griffin Jax,Noah Cameron,,Bobby Witt Jr.,Kansas City Royals,"3-4, 2 HR, 3 RBI",Griffin Jax,Tampa Bay Rays,"6.0 IP, 5 K, 3 ER"
823768,2026-06-30,American Family Field,Milwaukee Brewers,Cincinnati Reds,R,7,2,Milwaukee Brewers,Cincinnati Reds,Home,5,Brandon Sproat,Rhett Lowder,,Jake Bauers,Milwaukee Brewers,"3-4, 1 HR, 1 RBI",Rhett Lowder,Cincinnati Reds,"4.2 IP, 8 K, 6 ER"
824661,2026-06-30,Wrigley Field,Chicago Cubs,San Diego Padres,R,9,7,Chicago Cubs,San Diego Padres,Home,2,Matthew Boyd,JP Sears,Ryan Rolison,Dansby Swanson,Chicago Cubs,"3-4, 2 HR, 3 RBI",JP Sears,San Diego Padres,"4.2 IP, 4 K, 6 ER"
824175,2026-06-30,Daikin Park,Houston Astros,Minnesota Twins,R,6,4,Houston Astros,Minnesota Twins,Home,2,Mike Burrows,Joe Ryan,Josh Hader,Yordan Alvarez,Houston Astros,"3-4, 1 HR, 4 RBI",Joe Ryan,Minnesota Twins,"4.0 IP, 5 K, 0 ER"
824338,2026-06-30,Coors Field,Colorado Rockies,Miami Marlins,R,3,14,Miami Marlins,Colorado Rockies,Away,11,Eury Pérez,Tanner Gordon,,Griffin Conine,Miami Marlins,"4-5, 0 HR, 2 RBI",Eury Pérez,Miami Marlins,"5.1 IP, 8 K, 1 ER"
824984,2026-06-30,Sutter Health Park,Athletics,Los Angeles Dodgers,R,3,9,Los Angeles Dodgers,Athletics,Away,6,Justin Wrobleski,Jeffrey Springs,,Tommy Edman,Los Angeles Dodgers,"4-5, 1 HR, 4 RBI",Justin Wrobleski,Los Angeles Dodgers,"7.0 IP, 11 K, 3 ER"
823122,2026-06-30,T-Mobile Park,Seattle Mariners,Los Angeles Angels,R,8,3,Seattle Mariners,Los Angeles Angels,Home,5,Bryan Woo,José Soriano,,Colt Emerson,Seattle Mariners,"3-4, 0 HR, 2 RBI",José Soriano,Los Angeles Angels,"5.0 IP, 9 K, 3 ER"
825066,2026-06-30,Chase Field,Arizona Diamondbacks,San Francisco Giants,R,8,2,Arizona Diamondbacks,San Francisco Giants,Home,6,Brandon Pfaadt,Landen Roupp,,Luis Arraez,San Francisco Giants,"3-4, 1 HR, 1 RBI",Landen Roupp,San Francisco Giants,"2.2 IP, 4 K, 6 ER"
824818,2026-07-01,Oriole Park at Camden Yards,Baltimore Orioles,Chicago White Sox,R,6,1,Baltimore Orioles,Chicago White Sox,Home,5,Dean Kremer,Noah Schultz,,Sam Antonacci,Chicago White Sox,"2-4, 1 HR, 1 RBI",Noah Schultz,Chicago White Sox,"4.1 IP, 7 K, 3 ER"
824419,2026-07-01,Progressive Field,Cleveland Guardians,Texas Rangers,R,9,4,Cleveland Guardians,Texas Rangers,Home,5,Joey Cantillo,MacKenzie Gore,,Chase DeLauter,Cleveland Guardians,"3-5, 0 HR, 1 RBI",MacKenzie Gore,Texas Rangers,"5.0 IP, 7 K, 5 ER"
824740,2026-07-01,Fenway Park,Boston Red Sox,Washington Nationals,R,2,10,Washington Nationals,Boston Red Sox,Away,8,Andrew Alvarez,Payton Tolle,,James Wood,Washington Nationals,"2-4, 1 HR, 3 RBI",Andrew Alvarez,Washington Nationals,"4.2 IP, 6 K, 0 ER"
823530,2026-07-01,Yankee Stadium,New York Yankees,Detroit Tigers,R,2,6,Detroit Tigers,New York Yankees,Away,4,Keider Montero,Camilo Doval,,Jazz Chisholm Jr.,New York Yankees,"2-5, 0 HR, 0 RBI",Will Warren,New York Yankees,"5.1 IP, 7 K, 2 ER"
824660,2026-07-01,Wrigley Field,Chicago Cubs,San Diego Padres,R,23,3,Chicago Cubs,San Diego Padres,Home,20,Colin Rea,Walker Buehler,Jordan Wicks,Dansby Swanson,Chicago Cubs,"3-5, 3 HR, 8 RBI",Walker Buehler,San Diego Padres,"4.0 IP, 6 K, 9 ER"
822791,2026-07-01,Rogers Centre,Toronto Blue Jays,New York Mets,R,9,3,Toronto Blue Jays,New York Mets,Home,6,Spencer Miles,Freddy Peralta,Patrick Corbin,Carson Benge,New York Mets,"2-4, 1 HR, 2 RBI",Spencer Miles,Toronto Blue Jays,"3.0 IP, 5 K, 0 ER"
823446,2026-07-01,Citizens Bank Park,Philadelphia Phillies,Pittsburgh Pirates,R,10,6,Philadelphia Phillies,Pittsburgh Pirates,Home,4,Orion Kerkering,Paul Skenes,,Nick Gonzales,Pittsburgh Pirates,"3-4, 0 HR, 1 RBI",Zack Wheeler,Philadelphia Phillies,"4.2 IP, 10 K, 4 ER"
824905,2026-07-01,Truist Park,Atlanta Braves,St. Louis Cardinals,R,5,1,Atlanta Braves,St. Louis Cardinals,Home,4,Reynaldo López,Michael McGreevy,,Ozzie Albies,Atlanta Braves,"2-4, 1 HR, 2 RBI",Reynaldo López,Atlanta Braves,"5.0 IP, 6 K, 1 ER"
824094,2026-07-01,Kauffman Stadium,Kansas City Royals,Tampa Bay Rays,R,0,4,Tampa Bay Rays,Kansas City Royals,Away,4,Shane McClanahan,Seth Lugo,Kevin Kelly,Taylor Walls,Tampa Bay Rays,"3-4, 0 HR, 0 RBI",Seth Lugo,Kansas City Royals,"6.0 IP, 7 K, 3 ER"
824174,2026-07-01,Daikin Park,Houston Astros,Minnesota Twins,R,3,8,Minnesota Twins,Houston Astros,Away,5,Taj Bradley,Tatsuya Imai,,Trevor Larnach,Minnesota Twins,"3-5, 0 HR, 2 RBI",Taj Bradley,Minnesota Twins,"5.0 IP, 11 K, 1 ER"
823767,2026-07-01,American Family Field,Milwaukee Brewers,Cincinnati Reds,R,4,2,Milwaukee Brewers,Cincinnati Reds,Home,2,Aaron Ashby,Brock Burke,Trevor Megill,Garrett Mitchell,Milwaukee Brewers,"4-4, 0 HR, 1 RBI",Shane Drohan,Milwaukee Brewers,"5.2 IP, 7 K, 2 ER"
824337,2026-07-01,Coors Field,Colorado Rockies,Miami Marlins,R,6,3,Colorado Rockies,Miami Marlins,Home,3,Kyle Freeland,Max Meyer,Brennan Bernardino,Mickey Moniak,Colorado Rockies,"3-4, 1 HR, 3 RBI",Kyle Freeland,Colorado Rockies,"5.0 IP, 7 K, 2 ER"
824985,2026-07-01,Sutter Health Park,Athletics,Los Angeles Dodgers,R,7,1,Athletics,Los Angeles Dodgers,Home,6,J.T. Ginn,Charlie Barnes,,Jonah Heim,Athletics,"2-3, 1 HR, 2 RBI",J.T. Ginn,Athletics,"6.0 IP, 4 K, 1 ER"
825064,2026-07-01,Chase Field,Arizona Diamondbacks,San Francisco Giants,R,4,6,San Francisco Giants,Arizona Diamondbacks,Away,2,Trevor McDonald,Zac Gallen,Caleb Kilian,Heliot Ramos,San Francisco Giants,"2-4, 1 HR, 2 RBI",Trevor McDonald,San Francisco Giants,"6.0 IP, 5 K, 0 ER"
823442,2026-07-02,Citizens Bank Park,Philadelphia Phillies,Pittsburgh Pirates,R,1,6,Pittsburgh Pirates,Philadelphia Phillies,Away,5,Carmen Mlodzinski,José Alvarado,,Nick Gonzales,Pittsburgh Pirates,"3-5, 1 HR, 2 RBI",Jared Jones,Pittsburgh Pirates,"4.0 IP, 6 K, 1 ER"
823765,2026-07-02,American Family Field,Milwaukee Brewers,Cincinnati Reds,R,2,7,Cincinnati Reds,Milwaukee Brewers,Away,5,Chase Burns,Jacob Misiorowski,,Jose Trevino,Cincinnati Reds,"3-4, 1 HR, 3 RBI",Jacob Misiorowski,Milwaukee Brewers,"5.0 IP, 10 K, 1 ER"
824335,2026-07-02,Coors Field,Colorado Rockies,Miami Marlins,R,14,4,Colorado Rockies,Miami Marlins,Home,10,Brennan Bernardino,John King,,Mickey Moniak,Colorado Rockies,"3-5, 1 HR, 2 RBI",Zach Agnos,Colorado Rockies,"2.0 IP, 2 K, 0 ER"
824416,2026-07-02,Progressive Field,Cleveland Guardians,Chicago White Sox,R,6,5,Cleveland Guardians,Chicago White Sox,Home,1,Tim Herrin,Grant Taylor,,Travis Bazzana,Cleveland Guardians,"2-3, 0 HR, 1 RBI",Slade Cecconi,Cleveland Guardians,"5.0 IP, 3 K, 5 ER"
824906,2026-07-02,Truist Park,Atlanta Braves,St. Louis Cardinals,R,5,11,St. Louis Cardinals,Atlanta Braves,Away,6,Gordon Graceffo,Tyler Kinley,,Masyn Winn,St. Louis Cardinals,"3-4, 0 HR, 1 RBI",Hurston Waldrep,Atlanta Braves,"5.1 IP, 4 K, 3 ER"
824093,2026-07-02,Kauffman Stadium,Kansas City Royals,Tampa Bay Rays,R,2,5,Tampa Bay Rays,Kansas City Royals,Away,3,Ian Seymour,Stephen Kolek,Bryan Baker,Hunter Feduccia,Tampa Bay Rays,"3-4, 0 HR, 1 RBI",Ian Seymour,Tampa Bay Rays,"6.0 IP, 8 K, 1 ER"
822884,2026-07-02,Globe Life Field,Texas Rangers,Detroit Tigers,R,10,4,Texas Rangers,Detroit Tigers,Home,6,Nathan Eovaldi,Framber Valdez,,Alejandro Osuna,Texas Rangers,"3-5, 0 HR, 1 RBI",Nathan Eovaldi,Texas Rangers,"5.0 IP, 9 K, 3 ER"
823119,2026-07-02,T-Mobile Park,Seattle Mariners,Los Angeles Angels,R,1,0,Seattle Mariners,Los Angeles Angels,Home,1,Bryce Miller,Walbert Ureña,Andrés Muñoz,Nolan Schanuel,Los Angeles Angels,"2-4, 0 HR, 0 RBI",Bryce Miller,Seattle Mariners,"7.0 IP, 8 K, 0 ER"
823935,2026-07-02,UNIQLO Field at Dodger Stadium,Los Angeles Dodgers,San Diego Padres,R,12,7,Los Angeles Dodgers,San Diego Padres,Home,5,Will Klein,Wandy Peralta,,Dalton Rushing,Los Angeles Dodgers,"4-4, 1 HR, 4 RBI",Will Klein,Los Angeles Dodgers,"2.0 IP, 3 K, 0 ER"
824659,2026-07-03,Wrigley Field,Chicago Cubs,St. Louis Cardinals,R,1,17,St. Louis Cardinals,Chicago Cubs,Away,16,Andre Pallante,David Peterson,,Iván Herrera,St. Louis Cardinals,"3-4, 0 HR, 2 RBI",Bryse Wilson,Chicago Cubs,"3.1 IP, 4 K, 7 ER"
822714,2026-07-03,Nationals Park,Washington Nationals,Pittsburgh Pirates,R,9,5,Washington Nationals,Pittsburgh Pirates,Home,4,Foster Griffin,Mitch Keller,,Daylen Lile,Washington Nationals,"3-4, 2 HR, 4 RBI",Orlando Ribalta,Washington Nationals,"1.0 IP, 2 K, 0 ER"
823527,2026-07-03,Yankee Stadium,New York Yankees,Minnesota Twins,R,5,2,New York Yankees,Minnesota Twins,Home,3,Gerrit Cole,Mike Paredes,David Bednar,Trent Grisham,New York Yankees,"2-3, 1 HR, 2 RBI",Gerrit Cole,New York Yankees,"5.0 IP, 7 K, 2 ER"
824498,2026-07-03,Great American Ball Park,Cincinnati Reds,Baltimore Orioles,R,0,3,Baltimore Orioles,Cincinnati Reds,Away,3,Trevor Rogers,Brady Singer,Tyler Wells,Samuel Basallo,Baltimore Orioles,"1-3, 1 HR, 2 RBI",Brady Singer,Cincinnati Reds,"5.0 IP, 6 K, 2 ER"
824417,2026-07-03,Progressive Field,Cleveland Guardians,Chicago White Sox,R,4,3,Cleveland Guardians,Chicago White Sox,Home,1,Erik Sabrowski,Sean Newcomb,,Miguel Vargas,Chicago White Sox,"2-3, 1 HR, 3 RBI",Gavin Williams,Cleveland Guardians,"4.2 IP, 6 K, 3 ER"
824904,2026-07-03,Truist Park,Atlanta Braves,New York Mets,R,5,3,Atlanta Braves,New York Mets,Home,2,Grant Holmes,Christian Scott,Raisel Iglesias,Matt Olson,Atlanta Braves,"2-3, 2 HR, 2 RBI",Christian Scott,New York Mets,"4.0 IP, 7 K, 3 ER"
824336,2026-07-03,Coors Field,Colorado Rockies,San Francisco Giants,R,15,3,Colorado Rockies,San Francisco Giants,Home,12,Ryan Feltner,Logan Webb,Gabriel Hughes,Jake McCarthy,Colorado Rockies,"4-5, 2 HR, 6 RBI",Ryan Feltner,Colorado Rockies,"6.0 IP, 9 K, 2 ER"
824173,2026-07-03,Daikin Park,Houston Astros,Tampa Bay Rays,R,1,3,Tampa Bay Rays,Houston Astros,Away,2,Kevin Kelly,Steven Okert,Bryan Baker,Nick Fortes,Tampa Bay Rays,"2-3, 1 HR, 2 RBI",Spencer Arrighetti,Houston Astros,"6.0 IP, 4 K, 1 ER"
824013,2026-07-03,Angel Stadium,Los Angeles Angels,Boston Red Sox,R,2,5,Boston Red Sox,Los Angeles Angels,Away,3,Jake Bennett,Reid Detmers,Aroldis Chapman,Romy Gonzalez,Boston Red Sox,"3-4, 0 HR, 2 RBI",Jake Bennett,Boston Red Sox,"7.2 IP, 6 K, 2 ER"
824982,2026-07-03,Sutter Health Park,Athletics,Miami Marlins,R,5,12,Miami Marlins,Athletics,Away,7,Lake Bachar,Jack Perkins,,Kyle Stowers,Miami Marlins,"4-5, 2 HR, 3 RBI",Jack Perkins,Athletics,"3.2 IP, 8 K, 7 ER"
825062,2026-07-03,Chase Field,Arizona Diamondbacks,Milwaukee Brewers,R,4,7,Milwaukee Brewers,Arizona Diamondbacks,Away,3,Grant Anderson,Ryan Thompson,,Brice Turang,Milwaukee Brewers,"3-6, 0 HR, 2 RBI",Jose Cabrera,Arizona Diamondbacks,"3.1 IP, 3 K, 3 ER"
823933,2026-07-03,UNIQLO Field at Dodger Stadium,Los Angeles Dodgers,San Diego Padres,R,4,3,Los Angeles Dodgers,San Diego Padres,Home,1,Kyle Hurt,Adrian Morejon,Tanner Scott,Jackson Merrill,San Diego Padres,"2-4, 1 HR, 1 RBI",Shohei Ohtani,Los Angeles Dodgers,"6.0 IP, 9 K, 3 ER"
823120,2026-07-03,T-Mobile Park,Seattle Mariners,Toronto Blue Jays,R,0,2,Toronto Blue Jays,Seattle Mariners,Away,2,Dylan Cease,Luis Castillo,Louis Varland,Sean Keys,Toronto Blue Jays,"2-4, 0 HR, 0 RBI",Dylan Cease,Toronto Blue Jays,"7.0 IP, 9 K, 0 ER"
822716,2026-07-04,Nationals Park,Washington Nationals,Pittsburgh Pirates,R,1,7,Pittsburgh Pirates,Washington Nationals,Away,6,Braxton Ashcraft,Carson Palmquist,,Nick Gonzales,Pittsburgh Pirates,"2-3, 0 HR, 1 RBI",Braxton Ashcraft,Pittsburgh Pirates,"5.2 IP, 7 K, 1 ER"
823526,2026-07-04,Yankee Stadium,New York Yankees,Minnesota Twins,R,4,11,Minnesota Twins,New York Yankees,Away,7,Taylor Rogers,Brendan Beck,,Josh Bell,Minnesota Twins,"3-5, 2 HR, 3 RBI",Zebby Matthews,Minnesota Twins,"4.2 IP, 5 K, 4 ER"
822882,2026-07-04,Globe Life Field,Texas Rangers,Detroit Tigers,R,0,3,Detroit Tigers,Texas Rangers,Away,3,Jack Flaherty,Cal Quantrill,Keider Montero,Riley Greene,Detroit Tigers,"2-4, 1 HR, 2 RBI",Jack Flaherty,Detroit Tigers,"5.2 IP, 5 K, 0 ER"
823118,2026-07-04,T-Mobile Park,Seattle Mariners,Toronto Blue Jays,R,11,0,Seattle Mariners,Toronto Blue Jays,Home,11,Logan Gilbert,Shane Bieber,,Randy Arozarena,Seattle Mariners,"3-4, 1 HR, 4 RBI",Logan Gilbert,Seattle Mariners,"7.1 IP, 7 K, 0 ER"
824499,2026-07-04,Great American Ball Park,Cincinnati Reds,Baltimore Orioles,R,5,8,Baltimore Orioles,Cincinnati Reds,Away,3,Brandon Young,Hunter Greene,Tyler Wells,Jose Trevino,Cincinnati Reds,"3-4, 0 HR, 1 RBI",Hunter Greene,Cincinnati Reds,"3.1 IP, 7 K, 8 ER"
824171,2026-07-04,Daikin Park,Houston Astros,Tampa Bay Rays,R,10,8,Houston Astros,Tampa Bay Rays,Home,2,Josh Hader,Casey Legumina,,Yordan Alvarez,Houston Astros,"3-4, 2 HR, 6 RBI",Cristian Javier,Houston Astros,"2.0 IP, 4 K, 1 ER"
824415,2026-07-04,Progressive Field,Cleveland Guardians,Chicago White Sox,R,1,3,Chicago White Sox,Cleveland Guardians,Away,2,Brandon Eisert,Tim Herrin,Grant Taylor,Colson Montgomery,Chicago White Sox,"2-5, 1 HR, 2 RBI",Sean Burke,Chicago White Sox,"6.0 IP, 11 K, 1 ER"
824658,2026-07-04,Wrigley Field,Chicago Cubs,St. Louis Cardinals,R,0,3,St. Louis Cardinals,Chicago Cubs,Away,3,Kyle Leahy,Shota Imanaga,Riley O'Brien,JJ Wetherholt,St. Louis Cardinals,"3-4, 1 HR, 1 RBI",Shota Imanaga,Chicago Cubs,"4.2 IP, 8 K, 2 ER"
824903,2026-07-04,Truist Park,Atlanta Braves,New York Mets,R,14,3,Atlanta Braves,New York Mets,Home,11,Chris Sale,Sean Manaea,JR Ritchie,Michael Harris II,Atlanta Braves,"3-5, 1 HR, 2 RBI",JR Ritchie,Atlanta Braves,"3.0 IP, 4 K, 0 ER"
824334,2026-07-04,Coors Field,Colorado Rockies,San Francisco Giants,R,4,6,San Francisco Giants,Colorado Rockies,Away,2,Robbie Ray,Sean Sullivan,Caleb Kilian,Luis Arraez,San Francisco Giants,"3-5, 0 HR, 1 RBI",Sean Sullivan,Colorado Rockies,"5.2 IP, 4 K, 6 ER"
824092,2026-07-04,Kauffman Stadium,Kansas City Royals,Philadelphia Phillies,R,1,6,Philadelphia Phillies,Kansas City Royals,Away,5,Jesús Luzardo,Michael Wacha,,Kyle Schwarber,Philadelphia Phillies,"3-4, 0 HR, 0 RBI",Jesús Luzardo,Philadelphia Phillies,"6.0 IP, 9 K, 1 ER"
824012,2026-07-04,Angel Stadium,Los Angeles Angels,Boston Red Sox,R,1,8,Boston Red Sox,Los Angeles Angels,Away,7,Sonny Gray,Sam Aldegheri,,Willson Contreras,Boston Red Sox,"1-5, 1 HR, 3 RBI",Sonny Gray,Boston Red Sox,"6.0 IP, 7 K, 1 ER"
824983,2026-07-04,Sutter Health Park,Athletics,Miami Marlins,R,2,7,Miami Marlins,Athletics,Away,5,Sandy Alcantara,Aaron Civale,,Otto Lopez,Miami Marlins,"3-5, 1 HR, 3 RBI",Sandy Alcantara,Miami Marlins,"8.0 IP, 8 K, 1 ER"
825063,2026-07-04,Chase Field,Arizona Diamondbacks,Milwaukee Brewers,R,4,3,Arizona Diamondbacks,Milwaukee Brewers,Home,1,Merrill Kelly,Brandon Woodruff,Paul Sewald,Brice Turang,Milwaukee Brewers,"3-5, 0 HR, 0 RBI",Merrill Kelly,Arizona Diamondbacks,"5.0 IP, 6 K, 2 ER"
823932,2026-07-04,UNIQLO Field at Dodger Stadium,Los Angeles Dodgers,San Diego Padres,R,3,0,Los Angeles Dodgers,San Diego Padres,Home,3,Yoshinobu Yamamoto,Griffin Canning,Will Klein,Freddie Freeman,Los Angeles Dodgers,"2-3, 1 HR, 2 RBI",Yoshinobu Yamamoto,Los Angeles Dodgers,"7.0 IP, 10 K, 0 ER"
824902,2026-07-05,Truist Park,Atlanta Braves,New York Mets,R,9,10,New York Mets,Atlanta Braves,Away,1,Nolan McLean,Martín Pérez,Devin Williams,Bo Bichette,New York Mets,"3-5, 0 HR, 3 RBI",Nolan McLean,New York Mets,"6.0 IP, 5 K, 2 ER"
822715,2026-07-05,Nationals Park,Washington Nationals,Pittsburgh Pirates,R,5,11,Pittsburgh Pirates,Washington Nationals,Away,6,Gregory Soto,Brad Lord,,Nick Gonzales,Pittsburgh Pirates,"3-4, 0 HR, 0 RBI",Cade Cavalli,Washington Nationals,"2.1 IP, 3 K, 3 ER"
824497,2026-07-05,Great American Ball Park,Cincinnati Reds,Baltimore Orioles,R,3,2,Cincinnati Reds,Baltimore Orioles,Home,1,Nick Lodolo,Kyle Bradish,Emilio Pagán,Blaze Alexander,Baltimore Orioles,"3-4, 0 HR, 0 RBI",Kyle Bradish,Baltimore Orioles,"7.2 IP, 5 K, 3 ER"
823525,2026-07-05,Yankee Stadium,New York Yankees,Minnesota Twins,R,1,6,Minnesota Twins,New York Yankees,Away,5,Joe Ryan,Ryan Weathers,,Brooks Lee,Minnesota Twins,"3-5, 0 HR, 1 RBI",Joe Ryan,Minnesota Twins,"7.0 IP, 9 K, 0 ER"
824413,2026-07-05,Progressive Field,Cleveland Guardians,Chicago White Sox,R,6,7,Chicago White Sox,Cleveland Guardians,Away,1,Erick Fedde,Colin Holderman,Sean Newcomb,Gabriel Arias,Cleveland Guardians,"2-5, 1 HR, 3 RBI",Erick Fedde,Chicago White Sox,"5.1 IP, 4 K, 2 ER"
824656,2026-07-05,Wrigley Field,Chicago Cubs,St. Louis Cardinals,R,6,4,Chicago Cubs,St. Louis Cardinals,Home,2,Drew Pomeranz,Matthew Liberatore,Jacob Webb,Pete Crow-Armstrong,Chicago Cubs,"2-4, 0 HR, 0 RBI",Matthew Liberatore,St. Louis Cardinals,"5.0 IP, 3 K, 3 ER"
824091,2026-07-05,Kauffman Stadium,Kansas City Royals,Philadelphia Phillies,R,5,2,Kansas City Royals,Philadelphia Phillies,Home,3,Luinder Avila,Aaron Nola,Alex Lange,Isaac Collins,Kansas City Royals,"2-3, 0 HR, 0 RBI",Aaron Nola,Philadelphia Phillies,"7.0 IP, 7 K, 3 ER"
824172,2026-07-05,Daikin Park,Houston Astros,Tampa Bay Rays,R,2,0,Houston Astros,Tampa Bay Rays,Home,2,Peter Lambert,Mason Englert,Josh Hader,Isaac Paredes,Houston Astros,"2-4, 1 HR, 1 RBI",Mason Englert,Tampa Bay Rays,"5.2 IP, 9 K, 2 ER"
822879,2026-07-05,Globe Life Field,Texas Rangers,Detroit Tigers,R,3,6,Detroit Tigers,Texas Rangers,Away,3,Casey Mize,Kumar Rocker,Kenley Jansen,Riley Greene,Detroit Tigers,"3-4, 1 HR, 4 RBI",Kumar Rocker,Texas Rangers,"4.1 IP, 4 K, 3 ER"
824333,2026-07-05,Coors Field,Colorado Rockies,San Francisco Giants,R,7,6,Colorado Rockies,San Francisco Giants,Home,1,Victor Vodnik,Dylan Smith,Jordan Romano,Drew Gilbert,San Francisco Giants,"4-4, 1 HR, 3 RBI",Tanner Gordon,Colorado Rockies,"5.0 IP, 7 K, 5 ER"
825061,2026-07-05,Chase Field,Arizona Diamondbacks,Milwaukee Brewers,R,2,3,Milwaukee Brewers,Arizona Diamondbacks,Away,1,Drew Rom,Eduardo Rodriguez,Trevor Megill,Geraldo Perdomo,Arizona Diamondbacks,"3-5, 0 HR, 0 RBI",Brandon Sproat,Milwaukee Brewers,"4.0 IP, 4 K, 1 ER"
824980,2026-07-05,Sutter Health Park,Athletics,Miami Marlins,R,8,9,Miami Marlins,Athletics,Away,1,Eury Pérez,Gage Jump,,Heriberto Hernández,Miami Marlins,"3-4, 2 HR, 2 RBI",Eury Pérez,Miami Marlins,"7.0 IP, 8 K, 0 ER"
823117,2026-07-05,T-Mobile Park,Seattle Mariners,Toronto Blue Jays,R,4,0,Seattle Mariners,Toronto Blue Jays,Home,4,Emerson Hancock,Trey Yesavage,,Mitch Garver,Seattle Mariners,"1-3, 1 HR, 2 RBI",Trey Yesavage,Toronto Blue Jays,"6.0 IP, 7 K, 2 ER"
823931,2026-07-05,UNIQLO Field at Dodger Stadium,Los Angeles Dodgers,San Diego Padres,R,2,5,San Diego Padres,Los Angeles Dodgers,Away,3,JP Sears,Emmet Sheehan,Mason Miller,Fernando Tatis Jr.,San Diego Padres,"3-5, 0 HR, 1 RBI",Emmet Sheehan,Los Angeles Dodgers,"4.1 IP, 5 K, 1 ER"
824010,2026-07-05,Angel Stadium,Los Angeles Angels,Boston Red Sox,R,5,7,Boston Red Sox,Los Angeles Angels,Away,2,Greg Weissert,Ryan Johnson,Aroldis Chapman,Zach Neto,Los Angeles Angels,"3-5, 1 HR, 2 RBI",Ryan Johnson,Los Angeles Angels,"4.0 IP, 6 K, 2 ER"
824089,2026-07-06,Kauffman Stadium,Kansas City Royals,Philadelphia Phillies,R,15,1,Kansas City Royals,Philadelphia Phillies,Home,14,Noah Cameron,Cristopher Sánchez,,Tyler Tolbert,Kansas City Royals,"5-5, 1 HR, 2 RBI",Noah Cameron,Kansas City Royals,"5.0 IP, 7 K, 1 ER"
822958,2026-07-06,Tropicana Field,Tampa Bay Rays,New York Yankees,R,1,5,New York Yankees,Tampa Bay Rays,Away,4,Cam Schlittler,Griffin Jax,,José Caballero,New York Yankees,"2-3, 2 HR, 4 RBI",Griffin Jax,Tampa Bay Rays,"5.0 IP, 10 K, 3 ER"
822712,2026-07-06,Nationals Park,Washington Nationals,Houston Astros,R,12,11,Washington Nationals,Houston Astros,Home,1,Miles Mikolas,Mike Burrows,Clayton Beeter,CJ Abrams,Washington Nationals,"3-5, 1 HR, 3 RBI",Miles Mikolas,Washington Nationals,"6.0 IP, 3 K, 7 ER"
824900,2026-07-06,Truist Park,Atlanta Braves,New York Mets,R,6,7,New York Mets,Atlanta Braves,Away,1,Brooks Raley,Owen Murphy,Luke Weaver,Michael Harris II,Atlanta Braves,"3-6, 0 HR, 2 RBI",Freddy Peralta,New York Mets,"4.2 IP, 6 K, 1 ER"
823036,2026-07-06,Busch Stadium,St. Louis Cardinals,Milwaukee Brewers,R,3,4,Milwaukee Brewers,St. Louis Cardinals,Away,1,Shane Drohan,Ryan Fernandez,Trevor Megill,David Hamilton,Milwaukee Brewers,"2-3, 0 HR, 2 RBI",Dustin May,St. Louis Cardinals,"4.2 IP, 7 K, 0 ER"
823282,2026-07-06,Petco Park,San Diego Padres,Arizona Diamondbacks,R,0,8,Arizona Diamondbacks,San Diego Padres,Away,8,Brandon Pfaadt,Walker Buehler,,Max Kepler,Arizona Diamondbacks,"2-4, 1 HR, 4 RBI",Brandon Pfaadt,Arizona Diamondbacks,"5.0 IP, 6 K, 0 ER"
823205,2026-07-06,Oracle Park,San Francisco Giants,Toronto Blue Jays,R,10,1,San Francisco Giants,Toronto Blue Jays,Home,9,Landen Roupp,Kevin Gausman,,Heliot Ramos,San Francisco Giants,"3-5, 2 HR, 5 RBI",Kevin Gausman,Toronto Blue Jays,"5.1 IP, 8 K, 4 ER"
823930,2026-07-06,UNIQLO Field at Dodger Stadium,Los Angeles Dodgers,Colorado Rockies,R,8,7,Los Angeles Dodgers,Colorado Rockies,Home,1,Edgardo Henriquez,Jimmy Herget,,Shohei Ohtani,Los Angeles Dodgers,"3-4, 1 HR, 4 RBI",Eric Lauer,Los Angeles Dodgers,"6.0 IP, 3 K, 3 ER"
823062,2026-07-07,Busch Stadium,St. Louis Cardinals,Milwaukee Brewers,R,3,4,Milwaukee Brewers,St. Louis Cardinals,Away,1,Jacob Misiorowski,Ryne Stanek,Abner Uribe,Christian Yelich,Milwaukee Brewers,"3-5, 0 HR, 2 RBI",Jacob Misiorowski,Milwaukee Brewers,"7.0 IP, 11 K, 3 ER"
823035,2026-07-07,Busch Stadium,St. Louis Cardinals,Milwaukee Brewers,R,2,10,Milwaukee Brewers,St. Louis Cardinals,Away,8,Robert Gasser,Hunter Dobbins,,Joey Ortiz,Milwaukee Brewers,"2-5, 1 HR, 1 RBI",Hunter Dobbins,St. Louis Cardinals,"5.0 IP, 4 K, 3 ER"
824820,2026-07-07,Oriole Park at Camden Yards,Baltimore Orioles,Chicago Cubs,R,2,5,Chicago Cubs,Baltimore Orioles,Away,3,Matthew Boyd,Shane Baz,Trent Thornton,Adley Rutschman,Baltimore Orioles,"2-4, 0 HR, 2 RBI",Matthew Boyd,Chicago Cubs,"6.0 IP, 7 K, 0 ER"
824254,2026-07-07,Comerica Park,Detroit Tigers,Athletics,R,6,2,Detroit Tigers,Athletics,Home,4,Tarik Skubal,J.T. Ginn,,Joshua Kuroda-Grauer,Athletics,"3-4, 0 HR, 0 RBI",Tarik Skubal,Detroit Tigers,"5.0 IP, 9 K, 1 ER"
823361,2026-07-07,PNC Park,Pittsburgh Pirates,Atlanta Braves,R,12,4,Pittsburgh Pirates,Atlanta Braves,Home,8,Paul Skenes,Hurston Waldrep,,Ryan O'Hearn,Pittsburgh Pirates,"4-5, 3 HR, 10 RBI",Paul Skenes,Pittsburgh Pirates,"6.0 IP, 4 K, 2 ER"
823847,2026-07-07,loanDepot park,Miami Marlins,Seattle Mariners,R,6,5,Miami Marlins,Seattle Mariners,Home,1,Cade Gibson,Michael Rucker,,Liam Hicks,Miami Marlins,"3-5, 0 HR, 0 RBI",Bryan Woo,Seattle Mariners,"5.0 IP, 5 K, 3 ER"
822956,2026-07-07,Tropicana Field,Tampa Bay Rays,New York Yankees,R,6,4,Tampa Bay Rays,New York Yankees,Home,2,Ian Seymour,Will Warren,Bryan Baker,Ben Rice,New York Yankees,"3-4, 1 HR, 3 RBI",Ian Seymour,Tampa Bay Rays,"5.1 IP, 12 K, 3 ER"
822713,2026-07-07,Nationals Park,Washington Nationals,Houston Astros,R,3,6,Houston Astros,Washington Nationals,Away,3,Steven Okert,Andrew Alvarez,Josh Hader,James Wood,Washington Nationals,"2-4, 1 HR, 1 RBI",Riley Cornelio,Washington Nationals,"1.1 IP, 3 K, 1 ER"
823607,2026-07-07,Citi Field,New York Mets,Kansas City Royals,R,12,16,Kansas City Royals,New York Mets,Away,4,Beck Way,Matt Seelinger,,Tyler Tolbert,Kansas City Royals,"5-6, 1 HR, 2 RBI",Kodai Senga,New York Mets,"3.0 IP, 4 K, 4 ER"
824495,2026-07-07,Great American Ball Park,Cincinnati Reds,Philadelphia Phillies,R,1,4,Philadelphia Phillies,Cincinnati Reds,Away,3,Zack Wheeler,Andrew Abbott,Jhoan Duran,Kyle Schwarber,Philadelphia Phillies,"2-4, 1 HR, 2 RBI",Zack Wheeler,Philadelphia Phillies,"7.0 IP, 14 K, 1 ER"
823687,2026-07-07,Target Field,Minnesota Twins,Cleveland Guardians,R,3,1,Minnesota Twins,Cleveland Guardians,Home,2,Taj Bradley,Joey Cantillo,Yoendrys Gómez,Kody Clemens,Minnesota Twins,"2-4, 0 HR, 1 RBI",Taj Bradley,Minnesota Twins,"7.0 IP, 10 K, 1 ER"
824579,2026-07-07,Rate Field,Chicago White Sox,Boston Red Sox,R,1,8,Boston Red Sox,Chicago White Sox,Away,7,Payton Tolle,Noah Schultz,,Sam Antonacci,Chicago White Sox,"3-4, 0 HR, 0 RBI",Payton Tolle,Boston Red Sox,"6.0 IP, 6 K, 0 ER"
822881,2026-07-07,Globe Life Field,Texas Rangers,Los Angeles Angels,R,8,3,Texas Rangers,Los Angeles Angels,Home,5,Peyton Gray,Sam Bachman,,Justin Foscue,Texas Rangers,"2-2, 1 HR, 2 RBI",Jacob deGrom,Texas Rangers,"5.0 IP, 7 K, 2 ER"
823280,2026-07-07,Petco Park,San Diego Padres,Arizona Diamondbacks,R,4,1,San Diego Padres,Arizona Diamondbacks,Home,3,Germán Márquez,Zac Gallen,Mason Miller,Luis Campusano,San Diego Padres,"2-3, 0 HR, 0 RBI",Zac Gallen,Arizona Diamondbacks,"6.0 IP, 5 K, 4 ER"
823203,2026-07-07,Oracle Park,San Francisco Giants,Toronto Blue Jays,R,3,9,Toronto Blue Jays,San Francisco Giants,Away,6,Patrick Corbin,Trevor McDonald,,Ernie Clement,Toronto Blue Jays,"3-4, 0 HR, 1 RBI",Adrian Houser,San Francisco Giants,"5.2 IP, 5 K, 0 ER"
823929,2026-07-07,UNIQLO Field at Dodger Stadium,Los Angeles Dodgers,Colorado Rockies,R,3,4,Colorado Rockies,Los Angeles Dodgers,Away,1,Juan Mejia,Will Klein,Jordan Romano,Alex Freeland,Los Angeles Dodgers,"3-4, 0 HR, 1 RBI",Justin Wrobleski,Los Angeles Dodgers,"7.0 IP, 9 K, 1 ER"
823202,2026-07-08,Oracle Park,San Francisco Giants,Toronto Blue Jays,R,0,10,Toronto Blue Jays,San Francisco Giants,Away,10,Dylan Cease,Logan Webb,,Kazuma Okamoto,Toronto Blue Jays,"2-5, 1 HR, 4 RBI",Dylan Cease,Toronto Blue Jays,"8.0 IP, 11 K, 0 ER"
824815,2026-07-08,Oriole Park at Camden Yards,Baltimore Orioles,Chicago Cubs,R,7,9,Chicago Cubs,Baltimore Orioles,Away,2,Colin Rea,Dean Kremer,Jacob Webb,Jackson Holliday,Baltimore Orioles,"4-4, 0 HR, 0 RBI",Dean Kremer,Baltimore Orioles,"5.0 IP, 4 K, 4 ER"
824253,2026-07-08,Comerica Park,Detroit Tigers,Athletics,R,6,1,Detroit Tigers,Athletics,Home,5,Troy Melton,Jeffrey Springs,,Joshua Kuroda-Grauer,Athletics,"3-4, 0 HR, 0 RBI",Troy Melton,Detroit Tigers,"5.1 IP, 9 K, 0 ER"
823360,2026-07-08,PNC Park,Pittsburgh Pirates,Atlanta Braves,R,0,3,Atlanta Braves,Pittsburgh Pirates,Away,3,Dylan Dodd,Dennis Santana,Raisel Iglesias,Joey Bart,Atlanta Braves,"1-3, 1 HR, 2 RBI",Jared Jones,Pittsburgh Pirates,"6.0 IP, 8 K, 0 ER"
823848,2026-07-08,loanDepot park,Miami Marlins,Seattle Mariners,R,2,0,Miami Marlins,Seattle Mariners,Home,2,Tyler Phillips,George Kirby,Pete Fairbanks,Xavier Edwards,Miami Marlins,"2-4, 0 HR, 1 RBI",George Kirby,Seattle Mariners,"6.0 IP, 7 K, 2 ER"
822957,2026-07-08,Tropicana Field,Tampa Bay Rays,New York Yankees,R,3,0,Tampa Bay Rays,New York Yankees,Home,3,Shane McClanahan,Gerrit Cole,Bryan Baker,Yandy Díaz,Tampa Bay Rays,"4-4, 0 HR, 0 RBI",Gerrit Cole,New York Yankees,"6.1 IP, 6 K, 3 ER"
822710,2026-07-08,Nationals Park,Washington Nationals,Houston Astros,R,8,2,Washington Nationals,Houston Astros,Home,6,Foster Griffin,Spencer Arrighetti,,Luis García Jr.,Washington Nationals,"3-4, 1 HR, 3 RBI",Foster Griffin,Washington Nationals,"7.0 IP, 9 K, 1 ER"
823605,2026-07-08,Citi Field,New York Mets,Kansas City Royals,R,6,2,New York Mets,Kansas City Royals,Home,4,Brooks Raley,Alex Lange,,A.J. Ewing,New York Mets,"2-5, 1 HR, 1 RBI",Christian Scott,New York Mets,"5.0 IP, 5 K, 0 ER"
824496,2026-07-08,Great American Ball Park,Cincinnati Reds,Philadelphia Phillies,R,11,5,Cincinnati Reds,Philadelphia Phillies,Home,6,Chase Burns,Alan Rangel,,Sal Stewart,Cincinnati Reds,"2-4, 2 HR, 3 RBI",Alan Rangel,Philadelphia Phillies,"3.1 IP, 5 K, 3 ER"
823684,2026-07-08,Target Field,Minnesota Twins,Cleveland Guardians,R,6,5,Minnesota Twins,Cleveland Guardians,Home,1,Yoendrys Gómez,Matt Festa,,Kody Clemens,Minnesota Twins,"3-4, 0 HR, 1 RBI",Connor Prielipp,Minnesota Twins,"5.0 IP, 6 K, 3 ER"
824578,2026-07-08,Rate Field,Chicago White Sox,Boston Red Sox,R,0,5,Boston Red Sox,Chicago White Sox,Away,5,Jake Bennett,Davis Martin,,Tsung-Che Cheng,Boston Red Sox,"2-3, 0 HR, 2 RBI",Trevor Richards,Chicago White Sox,"2.0 IP, 4 K, 0 ER"
823032,2026-07-08,Busch Stadium,St. Louis Cardinals,Milwaukee Brewers,R,5,1,St. Louis Cardinals,Milwaukee Brewers,Home,4,Michael McGreevy,Kyle Harrison,,Alec Burleson,St. Louis Cardinals,"2-4, 1 HR, 3 RBI",Michael McGreevy,St. Louis Cardinals,"6.1 IP, 6 K, 1 ER"
822880,2026-07-08,Globe Life Field,Texas Rangers,Los Angeles Angels,R,1,13,Los Angeles Angels,Texas Rangers,Away,12,Samy Natera Jr.,MacKenzie Gore,,Vaughn Grissom,Los Angeles Angels,"4-5, 0 HR, 4 RBI",MacKenzie Gore,Texas Rangers,"5.0 IP, 7 K, 7 ER"
823928,2026-07-08,UNIQLO Field at Dodger Stadium,Los Angeles Dodgers,Colorado Rockies,R,4,3,Los Angeles Dodgers,Colorado Rockies,Home,1,Edgardo Henriquez,Antonio Senzatela,Tanner Scott,Kyle Karros,Colorado Rockies,"2-4, 1 HR, 1 RBI",Gabriel Hughes,Colorado Rockies,"6.0 IP, 7 K, 3 ER"
823279,2026-07-08,Petco Park,San Diego Padres,Arizona Diamondbacks,R,10,4,San Diego Padres,Arizona Diamondbacks,Home,6,Michael King,Jose Cabrera,,Miguel Andujar,San Diego Padres,"3-4, 0 HR, 2 RBI",Michael King,San Diego Padres,"6.0 IP, 4 K, 1 ER"
823359,2026-07-09,PNC Park,Pittsburgh Pirates,Atlanta Braves,R,5,10,Atlanta Braves,Pittsburgh Pirates,Away,5,Dylan Dodd,Mitch Keller,,Jake Mangum,Pittsburgh Pirates,"4-5, 1 HR, 3 RBI",Mitch Keller,Pittsburgh Pirates,"3.0 IP, 3 K, 3 ER"
823606,2026-07-09,Citi Field,New York Mets,Kansas City Royals,R,7,3,New York Mets,Kansas City Royals,Home,4,Sean Manaea,Michael Wacha,,Tyrone Taylor,New York Mets,"2-3, 1 HR, 1 RBI",Sean Manaea,New York Mets,"7.0 IP, 6 K, 2 ER"
822954,2026-07-09,Tropicana Field,Tampa Bay Rays,New York Yankees,R,4,12,New York Yankees,Tampa Bay Rays,Away,8,Ryan Yarbrough,Drew Rasmussen,,Ben Rice,New York Yankees,"2-4, 2 HR, 5 RBI",Paul Blackburn,New York Yankees,"2.0 IP, 3 K, 1 ER"
824816,2026-07-09,Oriole Park at Camden Yards,Baltimore Orioles,Chicago Cubs,R,3,2,Baltimore Orioles,Chicago Cubs,Home,1,Tyler Wells,Tyler Ferguson,Andrew Kittredge,Seiya Suzuki,Chicago Cubs,"3-4, 1 HR, 2 RBI",Trevor Rogers,Baltimore Orioles,"6.0 IP, 4 K, 1 ER"
823683,2026-07-09,Target Field,Minnesota Twins,Cleveland Guardians,R,2,5,Cleveland Guardians,Minnesota Twins,Away,3,Gavin Williams,Kendry Rojas,Cade Smith,Royce Lewis,Minnesota Twins,"2-4, 1 HR, 1 RBI",Gavin Williams,Cleveland Guardians,"7.0 IP, 11 K, 2 ER"
824577,2026-07-09,Rate Field,Chicago White Sox,Boston Red Sox,R,1,2,Boston Red Sox,Chicago White Sox,Away,1,Tyron Guerrero,Anthony Kay,Aroldis Chapman,Colson Montgomery,Chicago White Sox,"2-4, 0 HR, 0 RBI",Patrick Sandoval,Boston Red Sox,"4.1 IP, 5 K, 1 ER"
824251,2026-07-09,Comerica Park,Detroit Tigers,Athletics,R,4,1,Detroit Tigers,Athletics,Home,3,Framber Valdez,Jack Perkins,Kenley Jansen,Jacob Wilson,Athletics,"2-4, 0 HR, 0 RBI",Framber Valdez,Detroit Tigers,"7.0 IP, 9 K, 1 ER"
823846,2026-07-09,loanDepot park,Miami Marlins,Seattle Mariners,R,8,4,Miami Marlins,Seattle Mariners,Home,4,Janson Junk,Bryce Miller,,Griffin Conine,Miami Marlins,"3-4, 1 HR, 1 RBI",Janson Junk,Miami Marlins,"5.0 IP, 5 K, 1 ER"
824494,2026-07-09,Great American Ball Park,Cincinnati Reds,Philadelphia Phillies,R,0,1,Philadelphia Phillies,Cincinnati Reds,Away,1,Jesús Luzardo,Brady Singer,Jhoan Duran,Brandon Marsh,Philadelphia Phillies,"2-4, 0 HR, 0 RBI",Jesús Luzardo,Philadelphia Phillies,"7.0 IP, 11 K, 0 ER"
823034,2026-07-09,Busch Stadium,St. Louis Cardinals,Milwaukee Brewers,R,4,8,Milwaukee Brewers,St. Louis Cardinals,Away,4,Logan Henderson,Andre Pallante,,Jake Bauers,Milwaukee Brewers,"2-4, 1 HR, 3 RBI",Gordon Graceffo,St. Louis Cardinals,"2.0 IP, 4 K, 0 ER"
822877,2026-07-09,Globe Life Field,Texas Rangers,Los Angeles Angels,R,7,6,Texas Rangers,Los Angeles Angels,Home,1,Cole Winn,Kirby Yates,,Nolan Schanuel,Los Angeles Angels,"4-4, 0 HR, 2 RBI",Nathan Eovaldi,Texas Rangers,"6.0 IP, 10 K, 3 ER"
823277,2026-07-09,Petco Park,San Diego Padres,Arizona Diamondbacks,R,1,3,Arizona Diamondbacks,San Diego Padres,Away,2,Merrill Kelly,Griffin Canning,Paul Sewald,Manny Machado,San Diego Padres,"2-3, 1 HR, 1 RBI",Merrill Kelly,Arizona Diamondbacks,"7.0 IP, 6 K, 1 ER"
823201,2026-07-09,Oracle Park,San Francisco Giants,Colorado Rockies,R,8,2,San Francisco Giants,Colorado Rockies,Home,6,Carson Whisenhunt,Ryan Feltner,,Casey Schmitt,San Francisco Giants,"2-4, 1 HR, 2 RBI",Carson Whisenhunt,San Francisco Giants,"5.2 IP, 4 K, 2 ER"
824252,2026-07-10,Comerica Park,Detroit Tigers,Philadelphia Phillies,R,10,2,Detroit Tigers,Philadelphia Phillies,Home,8,Jack Flaherty,Tim Mayza,,Derek Hill,Philadelphia Phillies,"3-4, 1 HR, 2 RBI",Aaron Nola,Philadelphia Phillies,"5.0 IP, 8 K, 2 ER"
822709,2026-07-10,Nationals Park,Washington Nationals,New York Yankees,R,3,5,New York Yankees,Washington Nationals,Away,2,David Bednar,Matt Krook,,James Wood,Washington Nationals,"3-5, 1 HR, 1 RBI",Ryan Weathers,New York Yankees,"5.1 IP, 6 K, 1 ER"
824817,2026-07-10,Oriole Park at Camden Yards,Baltimore Orioles,Kansas City Royals,R,5,3,Baltimore Orioles,Kansas City Royals,Home,2,Rico Garcia,Matt Strahm,Andrew Kittredge,Blaze Alexander,Baltimore Orioles,"2-4, 1 HR, 1 RBI",Brandon Young,Baltimore Orioles,"7.0 IP, 5 K, 3 ER"
824493,2026-07-10,Great American Ball Park,Cincinnati Reds,Chicago Cubs,R,4,0,Cincinnati Reds,Chicago Cubs,Home,4,Hunter Greene,Shota Imanaga,,Spencer Steer,Cincinnati Reds,"3-4, 0 HR, 0 RBI",Hunter Greene,Cincinnati Reds,"7.0 IP, 12 K, 0 ER"
822955,2026-07-10,Tropicana Field,Tampa Bay Rays,Seattle Mariners,R,7,2,Tampa Bay Rays,Seattle Mariners,Home,5,Nick Martinez,Luis Castillo,,Victor Mesa Jr.,Tampa Bay Rays,"3-4, 1 HR, 1 RBI",Luis Castillo,Seattle Mariners,"5.0 IP, 4 K, 4 ER"
823845,2026-07-10,loanDepot park,Miami Marlins,Cleveland Guardians,R,2,3,Cleveland Guardians,Miami Marlins,Away,1,Parker Messick,Sandy Alcantara,Cade Smith,Chase DeLauter,Cleveland Guardians,"2-4, 1 HR, 2 RBI",Sandy Alcantara,Miami Marlins,"7.0 IP, 8 K, 3 ER"
823604,2026-07-10,Citi Field,New York Mets,Boston Red Sox,R,2,6,Boston Red Sox,New York Mets,Away,4,Sonny Gray,Nolan McLean,,Wilyer Abreu,Boston Red Sox,"3-4, 1 HR, 2 RBI",Nolan McLean,New York Mets,"6.0 IP, 7 K, 0 ER"
824575,2026-07-10,Rate Field,Chicago White Sox,Athletics,R,14,1,Chicago White Sox,Athletics,Home,13,Sean Burke,Aaron Civale,,Tristan Peters,Chicago White Sox,"4-4, 1 HR, 4 RBI",Sean Burke,Chicago White Sox,"7.0 IP, 9 K, 1 ER"
822878,2026-07-10,Globe Life Field,Texas Rangers,Houston Astros,R,7,3,Texas Rangers,Houston Astros,Home,4,Cole Winn,Bryan King,,Yordan Alvarez,Houston Astros,"2-4, 1 HR, 1 RBI",Hunter Brown,Houston Astros,"6.0 IP, 4 K, 3 ER"
823685,2026-07-10,Target Field,Minnesota Twins,Los Angeles Angels,R,3,4,Los Angeles Angels,Minnesota Twins,Away,1,Grayson Rodriguez,Zebby Matthews,Kirby Yates,Vaughn Grissom,Los Angeles Angels,"2-3, 1 HR, 2 RBI",Zebby Matthews,Minnesota Twins,"6.0 IP, 3 K, 4 ER"
823033,2026-07-10,Busch Stadium,St. Louis Cardinals,Atlanta Braves,R,2,1,St. Louis Cardinals,Atlanta Braves,Home,1,JoJo Romero,Danny Young,Riley O'Brien,Iván Herrera,St. Louis Cardinals,"2-4, 0 HR, 0 RBI",Chris Sale,Atlanta Braves,"3.0 IP, 5 K, 0 ER"
823278,2026-07-10,Petco Park,San Diego Padres,Toronto Blue Jays,R,3,5,Toronto Blue Jays,San Diego Padres,Away,2,Mason Fluharty,JP Sears,Louis Varland,Rodolfo Durán,San Diego Padres,"2-2, 0 HR, 0 RBI",Shane Bieber,Toronto Blue Jays,"4.2 IP, 4 K, 2 ER"
823927,2026-07-10,UNIQLO Field at Dodger Stadium,Los Angeles Dodgers,Arizona Diamondbacks,R,3,9,Arizona Diamondbacks,Los Angeles Dodgers,Away,6,Eduardo Rodriguez,Will Klein,,Tim Tawa,Arizona Diamondbacks,"3-4, 1 HR, 4 RBI",Eduardo Rodriguez,Arizona Diamondbacks,"6.0 IP, 5 K, 2 ER"
823200,2026-07-10,Oracle Park,San Francisco Giants,Colorado Rockies,R,3,4,Colorado Rockies,San Francisco Giants,Away,1,Antonio Senzatela,Caleb Kilian,Juan Mejia,Rafael Devers,San Francisco Giants,"3-3, 1 HR, 3 RBI",Robbie Ray,San Francisco Giants,"5.0 IP, 4 K, 1 ER"
823357,2026-07-11,PNC Park,Pittsburgh Pirates,Milwaukee Brewers,R,7,6,Pittsburgh Pirates,Milwaukee Brewers,Home,1,Carmen Mlodzinski,Aaron Ashby,Gregory Soto,Esmerlyn Valdez,Pittsburgh Pirates,"3-4, 2 HR, 6 RBI",Braxton Ashcraft,Pittsburgh Pirates,"5.0 IP, 6 K, 5 ER"
823357,2026-07-11,PNC Park,Pittsburgh Pirates,Milwaukee Brewers,R,7,6,Pittsburgh Pirates,Milwaukee Brewers,Home,1,Carmen Mlodzinski,Aaron Ashby,Gregory Soto,Esmerlyn Valdez,Pittsburgh Pirates,"3-4, 2 HR, 6 RBI",Braxton Ashcraft,Pittsburgh Pirates,"5.0 IP, 6 K, 5 ER"
823356,2026-07-11,PNC Park,Pittsburgh Pirates,Milwaukee Brewers,R,3,2,Pittsburgh Pirates,Milwaukee Brewers,Home,1,Yohan Ramírez,Shane Drohan,Mason Montgomery,Bryan Reynolds,Pittsburgh Pirates,"2-3, 0 HR, 1 RBI",Bubba Chandler,Pittsburgh Pirates,"4.2 IP, 6 K, 2 ER"
823682,2026-07-11,Target Field,Minnesota Twins,Los Angeles Angels,R,5,3,Minnesota Twins,Los Angeles Angels,Home,2,Tommy Nance,Mitch Farris,Yoendrys Gómez,Royce Lewis,Minnesota Twins,"2-4, 1 HR, 2 RBI",Joe Ryan,Minnesota Twins,"6.0 IP, 6 K, 2 ER"
824576,2026-07-11,Rate Field,Chicago White Sox,Athletics,R,1,0,Chicago White Sox,Athletics,Home,1,Erick Fedde,Gage Jump,Grant Taylor,Chase Meidroth,Chicago White Sox,"2-3, 0 HR, 1 RBI",Gage Jump,Athletics,"5.2 IP, 7 K, 1 ER"
823198,2026-07-11,Oracle Park,San Francisco Giants,Colorado Rockies,R,4,2,San Francisco Giants,Colorado Rockies,Home,2,Tyler Mahle,Kyle Freeland,JT Brubaker,Luis Arraez,San Francisco Giants,"2-4, 0 HR, 0 RBI",Kyle Freeland,Colorado Rockies,"6.0 IP, 9 K, 4 ER"
822711,2026-07-11,Nationals Park,Washington Nationals,New York Yankees,R,2,4,New York Yankees,Washington Nationals,Away,2,Brent Headrick,Clayton Beeter,David Bednar,James Wood,Washington Nationals,"3-5, 1 HR, 1 RBI",Cam Schlittler,New York Yankees,"6.2 IP, 6 K, 2 ER"
823603,2026-07-11,Citi Field,New York Mets,Boston Red Sox,R,0,4,Boston Red Sox,New York Mets,Away,4,Jovani Morán,Freddy Peralta,,Andruw Monasterio,Boston Red Sox,"2-3, 1 HR, 2 RBI",Freddy Peralta,New York Mets,"4.1 IP, 6 K, 2 ER"
822953,2026-07-11,Tropicana Field,Tampa Bay Rays,Seattle Mariners,R,6,1,Tampa Bay Rays,Seattle Mariners,Home,5,Griffin Jax,Logan Gilbert,,Ben Williamson,Tampa Bay Rays,"4-4, 0 HR, 1 RBI",Cam Booser,Tampa Bay Rays,"2.0 IP, 5 K, 0 ER"
823844,2026-07-11,loanDepot park,Miami Marlins,Cleveland Guardians,R,1,4,Cleveland Guardians,Miami Marlins,Away,3,Tanner Bibee,Eury Pérez,Colin Holderman,Gabriel Arias,Cleveland Guardians,"3-4, 0 HR, 0 RBI",Eury Pérez,Miami Marlins,"6.0 IP, 6 K, 2 ER"
824249,2026-07-11,Comerica Park,Detroit Tigers,Philadelphia Phillies,R,2,4,Philadelphia Phillies,Detroit Tigers,Away,2,Cristopher Sánchez,Casey Mize,Jhoan Duran,Matt Vierling,Detroit Tigers,"3-3, 0 HR, 0 RBI",Cristopher Sánchez,Philadelphia Phillies,"7.0 IP, 7 K, 2 ER"
824813,2026-07-11,Oriole Park at Camden Yards,Baltimore Orioles,Kansas City Royals,R,6,1,Baltimore Orioles,Kansas City Royals,Home,5,Kyle Bradish,Noah Cameron,,Pete Alonso,Baltimore Orioles,"2-4, 1 HR, 2 RBI",Noah Cameron,Kansas City Royals,"7.0 IP, 9 K, 5 ER"
822875,2026-07-11,Globe Life Field,Texas Rangers,Houston Astros,R,3,9,Houston Astros,Texas Rangers,Away,6,Peter Lambert,Kumar Rocker,,Ezequiel Duran,Texas Rangers,"2-4, 2 HR, 3 RBI",Peter Lambert,Houston Astros,"6.0 IP, 7 K, 1 ER"
824492,2026-07-11,Great American Ball Park,Cincinnati Reds,Chicago Cubs,R,3,5,Chicago Cubs,Cincinnati Reds,Away,2,Drew Pomeranz,Julian Garcia,Trent Thornton,Michael Busch,Chicago Cubs,"3-4, 0 HR, 0 RBI",Nick Lodolo,Cincinnati Reds,"5.0 IP, 4 K, 2 ER"
823030,2026-07-11,Busch Stadium,St. Louis Cardinals,Atlanta Braves,R,4,1,St. Louis Cardinals,Atlanta Braves,Home,3,Matthew Liberatore,Reynaldo López,Riley O'Brien,Lars Nootbaar,St. Louis Cardinals,"1-2, 1 HR, 3 RBI",Matthew Liberatore,St. Louis Cardinals,"6.0 IP, 6 K, 0 ER"
823276,2026-07-11,Petco Park,San Diego Padres,Toronto Blue Jays,R,8,7,San Diego Padres,Toronto Blue Jays,Home,1,Bradgley Rodriguez,Mason Fluharty,Mason Miller,Vladimir Guerrero Jr.,Toronto Blue Jays,"2-4, 1 HR, 3 RBI",Matt Waldron,San Diego Padres,"3.0 IP, 3 K, 0 ER"
823926,2026-07-11,UNIQLO Field at Dodger Stadium,Los Angeles Dodgers,Arizona Diamondbacks,R,2,9,Arizona Diamondbacks,Los Angeles Dodgers,Away,7,Brandon Pfaadt,Yoshinobu Yamamoto,,Tim Tawa,Arizona Diamondbacks,"3-5, 0 HR, 2 RBI",Yoshinobu Yamamoto,Los Angeles Dodgers,"6.0 IP, 6 K, 6 ER"
823358,2026-07-12,PNC Park,Pittsburgh Pirates,Milwaukee Brewers,R,14,5,Pittsburgh Pirates,Milwaukee Brewers,Home,9,Paul Skenes,Robert Gasser,,Jared Triolo,Pittsburgh Pirates,"3-5, 0 HR, 2 RBI",Paul Skenes,Pittsburgh Pirates,"5.1 IP, 7 K, 2 ER"
824814,2026-07-12,Oriole Park at Camden Yards,Baltimore Orioles,Kansas City Royals,R,8,2,Baltimore Orioles,Kansas City Royals,Home,6,Grant Wolfram,Matt Strahm,,Gunnar Henderson,Baltimore Orioles,"3-5, 0 HR, 1 RBI",Shane Baz,Baltimore Orioles,"4.2 IP, 9 K, 2 ER"
822708,2026-07-12,Nationals Park,Washington Nationals,New York Yankees,R,3,5,New York Yankees,Washington Nationals,Away,2,Ryan Yarbrough,Andrew Alvarez,Paul Blackburn,Jazz Chisholm Jr.,New York Yankees,"2-4, 0 HR, 1 RBI",Cade Cavalli,Washington Nationals,"6.0 IP, 5 K, 2 ER"
824491,2026-07-12,Great American Ball Park,Cincinnati Reds,Chicago Cubs,R,4,8,Chicago Cubs,Cincinnati Reds,Away,4,Matthew Boyd,Chase Petty,Jacob Webb,Alex Bregman,Chicago Cubs,"3-5, 1 HR, 4 RBI",Andrew Abbott,Cincinnati Reds,"4.0 IP, 3 K, 4 ER"
823602,2026-07-12,Citi Field,New York Mets,Boston Red Sox,R,2,3,Boston Red Sox,New York Mets,Away,1,Aroldis Chapman,Brooks Raley,Garrett Whitlock,Francisco Lindor,New York Mets,"2-4, 1 HR, 2 RBI",Payton Tolle,Boston Red Sox,"3.2 IP, 7 K, 1 ER"
822951,2026-07-12,Tropicana Field,Tampa Bay Rays,Seattle Mariners,R,2,8,Seattle Mariners,Tampa Bay Rays,Away,6,José A. Ferrer,Ian Seymour,,J.P. Crawford,Seattle Mariners,"3-4, 0 HR, 3 RBI",Chris Roycroft,Tampa Bay Rays,"3.0 IP, 3 K, 0 ER"
824250,2026-07-12,Comerica Park,Detroit Tigers,Philadelphia Phillies,R,0,5,Philadelphia Phillies,Detroit Tigers,Away,5,Zack Wheeler,Tarik Skubal,,J.T. Realmuto,Philadelphia Phillies,"2-3, 0 HR, 3 RBI",Zack Wheeler,Philadelphia Phillies,"6.0 IP, 10 K, 0 ER"
823842,2026-07-12,loanDepot park,Miami Marlins,Cleveland Guardians,R,2,5,Cleveland Guardians,Miami Marlins,Away,3,Joey Cantillo,Tyler Phillips,,Brayan Rocchio,Cleveland Guardians,"2-5, 1 HR, 2 RBI",Joey Cantillo,Cleveland Guardians,"5.0 IP, 9 K, 1 ER"
823681,2026-07-12,Target Field,Minnesota Twins,Los Angeles Angels,R,4,2,Minnesota Twins,Los Angeles Angels,Home,2,Taj Bradley,José Soriano,Andrew Morris,Trevor Larnach,Minnesota Twins,"2-4, 1 HR, 2 RBI",Taj Bradley,Minnesota Twins,"7.0 IP, 6 K, 2 ER"
824574,2026-07-12,Rate Field,Chicago White Sox,Athletics,R,9,1,Chicago White Sox,Athletics,Home,8,Noah Schultz,J.T. Ginn,,Braden Montgomery,Chicago White Sox,"2-4, 1 HR, 4 RBI",J.T. Ginn,Athletics,"4.1 IP, 7 K, 8 ER"
823029,2026-07-12,Busch Stadium,St. Louis Cardinals,Atlanta Braves,R,3,4,Atlanta Braves,St. Louis Cardinals,Away,1,Tyler Kinley,JoJo Romero,Raisel Iglesias,Brewer Hicklen,Atlanta Braves,"2-4, 0 HR, 1 RBI",Dustin May,St. Louis Cardinals,"4.0 IP, 4 K, 2 ER"
822876,2026-07-12,Globe Life Field,Texas Rangers,Houston Astros,R,6,5,Texas Rangers,Houston Astros,Home,1,Jacob Latz,Josh Hader,,Brandon Nimmo,Texas Rangers,"3-5, 0 HR, 2 RBI",MacKenzie Gore,Texas Rangers,"4.0 IP, 4 K, 1 ER"
823199,2026-07-12,Oracle Park,San Francisco Giants,Colorado Rockies,R,3,1,San Francisco Giants,Colorado Rockies,Home,2,Erik Miller,Antonio Senzatela,,Willy Adames,San Francisco Giants,"3-4, 0 HR, 1 RBI",Trevor McDonald,San Francisco Giants,"7.0 IP, 4 K, 1 ER"
823925,2026-07-12,UNIQLO Field at Dodger Stadium,Los Angeles Dodgers,Arizona Diamondbacks,R,3,5,Arizona Diamondbacks,Los Angeles Dodgers,Away,2,Ryan Thompson,Edgardo Henriquez,Paul Sewald,Shohei Ohtani,Los Angeles Dodgers,"2-4, 1 HR, 1 RBI",Emmet Sheehan,Los Angeles Dodgers,"5.1 IP, 7 K, 2 ER"
823274,2026-07-12,Petco Park,San Diego Padres,Toronto Blue Jays,R,5,4,San Diego Padres,Toronto Blue Jays,Home,1,Adrian Morejon,Jeff Hoffman,Mason Miller,Manny Machado,San Diego Padres,"3-4, 0 HR, 1 RBI",Kevin Gausman,Toronto Blue Jays,"6.0 IP, 8 K, 3 ER"
823440,2026-07-16,Citizens Bank Park,Philadelphia Phillies,New York Mets,R,1,4,New York Mets,Philadelphia Phillies,Away,3,Christian Scott,Aaron Nola,Devin Williams,Francisco Alvarez,New York Mets,"2-3, 2 HR, 2 RBI",Christian Scott,New York Mets,"5.2 IP, 7 K, 0 ER"
824766,2026-07-17,Fenway Park,Boston Red Sox,Tampa Bay Rays,R,10,0,Boston Red Sox,Tampa Bay Rays,Home,10,Jake Bennett,Griffin Jax,Alec Gamboa,Carlos Narváez,Boston Red Sox,"3-4, 1 HR, 3 RBI",Griffin Jax,Tampa Bay Rays,"5.0 IP, 6 K, 7 ER"
824737,2026-07-17,Fenway Park,Boston Red Sox,Tampa Bay Rays,R,5,3,Boston Red Sox,Tampa Bay Rays,Home,2,Greg Weissert,Mason Englert,Aroldis Chapman,Wilyer Abreu,Boston Red Sox,"2-4, 2 HR, 3 RBI",Mason Englert,Tampa Bay Rays,"5.0 IP, 4 K, 5 ER"
823524,2026-07-17,Yankee Stadium,New York Yankees,Los Angeles Dodgers,R,1,2,Los Angeles Dodgers,New York Yankees,Away,1,Jack Dreyer,Gerrit Cole,Tanner Scott,Ben Rice,New York Yankees,"2-4, 0 HR, 0 RBI",Gerrit Cole,New York Yankees,"6.0 IP, 8 K, 2 ER"
824901,2026-07-17,Truist Park,Atlanta Braves,Texas Rangers,R,15,1,Atlanta Braves,Texas Rangers,Home,14,Chris Sale,Cal Quantrill,,Drake Baldwin,Atlanta Braves,"3-4, 1 HR, 5 RBI",Chris Sale,Atlanta Braves,"7.0 IP, 6 K, 0 ER"
822789,2026-07-17,Rogers Centre,Toronto Blue Jays,Chicago White Sox,R,4,12,Chicago White Sox,Toronto Blue Jays,Away,8,Tyler Schweitzer,Spencer Miles,,Sam Antonacci,Chicago White Sox,"2-5, 1 HR, 2 RBI",Anthony Kay,Chicago White Sox,"4.0 IP, 5 K, 2 ER"
823766,2026-07-17,American Family Field,Milwaukee Brewers,Miami Marlins,R,2,1,Milwaukee Brewers,Miami Marlins,Home,1,Craig Yoho,Lake Bachar,,Joey Ortiz,Milwaukee Brewers,"2-4, 1 HR, 1 RBI",Sandy Alcantara,Miami Marlins,"6.0 IP, 7 K, 1 ER"
824655,2026-07-17,Wrigley Field,Chicago Cubs,Minnesota Twins,R,2,5,Minnesota Twins,Chicago Cubs,Away,3,Bailey Ober,Colin Rea,Yoendrys Gómez,Nico Hoerner,Chicago Cubs,"2-4, 0 HR, 0 RBI",Bailey Ober,Minnesota Twins,"5.1 IP, 7 K, 2 ER"
824170,2026-07-17,Daikin Park,Houston Astros,Baltimore Orioles,R,2,3,Baltimore Orioles,Houston Astros,Away,1,Cam Sanders,Bryan King,Tyler Wells,Yordan Alvarez,Houston Astros,"2-3, 0 HR, 1 RBI",Peter Lambert,Houston Astros,"6.0 IP, 10 K, 1 ER"
824090,2026-07-17,Kauffman Stadium,Kansas City Royals,San Diego Padres,R,7,6,Kansas City Royals,San Diego Padres,Home,1,Lucas Erceg,Kyle Hart,,Carter Jensen,Kansas City Royals,"3-5, 0 HR, 2 RBI",Michael King,San Diego Padres,"5.0 IP, 4 K, 1 ER"
824332,2026-07-17,Coors Field,Colorado Rockies,Cincinnati Reds,R,2,7,Cincinnati Reds,Colorado Rockies,Away,5,Brady Singer,Gabriel Hughes,,Elly De La Cruz,Cincinnati Reds,"4-5, 1 HR, 1 RBI",Gabriel Hughes,Colorado Rockies,"5.1 IP, 6 K, 2 ER"
824009,2026-07-17,Angel Stadium,Los Angeles Angels,Detroit Tigers,R,1,2,Detroit Tigers,Los Angeles Angels,Away,1,Keider Montero,Kirby Yates,,Zach Neto,Los Angeles Angels,"2-4, 0 HR, 0 RBI",Troy Melton,Detroit Tigers,"5.2 IP, 9 K, 1 ER"
824981,2026-07-17,Sutter Health Park,Athletics,Washington Nationals,R,4,23,Washington Nationals,Athletics,Away,19,Cade Cavalli,Gage Jump,,Andrés Chaparro,Washington Nationals,"4-5, 2 HR, 8 RBI",Cade Cavalli,Washington Nationals,"6.0 IP, 9 K, 2 ER"
825060,2026-07-17,Chase Field,Arizona Diamondbacks,St. Louis Cardinals,R,4,5,St. Louis Cardinals,Arizona Diamondbacks,Away,1,Luis Gastelum,Paul Sewald,Riley O'Brien,Tim Tawa,Arizona Diamondbacks,"2-4, 1 HR, 1 RBI",Michael McGreevy,St. Louis Cardinals,"6.1 IP, 5 K, 1 ER"
823115,2026-07-17,T-Mobile Park,Seattle Mariners,San Francisco Giants,R,0,7,San Francisco Giants,Seattle Mariners,Away,7,Landen Roupp,Bryce Miller,,Jung Hoo Lee,San Francisco Giants,"3-4, 0 HR, 0 RBI",Bryce Miller,Seattle Mariners,"5.2 IP, 6 K, 2 ER"
824414,2026-07-18,Progressive Field,Cleveland Guardians,Pittsburgh Pirates,R,0,0,Pittsburgh Pirates,Cleveland Guardians,Away,0,Jared Jones,Gavin Williams,,Jacob Gonzalez,Pittsburgh Pirates,"2-4, 1 HR, 2 RBI",Gavin Williams,Cleveland Guardians,"6.0 IP, 11 K, 5 ER"
824414,2026-07-18,Progressive Field,Cleveland Guardians,Pittsburgh Pirates,R,0,0,Pittsburgh Pirates,Cleveland Guardians,Away,0,Jared Jones,Gavin Williams,,Jacob Gonzalez,Pittsburgh Pirates,"2-4, 1 HR, 2 RBI",Gavin Williams,Cleveland Guardians,"6.0 IP, 11 K, 5 ER"
824412,2026-07-18,Progressive Field,Cleveland Guardians,Pittsburgh Pirates,R,5,3,Cleveland Guardians,Pittsburgh Pirates,Home,2,Cade Smith,Dennis Santana,,Steven Kwan,Cleveland Guardians,"3-4, 0 HR, 0 RBI",Khristian Curtis,Pittsburgh Pirates,"5.0 IP, 4 K, 0 ER"
824657,2026-07-18,Wrigley Field,Chicago Cubs,Minnesota Twins,R,6,2,Chicago Cubs,Minnesota Twins,Home,4,Matthew Boyd,Taj Bradley,,Nico Hoerner,Chicago Cubs,"4-4, 0 HR, 1 RBI",Taj Bradley,Minnesota Twins,"5.0 IP, 6 K, 5 ER"
823441,2026-07-18,Citizens Bank Park,Philadelphia Phillies,New York Mets,R,6,1,Philadelphia Phillies,New York Mets,Home,5,Jesús Luzardo,Sean Manaea,,Trea Turner,Philadelphia Phillies,"3-4, 1 HR, 1 RBI",Jesús Luzardo,Philadelphia Phillies,"5.0 IP, 7 K, 1 ER"
822790,2026-07-18,Rogers Centre,Toronto Blue Jays,Chicago White Sox,R,1,0,Toronto Blue Jays,Chicago White Sox,Home,1,Shane Bieber,Davis Martin,Louis Varland,Vladimir Guerrero Jr.,Toronto Blue Jays,"2-3, 0 HR, 0 RBI",Shane Bieber,Toronto Blue Jays,"6.0 IP, 6 K, 0 ER"
824331,2026-07-18,Coors Field,Colorado Rockies,Cincinnati Reds,R,10,3,Colorado Rockies,Cincinnati Reds,Home,7,Tomoyuki Sugano,Rhett Lowder,,TJ Rumfield,Colorado Rockies,"4-5, 1 HR, 4 RBI",Brennan Bernardino,Colorado Rockies,"1.0 IP, 3 K, 0 ER"
824169,2026-07-18,Daikin Park,Houston Astros,Baltimore Orioles,R,2,4,Baltimore Orioles,Houston Astros,Away,2,Andrew Kittredge,Enyel De Los Santos,Cam Sanders,Dylan Beavers,Baltimore Orioles,"2-3, 0 HR, 1 RBI",Trevor Rogers,Baltimore Orioles,"6.1 IP, 8 K, 1 ER"
824088,2026-07-18,Kauffman Stadium,Kansas City Royals,San Diego Padres,R,6,1,Kansas City Royals,San Diego Padres,Home,5,Daniel Lynch IV,Griffin Canning,,Lane Thomas,Kansas City Royals,"2-4, 1 HR, 2 RBI",Griffin Canning,San Diego Padres,"3.2 IP, 4 K, 4 ER"
825059,2026-07-18,Chase Field,Arizona Diamondbacks,St. Louis Cardinals,R,5,3,Arizona Diamondbacks,St. Louis Cardinals,Home,2,Brandon Pfaadt,Dustin May,Paul Sewald,Nolan Arenado,Arizona Diamondbacks,"2-4, 0 HR, 2 RBI",Dustin May,St. Louis Cardinals,"5.0 IP, 6 K, 5 ER"
824738,2026-07-18,Fenway Park,Boston Red Sox,Tampa Bay Rays,R,7,6,Boston Red Sox,Tampa Bay Rays,Home,1,Ryan Watson,Garrett Cleavinger,Aroldis Chapman,Wilyer Abreu,Boston Red Sox,"2-3, 2 HR, 3 RBI",Patrick Sandoval,Boston Red Sox,"5.0 IP, 5 K, 4 ER"
824899,2026-07-18,Truist Park,Atlanta Braves,Texas Rangers,R,6,7,Texas Rangers,Atlanta Braves,Away,1,MacKenzie Gore,Tyler Kinley,Jacob Latz,Evan Carter,Texas Rangers,"2-4, 1 HR, 2 RBI",MacKenzie Gore,Texas Rangers,"5.2 IP, 7 K, 5 ER"
823763,2026-07-18,American Family Field,Milwaukee Brewers,Miami Marlins,R,8,6,Milwaukee Brewers,Miami Marlins,Home,2,Shane Drohan,Calvin Faucher,Trevor Megill,Garrett Mitchell,Milwaukee Brewers,"3-5, 0 HR, 2 RBI",Shane Drohan,Milwaukee Brewers,"6.0 IP, 9 K, 3 ER"
823116,2026-07-18,T-Mobile Park,Seattle Mariners,San Francisco Giants,R,4,3,Seattle Mariners,San Francisco Giants,Home,1,José A. Ferrer,Dylan Smith,,Cole Young,Seattle Mariners,"2-4, 1 HR, 3 RBI",Bryan Woo,Seattle Mariners,"6.0 IP, 7 K, 2 ER"
824979,2026-07-18,Sutter Health Park,Athletics,Washington Nationals,R,15,1,Athletics,Washington Nationals,Home,14,J.T. Ginn,Zack Littell,,Jacob Wilson,Athletics,"3-6, 1 HR, 2 RBI",J.T. Ginn,Athletics,"6.1 IP, 7 K, 0 ER"
824008,2026-07-18,Angel Stadium,Los Angeles Angels,Detroit Tigers,R,0,7,Detroit Tigers,Los Angeles Angels,Away,7,Tarik Skubal,Grayson Rodriguez,,Colt Keith,Detroit Tigers,"4-4, 0 HR, 2 RBI",Tarik Skubal,Detroit Tigers,"7.0 IP, 9 K, 0 ER"
823523,2026-07-19,Yankee Stadium,New York Yankees,Los Angeles Dodgers,R,2,8,Los Angeles Dodgers,New York Yankees,Away,6,Yoshinobu Yamamoto,Cam Schlittler,,Tommy Edman,Los Angeles Dodgers,"2-4, 0 HR, 2 RBI",Cam Schlittler,New York Yankees,"4.1 IP, 8 K, 3 ER"
822786,2026-07-19,Rogers Centre,Toronto Blue Jays,Chicago White Sox,R,0,3,Chicago White Sox,Toronto Blue Jays,Away,3,Sean Burke,Trey Yesavage,Grant Taylor,Colson Montgomery,Chicago White Sox,"2-4, 1 HR, 1 RBI",Trey Yesavage,Toronto Blue Jays,"6.0 IP, 9 K, 3 ER"
823523,2026-07-19,Yankee Stadium,New York Yankees,Los Angeles Dodgers,R,2,8,Los Angeles Dodgers,New York Yankees,Away,6,Yoshinobu Yamamoto,Cam Schlittler,,Tommy Edman,Los Angeles Dodgers,"2-4, 0 HR, 2 RBI",Cam Schlittler,New York Yankees,"4.1 IP, 8 K, 3 ER"
823521,2026-07-19,Yankee Stadium,New York Yankees,Los Angeles Dodgers,R,2,1,New York Yankees,Los Angeles Dodgers,Home,1,David Bednar,Evan Phillips,,Cody Bellinger,New York Yankees,"2-3, 0 HR, 1 RBI",Brent Headrick,New York Yankees,"2.0 IP, 3 K, 0 ER"
824739,2026-07-19,Fenway Park,Boston Red Sox,Tampa Bay Rays,R,6,1,Boston Red Sox,Tampa Bay Rays,Home,5,Sonny Gray,Shane McClanahan,,Ceddanne Rafaela,Boston Red Sox,"2-4, 0 HR, 0 RBI",Sonny Gray,Boston Red Sox,"6.0 IP, 5 K, 1 ER"
823439,2026-07-19,Citizens Bank Park,Philadelphia Phillies,New York Mets,R,1,6,New York Mets,Philadelphia Phillies,Away,5,Nolan McLean,Alan Rangel,,Francisco Lindor,New York Mets,"3-3, 1 HR, 3 RBI",Nolan McLean,New York Mets,"6.0 IP, 10 K, 0 ER"
824897,2026-07-19,Truist Park,Atlanta Braves,Texas Rangers,R,8,5,Atlanta Braves,Texas Rangers,Home,3,Grant Holmes,Nathan Eovaldi,,Drake Baldwin,Atlanta Braves,"5-5, 2 HR, 2 RBI",Robby Ahlstrom,Texas Rangers,"1.0 IP, 3 K, 0 ER"
824411,2026-07-19,Progressive Field,Cleveland Guardians,Pittsburgh Pirates,R,1,7,Pittsburgh Pirates,Cleveland Guardians,Away,6,Paul Skenes,Joey Cantillo,,Billy Cook,Pittsburgh Pirates,"3-4, 0 HR, 2 RBI",Paul Skenes,Pittsburgh Pirates,"7.0 IP, 8 K, 1 ER"
824168,2026-07-19,Daikin Park,Houston Astros,Baltimore Orioles,R,2,5,Baltimore Orioles,Houston Astros,Away,3,Brandon Young,Hunter Brown,Grant Wolfram,Jose Altuve,Houston Astros,"2-4, 1 HR, 1 RBI",Brandon Young,Baltimore Orioles,"7.0 IP, 7 K, 1 ER"
824086,2026-07-19,Kauffman Stadium,Kansas City Royals,San Diego Padres,R,2,19,San Diego Padres,Kansas City Royals,Away,17,Yuki Matsui,Noah Cameron,,Jackson Merrill,San Diego Padres,"4-6, 2 HR, 4 RBI",Yuki Matsui,San Diego Padres,"2.0 IP, 3 K, 0 ER"
823764,2026-07-19,American Family Field,Milwaukee Brewers,Miami Marlins,R,3,1,Milwaukee Brewers,Miami Marlins,Home,2,Grant Anderson,Pete Fairbanks,,Heriberto Hernández,Miami Marlins,"2-4, 0 HR, 0 RBI",Eury Pérez,Miami Marlins,"6.0 IP, 9 K, 0 ER"
824653,2026-07-19,Wrigley Field,Chicago Cubs,Minnesota Twins,R,10,1,Chicago Cubs,Minnesota Twins,Home,9,Shota Imanaga,Zebby Matthews,,Michael Busch,Chicago Cubs,"3-5, 0 HR, 1 RBI",Shota Imanaga,Chicago Cubs,"7.0 IP, 4 K, 0 ER"
824330,2026-07-19,Coors Field,Colorado Rockies,Cincinnati Reds,R,6,9,Cincinnati Reds,Colorado Rockies,Away,3,Hunter Greene,Ryan Feltner,,Hunter Goodman,Colorado Rockies,"3-4, 3 HR, 5 RBI",Hunter Greene,Cincinnati Reds,"6.0 IP, 7 K, 3 ER"
824978,2026-07-19,Sutter Health Park,Athletics,Washington Nationals,R,2,5,Washington Nationals,Athletics,Away,3,Foster Griffin,Jacob Lopez,Clayton Beeter,CJ Abrams,Washington Nationals,"2-4, 1 HR, 2 RBI",Jacob Lopez,Athletics,"4.1 IP, 6 K, 2 ER"
824007,2026-07-19,Angel Stadium,Los Angeles Angels,Detroit Tigers,R,3,2,Los Angeles Angels,Detroit Tigers,Home,1,Ryan Johnson,Drew Anderson,Ryan Zeferjahn,Nolan Schanuel,Los Angeles Angels,"3-5, 0 HR, 0 RBI",Ryan Johnson,Los Angeles Angels,"5.0 IP, 5 K, 1 ER"
823113,2026-07-19,T-Mobile Park,Seattle Mariners,San Francisco Giants,R,6,3,Seattle Mariners,San Francisco Giants,Home,3,Logan Gilbert,Adrian Houser,Andrés Muñoz,Cole Young,Seattle Mariners,"3-4, 1 HR, 2 RBI",Logan Gilbert,Seattle Mariners,"6.0 IP, 10 K, 3 ER"
825057,2026-07-19,Chase Field,Arizona Diamondbacks,St. Louis Cardinals,R,8,7,Arizona Diamondbacks,St. Louis Cardinals,Home,1,Juan Morillo,Luis Gastelum,,Blaze Jordan,St. Louis Cardinals,"3-5, 0 HR, 3 RBI",Eduardo Rodriguez,Arizona Diamondbacks,"2.2 IP, 3 K, 5 ER"
824410,2026-07-20,Progressive Field,Cleveland Guardians,Minnesota Twins,R,13,4,Cleveland Guardians,Minnesota Twins,Home,9,Tanner Bibee,Joe Ryan,,Patrick Bailey,Cleveland Guardians,"4-5, 1 HR, 2 RBI",Tanner Bibee,Cleveland Guardians,"6.0 IP, 5 K, 2 ER"
823522,2026-07-20,Yankee Stadium,New York Yankees,Pittsburgh Pirates,R,8,5,New York Yankees,Pittsburgh Pirates,Home,3,Angel Chivilli,Braxton Ashcraft,Fernando Cruz,Jazz Chisholm Jr.,New York Yankees,"2-4, 2 HR, 5 RBI",Ryan Weathers,New York Yankees,"4.2 IP, 5 K, 5 ER"
822788,2026-07-20,Rogers Centre,Toronto Blue Jays,Tampa Bay Rays,R,1,7,Tampa Bay Rays,Toronto Blue Jays,Away,6,Nick Martinez,Dylan Cease,,Junior Caminero,Tampa Bay Rays,"3-4, 0 HR, 2 RBI",Dylan Cease,Toronto Blue Jays,"6.0 IP, 7 K, 3 ER"
824736,2026-07-20,Fenway Park,Boston Red Sox,Baltimore Orioles,R,6,5,Boston Red Sox,Baltimore Orioles,Home,1,Garrett Whitlock,Tyler Wells,Aroldis Chapman,Willson Contreras,Boston Red Sox,"3-4, 0 HR, 2 RBI",Payton Tolle,Boston Red Sox,"5.2 IP, 9 K, 4 ER"
823436,2026-07-20,Citizens Bank Park,Philadelphia Phillies,Los Angeles Dodgers,R,10,7,Philadelphia Phillies,Los Angeles Dodgers,Home,3,Cristopher Sánchez,Emmet Sheehan,,Mookie Betts,Los Angeles Dodgers,"4-5, 2 HR, 3 RBI",Cristopher Sánchez,Philadelphia Phillies,"5.1 IP, 7 K, 2 ER"
824898,2026-07-20,Truist Park,Atlanta Braves,San Diego Padres,R,3,2,Atlanta Braves,San Diego Padres,Home,1,Bryce Elder,JP Sears,Victor Mederos,Ozzie Albies,Atlanta Braves,"2-4, 1 HR, 1 RBI",Bryce Elder,Atlanta Braves,"6.0 IP, 4 K, 2 ER"
824087,2026-07-20,Kauffman Stadium,Kansas City Royals,San Francisco Giants,R,4,3,Kansas City Royals,San Francisco Giants,Home,1,Alex Lange,Caleb Kilian,,Isaac Collins,Kansas City Royals,"2-3, 0 HR, 1 RBI",Michael Wacha,Kansas City Royals,"6.0 IP, 5 K, 1 ER"
823762,2026-07-20,American Family Field,Milwaukee Brewers,New York Mets,R,8,3,Milwaukee Brewers,New York Mets,Home,5,Craig Yoho,Freddy Peralta,,Cooper Pratt,Milwaukee Brewers,"3-4, 1 HR, 1 RBI",Jacob Misiorowski,Milwaukee Brewers,"4.0 IP, 6 K, 0 ER"
824654,2026-07-20,Wrigley Field,Chicago Cubs,Detroit Tigers,R,6,8,Detroit Tigers,Chicago Cubs,Away,2,Kenley Jansen,Trent Thornton,Tyler Holton,Dillon Dingler,Detroit Tigers,"4-5, 2 HR, 3 RBI",Jameson Taillon,Chicago Cubs,"4.1 IP, 6 K, 4 ER"
822874,2026-07-20,Globe Life Field,Texas Rangers,Chicago White Sox,R,3,10,Chicago White Sox,Texas Rangers,Away,7,Chris Murphy,Jacob deGrom,,Miguel Vargas,Chicago White Sox,"3-5, 0 HR, 2 RBI",Jacob deGrom,Texas Rangers,"4.2 IP, 6 K, 5 ER"
824167,2026-07-20,Daikin Park,Houston Astros,Miami Marlins,R,8,5,Houston Astros,Miami Marlins,Home,3,Enyel De Los Santos,Janson Junk,,Yordan Alvarez,Houston Astros,"3-4, 2 HR, 2 RBI",Ronel Blanco,Houston Astros,"4.2 IP, 8 K, 4 ER"
824328,2026-07-20,Coors Field,Colorado Rockies,Washington Nationals,R,3,7,Washington Nationals,Colorado Rockies,Away,4,Riley Cornelio,Kyle Freeland,Tom Cosgrove,Jacob Young,Washington Nationals,"3-4, 1 HR, 1 RBI",Kyle Freeland,Colorado Rockies,"6.0 IP, 4 K, 4 ER"
825058,2026-07-20,Chase Field,Arizona Diamondbacks,Athletics,R,2,5,Athletics,Arizona Diamondbacks,Away,3,Luis Medina,Kevin Ginkel,Hogan Harris,Tommy White,Athletics,"4-5, 0 HR, 0 RBI",Mitch Bratt,Arizona Diamondbacks,"4.2 IP, 4 K, 2 ER"
823112,2026-07-20,T-Mobile Park,Seattle Mariners,Cincinnati Reds,R,8,0,Seattle Mariners,Cincinnati Reds,Home,8,George Kirby,Andrew Abbott,,Victor Robles,Seattle Mariners,"4-4, 0 HR, 0 RBI",George Kirby,Seattle Mariners,"6.0 IP, 6 K, 0 ER"
824006,2026-07-20,Angel Stadium,Los Angeles Angels,St. Louis Cardinals,R,3,2,Los Angeles Angels,St. Louis Cardinals,Home,1,José Fermin,Riley O'Brien,,Jo Adell,Los Angeles Angels,"2-3, 1 HR, 2 RBI",José Soriano,Los Angeles Angels,"7.0 IP, 7 K, 2 ER"
824409,2026-07-21,Progressive Field,Cleveland Guardians,Minnesota Twins,R,5,2,Cleveland Guardians,Minnesota Twins,Home,3,Colin Holderman,Mike Paredes,Cade Smith,Brayan Rocchio,Cleveland Guardians,"2-4, 0 HR, 1 RBI",Parker Messick,Cleveland Guardians,"5.2 IP, 6 K, 1 ER"
823437,2026-07-21,Citizens Bank Park,Philadelphia Phillies,Los Angeles Dodgers,R,1,2,Los Angeles Dodgers,Philadelphia Phillies,Away,1,Justin Wrobleski,Zack Wheeler,Tanner Scott,Alec Bohm,Philadelphia Phillies,"3-4, 0 HR, 1 RBI",Zack Wheeler,Philadelphia Phillies,"7.0 IP, 9 K, 2 ER"
822787,2026-07-21,Rogers Centre,Toronto Blue Jays,Tampa Bay Rays,R,2,12,Tampa Bay Rays,Toronto Blue Jays,Away,10,Drew Rasmussen,Kevin Gausman,,Chandler Simpson,Tampa Bay Rays,"4-5, 0 HR, 1 RBI",Drew Rasmussen,Tampa Bay Rays,"5.0 IP, 5 K, 2 ER"
824895,2026-07-21,Truist Park,Atlanta Braves,San Diego Padres,R,3,8,San Diego Padres,Atlanta Braves,Away,5,Walker Buehler,Reynaldo López,,Fernando Tatis Jr.,San Diego Padres,"3-5, 1 HR, 3 RBI",Reynaldo López,Atlanta Braves,"4.1 IP, 6 K, 5 ER"
824085,2026-07-21,Kauffman Stadium,Kansas City Royals,San Francisco Giants,R,3,2,Kansas City Royals,San Francisco Giants,Home,1,Luinder Avila,Tyler Mahle,Alex Lange,Nick Loftin,Kansas City Royals,"2-4, 0 HR, 1 RBI",Luinder Avila,Kansas City Royals,"6.1 IP, 7 K, 2 ER"
823760,2026-07-21,American Family Field,Milwaukee Brewers,New York Mets,R,0,4,New York Mets,Milwaukee Brewers,Away,4,Zac Thornton,Brandon Sproat,,Francisco Lindor,New York Mets,"3-4, 0 HR, 0 RBI",Brandon Sproat,Milwaukee Brewers,"4.2 IP, 4 K, 2 ER"
824652,2026-07-21,Wrigley Field,Chicago Cubs,Detroit Tigers,R,11,2,Chicago Cubs,Detroit Tigers,Home,9,David Peterson,Framber Valdez,,Dillon Dingler,Detroit Tigers,"2-3, 1 HR, 2 RBI",Ty Madden,Detroit Tigers,"3.1 IP, 5 K, 1 ER"
822871,2026-07-21,Globe Life Field,Texas Rangers,Chicago White Sox,R,10,0,Texas Rangers,Chicago White Sox,Home,10,Kumar Rocker,Noah Schultz,Marco Gonzales,Brandon Nimmo,Texas Rangers,"4-4, 1 HR, 2 RBI",Kumar Rocker,Texas Rangers,"6.0 IP, 6 K, 0 ER"
824165,2026-07-21,Daikin Park,Houston Astros,Miami Marlins,R,5,3,Houston Astros,Miami Marlins,Home,2,Tatsuya Imai,Tyler Phillips,Josh Hader,Isaac Paredes,Houston Astros,"2-4, 1 HR, 3 RBI",Tatsuya Imai,Houston Astros,"6.0 IP, 8 K, 1 ER"
824329,2026-07-21,Coors Field,Colorado Rockies,Washington Nationals,R,8,7,Colorado Rockies,Washington Nationals,Home,1,Juan Mejia,Clayton Beeter,Jordan Romano,Cole Carrigg,Colorado Rockies,"3-5, 0 HR, 1 RBI",Michael Lorenzen,Colorado Rockies,"3.2 IP, 5 K, 6 ER"
824005,2026-07-21,Angel Stadium,Los Angeles Angels,St. Louis Cardinals,R,5,1,Los Angeles Angels,St. Louis Cardinals,Home,4,Walbert Ureña,Matthew Liberatore,,Alec Burleson,St. Louis Cardinals,"3-4, 0 HR, 0 RBI",Matthew Liberatore,St. Louis Cardinals,"5.1 IP, 7 K, 5 ER"
825056,2026-07-21,Chase Field,Arizona Diamondbacks,Athletics,R,6,5,Arizona Diamondbacks,Athletics,Home,1,Kevin Ginkel,Luis Medina,,Max Kepler,Arizona Diamondbacks,"2-3, 1 HR, 3 RBI",Kohl Drake,Arizona Diamondbacks,"5.0 IP, 5 K, 1 ER"
823114,2026-07-21,T-Mobile Park,Seattle Mariners,Cincinnati Reds,R,2,4,Cincinnati Reds,Seattle Mariners,Away,2,Chase Burns,Luis Castillo,Emilio Pagán,Josh Naylor,Seattle Mariners,"3-4, 0 HR, 0 RBI",Chase Burns,Cincinnati Reds,"5.0 IP, 6 K, 0 ER"
823519,2026-07-22,Yankee Stadium,New York Yankees,Pittsburgh Pirates,R,2,0,New York Yankees,Pittsburgh Pirates,Home,2,Paul Blackburn,Brandon Eisert,Tim Hill,Nick Gonzales,Pittsburgh Pirates,"2-4, 0 HR, 0 RBI",Max Fried,New York Yankees,"5.0 IP, 7 K, 0 ER"
824735,2026-07-22,Fenway Park,Boston Red Sox,Baltimore Orioles,R,0,0,Baltimore Orioles,Boston Red Sox,Away,0,Jake Bennett,Dean Kremer,Aroldis Chapman,Christian Encarnacion-Strand,Baltimore Orioles,"3-4, 1 HR, 2 RBI",Dean Kremer,Baltimore Orioles,"6.0 IP, 5 K, 6 ER"
823518,2026-07-22,Yankee Stadium,New York Yankees,Pittsburgh Pirates,R,3,5,Pittsburgh Pirates,New York Yankees,Away,2,Mason Montgomery,Fernando Cruz,Gregory Soto,Nick Gonzales,Pittsburgh Pirates,"2-4, 1 HR, 1 RBI",Gerrit Cole,New York Yankees,"7.0 IP, 11 K, 3 ER"
823519,2026-07-22,Yankee Stadium,New York Yankees,Pittsburgh Pirates,R,2,0,New York Yankees,Pittsburgh Pirates,Home,2,Paul Blackburn,Brandon Eisert,Tim Hill,Nick Gonzales,Pittsburgh Pirates,"2-4, 0 HR, 0 RBI",Max Fried,New York Yankees,"5.0 IP, 7 K, 0 ER"
824735,2026-07-22,Fenway Park,Boston Red Sox,Baltimore Orioles,R,0,0,Baltimore Orioles,Boston Red Sox,Away,0,Jake Bennett,Dean Kremer,Aroldis Chapman,Christian Encarnacion-Strand,Baltimore Orioles,"3-4, 1 HR, 2 RBI",Dean Kremer,Baltimore Orioles,"6.0 IP, 5 K, 6 ER"
824732,2026-07-22,Fenway Park,Boston Red Sox,Baltimore Orioles,R,1,5,Baltimore Orioles,Boston Red Sox,Away,4,Kyle Bradish,Eduardo Rivera,,Dylan Beavers,Baltimore Orioles,"2-4, 0 HR, 2 RBI",Brayan Bello,Boston Red Sox,"5.1 IP, 5 K, 0 ER"
824083,2026-07-22,Kauffman Stadium,Kansas City Royals,San Francisco Giants,R,5,4,Kansas City Royals,San Francisco Giants,Home,1,Seth Lugo,Sam Hentges,Steven Cruz,Michael Massey,Kansas City Royals,"2-4, 0 HR, 0 RBI",Landen Roupp,San Francisco Giants,"6.0 IP, 7 K, 2 ER"
823761,2026-07-22,American Family Field,Milwaukee Brewers,New York Mets,R,4,3,Milwaukee Brewers,New York Mets,Home,1,Logan Henderson,Christian Scott,Trevor Megill,Joey Ortiz,Milwaukee Brewers,"3-3, 0 HR, 2 RBI",Logan Henderson,Milwaukee Brewers,"5.0 IP, 9 K, 2 ER"
824327,2026-07-22,Coors Field,Colorado Rockies,Washington Nationals,R,0,8,Washington Nationals,Colorado Rockies,Away,8,Cade Cavalli,Gabriel Hughes,,CJ Abrams,Washington Nationals,"4-5, 0 HR, 0 RBI",Cade Cavalli,Washington Nationals,"6.0 IP, 8 K, 0 ER"
825055,2026-07-22,Chase Field,Arizona Diamondbacks,Athletics,R,15,5,Arizona Diamondbacks,Athletics,Home,10,Merrill Kelly,Gage Jump,,James McCann,Arizona Diamondbacks,"3-4, 1 HR, 3 RBI",Gage Jump,Athletics,"4.2 IP, 5 K, 6 ER"
823110,2026-07-22,T-Mobile Park,Seattle Mariners,Cincinnati Reds,R,3,5,Cincinnati Reds,Seattle Mariners,Away,2,Brady Singer,Eduard Bazardo,Emilio Pagán,Dane Myers,Cincinnati Reds,"2-4, 0 HR, 1 RBI",Brady Singer,Cincinnati Reds,"6.2 IP, 6 K, 3 ER"
824004,2026-07-22,Angel Stadium,Los Angeles Angels,St. Louis Cardinals,R,0,1,St. Louis Cardinals,Los Angeles Angels,Away,1,Hunter Dobbins,Reid Detmers,Riley O'Brien,Wade Meckler,Los Angeles Angels,"2-3, 0 HR, 0 RBI",Reid Detmers,Los Angeles Angels,"5.1 IP, 6 K, 1 ER"
824408,2026-07-22,Progressive Field,Cleveland Guardians,Minnesota Twins,R,6,10,Minnesota Twins,Cleveland Guardians,Away,4,Travis Adams,Slade Cecconi,,Kyle Manzardo,Cleveland Guardians,"3-5, 1 HR, 2 RBI",Slade Cecconi,Cleveland Guardians,"4.2 IP, 5 K, 3 ER"
823438,2026-07-22,Citizens Bank Park,Philadelphia Phillies,Los Angeles Dodgers,R,5,9,Los Angeles Dodgers,Philadelphia Phillies,Away,4,Eric Lauer,Aaron Nola,,Tommy Edman,Los Angeles Dodgers,"3-4, 0 HR, 3 RBI",Eric Lauer,Los Angeles Dodgers,"5.1 IP, 5 K, 3 ER"
822784,2026-07-22,Rogers Centre,Toronto Blue Jays,Tampa Bay Rays,R,2,4,Tampa Bay Rays,Toronto Blue Jays,Away,2,Griffin Jax,Jeff Hoffman,Bryan Baker,Alejandro Kirk,Toronto Blue Jays,"2-3, 1 HR, 1 RBI",Griffin Jax,Tampa Bay Rays,"6.0 IP, 5 K, 1 ER"
824896,2026-07-22,Truist Park,Atlanta Braves,San Diego Padres,R,7,6,Atlanta Braves,San Diego Padres,Home,1,Dylan Lee,Wandy Peralta,Raisel Iglesias,Jackson Merrill,San Diego Padres,"2-4, 1 HR, 1 RBI",Michael King,San Diego Padres,"6.0 IP, 7 K, 1 ER"
822873,2026-07-22,Globe Life Field,Texas Rangers,Chicago White Sox,R,2,4,Chicago White Sox,Texas Rangers,Away,2,Anthony Kay,Cal Quantrill,Bryan Hudson,Chase Meidroth,Chicago White Sox,"4-4, 0 HR, 2 RBI",Grant Taylor,Chicago White Sox,"2.0 IP, 5 K, 0 ER"
824650,2026-07-22,Wrigley Field,Chicago Cubs,Detroit Tigers,R,1,5,Detroit Tigers,Chicago Cubs,Away,4,Keider Montero,Colin Rea,,Spencer Torkelson,Detroit Tigers,"2-3, 1 HR, 1 RBI",Keider Montero,Detroit Tigers,"5.1 IP, 8 K, 1 ER"
824166,2026-07-22,Daikin Park,Houston Astros,Miami Marlins,R,5,2,Houston Astros,Miami Marlins,Home,3,Steven Okert,Sandy Alcantara,Bryan Abreu,Jeremy Peña,Houston Astros,"3-4, 1 HR, 1 RBI",Peter Lambert,Houston Astros,"6.0 IP, 3 K, 2 ER"
824893,2026-07-23,Truist Park,Atlanta Braves,San Diego Padres,R,6,5,Atlanta Braves,San Diego Padres,Home,1,Chris Sale,Griffin Canning,Raisel Iglesias,Michael Harris II,Atlanta Braves,"2-4, 1 HR, 1 RBI",Chris Sale,Atlanta Braves,"6.0 IP, 11 K, 3 ER"
824406,2026-07-23,Progressive Field,Cleveland Guardians,Minnesota Twins,R,1,3,Minnesota Twins,Cleveland Guardians,Away,2,Taylor Rogers,Erik Sabrowski,Jack Anderson,Steven Kwan,Cleveland Guardians,"2-4, 0 HR, 0 RBI",Gavin Williams,Cleveland Guardians,"7.0 IP, 11 K, 0 ER"
822785,2026-07-23,Rogers Centre,Toronto Blue Jays,Tampa Bay Rays,R,3,1,Toronto Blue Jays,Tampa Bay Rays,Home,2,Shane Bieber,Ian Seymour,Louis Varland,George Springer,Toronto Blue Jays,"2-3, 0 HR, 1 RBI",Ian Seymour,Tampa Bay Rays,"6.0 IP, 7 K, 2 ER"
823042,2026-07-23,Busch Stadium,St. Louis Cardinals,Arizona Diamondbacks,R,6,10,Arizona Diamondbacks,St. Louis Cardinals,Away,4,Brandon Pfaadt,Michael McGreevy,,Tyler Locklear,Arizona Diamondbacks,"3-5, 1 HR, 3 RBI",Michael McGreevy,St. Louis Cardinals,"6.1 IP, 3 K, 4 ER"
824247,2026-07-23,Comerica Park,Detroit Tigers,Kansas City Royals,R,4,3,Detroit Tigers,Kansas City Royals,Home,1,Drew Anderson,Steven Cruz,Kyle Finnegan,Dillon Dingler,Detroit Tigers,"2-3, 0 HR, 1 RBI",Troy Melton,Detroit Tigers,"5.0 IP, 5 K, 2 ER"
823759,2026-07-24,American Family Field,Milwaukee Brewers,Colorado Rockies,R,2,5,Colorado Rockies,Milwaukee Brewers,Away,3,Tomoyuki Sugano,Shane Drohan,Jordan Romano,Brice Turang,Milwaukee Brewers,"3-4, 1 HR, 1 RBI",Shane Drohan,Milwaukee Brewers,"6.0 IP, 6 K, 5 ER"
824248,2026-07-24,Comerica Park,Detroit Tigers,Kansas City Royals,R,2,1,Detroit Tigers,Kansas City Royals,Home,1,Tarik Skubal,Beck Way,Kenley Jansen,Hao-Yu Lee,Detroit Tigers,"2-3, 0 HR, 1 RBI",Tarik Skubal,Detroit Tigers,"7.1 IP, 12 K, 1 ER"
823352,2026-07-24,PNC Park,Pittsburgh Pirates,Chicago Cubs,R,2,3,Chicago Cubs,Pittsburgh Pirates,Away,1,Caleb Thielbar,Yohan Ramírez,Gavin Hollowell,Pete Crow-Armstrong,Chicago Cubs,"2-4, 1 HR, 1 RBI",Jared Jones,Pittsburgh Pirates,"6.0 IP, 5 K, 1 ER"
822707,2026-07-24,Nationals Park,Washington Nationals,Arizona Diamondbacks,R,2,3,Arizona Diamondbacks,Washington Nationals,Away,1,Eduardo Rodriguez,Zack Littell,Paul Sewald,Dylan Crews,Washington Nationals,"2-4, 1 HR, 2 RBI",Zack Littell,Washington Nationals,"5.0 IP, 5 K, 1 ER"
823434,2026-07-24,Citizens Bank Park,Philadelphia Phillies,New York Yankees,R,0,1,New York Yankees,Philadelphia Phillies,Away,1,Cam Schlittler,Jesús Luzardo,David Bednar,J.T. Realmuto,Philadelphia Phillies,"2-3, 0 HR, 0 RBI",Cam Schlittler,New York Yankees,"7.1 IP, 12 K, 0 ER"
824812,2026-07-24,Oriole Park at Camden Yards,Baltimore Orioles,Atlanta Braves,R,6,7,Atlanta Braves,Baltimore Orioles,Away,1,Elieser Hernández,Andrew Kittredge,,Christian Encarnacion-Strand,Baltimore Orioles,"2-4, 1 HR, 4 RBI",Trevor Rogers,Baltimore Orioles,"7.0 IP, 6 K, 2 ER"
823601,2026-07-24,Citi Field,New York Mets,Los Angeles Dodgers,R,2,4,Los Angeles Dodgers,New York Mets,Away,2,Roki Sasaki,Brooks Raley,Tanner Scott,Freddie Freeman,Los Angeles Dodgers,"3-4, 0 HR, 0 RBI",Roki Sasaki,Los Angeles Dodgers,"7.0 IP, 9 K, 1 ER"
822952,2026-07-24,Tropicana Field,Tampa Bay Rays,Cleveland Guardians,R,11,3,Tampa Bay Rays,Cleveland Guardians,Home,8,Shane McClanahan,Joey Cantillo,Chris Roycroft,Nick Fortes,Tampa Bay Rays,"4-4, 0 HR, 2 RBI",Joey Cantillo,Cleveland Guardians,"3.2 IP, 4 K, 5 ER"
823843,2026-07-24,loanDepot park,Miami Marlins,San Diego Padres,R,2,4,San Diego Padres,Miami Marlins,Away,2,Adrian Morejon,Tyler Zuber,Mason Miller,Heriberto Hernández,Miami Marlins,"2-4, 1 HR, 1 RBI",Ryan Gusto,Miami Marlins,"3.1 IP, 4 K, 1 ER"
824733,2026-07-24,Fenway Park,Boston Red Sox,Toronto Blue Jays,R,6,4,Boston Red Sox,Toronto Blue Jays,Home,2,Garrett Whitlock,CJ Van Eyk,Aroldis Chapman,Anthony Seigler,Boston Red Sox,"4-5, 1 HR, 2 RBI",Trey Yesavage,Toronto Blue Jays,"4.0 IP, 9 K, 3 ER"
824573,2026-07-24,Rate Field,Chicago White Sox,Houston Astros,R,5,9,Houston Astros,Chicago White Sox,Away,4,Kai-Wei Teng,Bryan Hudson,,Braden Montgomery,Chicago White Sox,"3-5, 0 HR, 1 RBI",Davis Martin,Chicago White Sox,"5.0 IP, 3 K, 4 ER"
822872,2026-07-24,Globe Life Field,Texas Rangers,Seattle Mariners,R,5,4,Texas Rangers,Seattle Mariners,Home,1,Peyton Gray,Bryce Miller,Jacob Latz,Cole Young,Seattle Mariners,"3-4, 0 HR, 0 RBI",MacKenzie Gore,Texas Rangers,"5.0 IP, 5 K, 3 ER"
823680,2026-07-24,Target Field,Minnesota Twins,Athletics,R,0,2,Athletics,Minnesota Twins,Away,2,Jacob Lopez,Zebby Matthews,Hogan Harris,Tyler Soderstrom,Athletics,"1-3, 0 HR, 1 RBI",Jacob Lopez,Athletics,"5.0 IP, 4 K, 0 ER"
823031,2026-07-24,Busch Stadium,St. Louis Cardinals,Cincinnati Reds,R,2,4,Cincinnati Reds,St. Louis Cardinals,Away,2,Julian Garcia,George Soriano,Emilio Pagán,Eugenio Suárez,Cincinnati Reds,"2-4, 1 HR, 2 RBI",Dustin May,St. Louis Cardinals,"6.0 IP, 8 K, 1 ER"
823196,2026-07-24,Oracle Park,San Francisco Giants,Los Angeles Angels,R,7,6,San Francisco Giants,Los Angeles Angels,Home,1,Caleb Kilian,Chase Silseth,,Luis Arraez,San Francisco Giants,"3-5, 0 HR, 0 RBI",Logan Webb,San Francisco Giants,"6.0 IP, 4 K, 4 ER"
824244,2026-07-25,Comerica Park,Detroit Tigers,Kansas City Royals,R,2,3,Kansas City Royals,Detroit Tigers,Away,1,Daniel Lynch IV,Jacob Waguespack,Alex Lange,Vinnie Pasquantino,Kansas City Royals,"3-4, 0 HR, 0 RBI",Casey Mize,Detroit Tigers,"6.0 IP, 3 K, 1 ER"
822704,2026-07-25,Nationals Park,Washington Nationals,Arizona Diamondbacks,R,5,3,Washington Nationals,Arizona Diamondbacks,Home,2,Foster Griffin,Mitch Bratt,Clayton Beeter,CJ Abrams,Washington Nationals,"3-4, 1 HR, 3 RBI",Mitch Bratt,Arizona Diamondbacks,"5.0 IP, 3 K, 5 ER"
823197,2026-07-25,Oracle Park,San Francisco Giants,Los Angeles Angels,R,9,2,San Francisco Giants,Los Angeles Angels,Home,7,Robbie Ray,Ryan Johnson,,Rafael Devers,San Francisco Giants,"3-4, 1 HR, 4 RBI",Robbie Ray,San Francisco Giants,"6.0 IP, 5 K, 0 ER"
824734,2026-07-25,Fenway Park,Boston Red Sox,Toronto Blue Jays,R,0,6,Toronto Blue Jays,Boston Red Sox,Away,6,Dylan Cease,Sonny Gray,,Vladimir Guerrero Jr.,Toronto Blue Jays,"3-4, 0 HR, 2 RBI",Dylan Cease,Toronto Blue Jays,"9.0 IP, 12 K, 0 ER"
823841,2026-07-25,loanDepot park,Miami Marlins,San Diego Padres,R,2,7,San Diego Padres,Miami Marlins,Away,5,JP Sears,Eury Pérez,,Jackson Merrill,San Diego Padres,"3-4, 0 HR, 0 RBI",JP Sears,San Diego Padres,"3.1 IP, 3 K, 0 ER"
823435,2026-07-25,Citizens Bank Park,Philadelphia Phillies,New York Yankees,R,1,3,New York Yankees,Philadelphia Phillies,Away,2,Ryan Weathers,Kyle Backhus,David Bednar,Cody Bellinger,New York Yankees,"2-4, 0 HR, 1 RBI",Ryan Weathers,New York Yankees,"5.2 IP, 7 K, 1 ER"
822948,2026-07-25,Tropicana Field,Tampa Bay Rays,Cleveland Guardians,R,3,0,Tampa Bay Rays,Cleveland Guardians,Home,3,Nick Martinez,Tanner Bibee,Bryan Baker,Chandler Simpson,Tampa Bay Rays,"2-4, 0 HR, 0 RBI",Nick Martinez,Tampa Bay Rays,"6.0 IP, 5 K, 0 ER"
823355,2026-07-25,PNC Park,Pittsburgh Pirates,Chicago Cubs,R,0,11,Chicago Cubs,Pittsburgh Pirates,Away,11,Shota Imanaga,Paul Skenes,Javier Assad,Pete Crow-Armstrong,Chicago Cubs,"4-5, 1 HR, 3 RBI",Paul Skenes,Pittsburgh Pirates,"5.1 IP, 11 K, 5 ER"
824811,2026-07-25,Oriole Park at Camden Yards,Baltimore Orioles,Atlanta Braves,R,3,2,Baltimore Orioles,Atlanta Braves,Home,1,Yennier Cano,Didier Fuentes,,Dylan Beavers,Baltimore Orioles,"2-4, 0 HR, 1 RBI",Bryce Elder,Atlanta Braves,"5.0 IP, 8 K, 1 ER"
823679,2026-07-25,Target Field,Minnesota Twins,Athletics,R,2,0,Minnesota Twins,Athletics,Home,2,Taylor Rogers,Mason Barnett,Yoendrys Gómez,Victor Caratini,Minnesota Twins,"2-3, 0 HR, 0 RBI",Kendry Rojas,Minnesota Twins,"4.0 IP, 5 K, 0 ER"
824571,2026-07-25,Rate Field,Chicago White Sox,Houston Astros,R,1,4,Houston Astros,Chicago White Sox,Away,3,Hunter Brown,Sean Burke,Josh Hader,Jeremy Peña,Houston Astros,"3-4, 0 HR, 0 RBI",Sean Burke,Chicago White Sox,"6.0 IP, 10 K, 2 ER"
823758,2026-07-25,American Family Field,Milwaukee Brewers,Colorado Rockies,R,8,5,Milwaukee Brewers,Colorado Rockies,Home,3,Robert Gasser,Ryan Feltner,Trevor Megill,Cooper Pratt,Milwaukee Brewers,"3-3, 1 HR, 3 RBI",Robert Gasser,Milwaukee Brewers,"6.0 IP, 4 K, 2 ER"
823600,2026-07-25,Citi Field,New York Mets,Los Angeles Dodgers,R,3,4,Los Angeles Dodgers,New York Mets,Away,1,Yoshinobu Yamamoto,Nolan McLean,Brock Stewart,Freddie Freeman,Los Angeles Dodgers,"3-4, 0 HR, 0 RBI",Nolan McLean,New York Mets,"6.0 IP, 7 K, 2 ER"
823027,2026-07-25,Busch Stadium,St. Louis Cardinals,Cincinnati Reds,R,7,0,St. Louis Cardinals,Cincinnati Reds,Home,7,Andre Pallante,Hunter Greene,,Alec Burleson,St. Louis Cardinals,"3-4, 0 HR, 1 RBI",Andre Pallante,St. Louis Cardinals,"7.0 IP, 8 K, 0 ER"
822869,2026-07-25,Globe Life Field,Texas Rangers,Seattle Mariners,R,7,1,Texas Rangers,Seattle Mariners,Home,6,Nathan Eovaldi,Bryan Woo,,Wyatt Langford,Texas Rangers,"3-4, 0 HR, 1 RBI",Nathan Eovaldi,Texas Rangers,"7.0 IP, 8 K, 1 ER"
822950,2026-07-26,Tropicana Field,Tampa Bay Rays,Cleveland Guardians,R,1,0,Tampa Bay Rays,Cleveland Guardians,Home,1,Drew Rasmussen,Parker Messick,Bryan Baker,Chandler Simpson,Tampa Bay Rays,"2-3, 0 HR, 0 RBI",Drew Rasmussen,Tampa Bay Rays,"7.0 IP, 9 K, 0 ER"
822706,2026-07-26,Nationals Park,Washington Nationals,Arizona Diamondbacks,R,10,7,Washington Nationals,Arizona Diamondbacks,Home,3,Riley Cornelio,Jonathan Loáisiga,Clayton Beeter,CJ Abrams,Washington Nationals,"3-5, 2 HR, 3 RBI",Brandyn Garcia,Arizona Diamondbacks,"1.0 IP, 2 K, 2 ER"
823354,2026-07-26,PNC Park,Pittsburgh Pirates,Chicago Cubs,R,8,7,Pittsburgh Pirates,Chicago Cubs,Home,1,Braxton Ashcraft,Jameson Taillon,Mason Montgomery,Brandon Lowe,Pittsburgh Pirates,"3-4, 0 HR, 0 RBI",Braxton Ashcraft,Pittsburgh Pirates,"6.0 IP, 5 K, 4 ER"
824730,2026-07-26,Fenway Park,Boston Red Sox,Toronto Blue Jays,R,6,1,Boston Red Sox,Toronto Blue Jays,Home,5,Greg Weissert,Kevin Gausman,,Jarren Duran,Boston Red Sox,"3-4, 0 HR, 2 RBI",Ranger Suarez,Boston Red Sox,"4.0 IP, 6 K, 0 ER"
824810,2026-07-26,Oriole Park at Camden Yards,Baltimore Orioles,Atlanta Braves,R,2,3,Atlanta Braves,Baltimore Orioles,Away,1,Tyler Kinley,Andrew Kittredge,,Dominic Smith,Atlanta Braves,"3-5, 0 HR, 2 RBI",Reynaldo López,Atlanta Braves,"5.2 IP, 6 K, 0 ER"
824246,2026-07-26,Comerica Park,Detroit Tigers,Kansas City Royals,R,4,5,Kansas City Royals,Detroit Tigers,Away,1,Nate Pearson,Drew Sommers,Steven Cruz,Dillon Dingler,Detroit Tigers,"2-3, 0 HR, 2 RBI",Framber Valdez,Detroit Tigers,"5.0 IP, 4 K, 2 ER"
823599,2026-07-26,Citi Field,New York Mets,Los Angeles Dodgers,R,8,3,New York Mets,Los Angeles Dodgers,Home,5,Cionel Pérez,Evan Phillips,,Freddie Freeman,Los Angeles Dodgers,"2-4, 0 HR, 1 RBI",Emmet Sheehan,Los Angeles Dodgers,"5.0 IP, 5 K, 1 ER"
823840,2026-07-26,loanDepot park,Miami Marlins,San Diego Padres,R,3,5,San Diego Padres,Miami Marlins,Away,2,Wandy Peralta,Lake Bachar,Mason Miller,Jake Cronenworth,San Diego Padres,"3-5, 0 HR, 0 RBI",Walker Buehler,San Diego Padres,"5.1 IP, 7 K, 2 ER"
823678,2026-07-26,Target Field,Minnesota Twins,Athletics,R,11,8,Minnesota Twins,Athletics,Home,3,Connor Prielipp,Jeffrey Springs,,Ryan Jeffers,Minnesota Twins,"3-5, 0 HR, 3 RBI",Connor Prielipp,Minnesota Twins,"5.2 IP, 5 K, 1 ER"
824572,2026-07-26,Rate Field,Chicago White Sox,Houston Astros,R,12,3,Chicago White Sox,Houston Astros,Home,9,Sean Newcomb,Ronel Blanco,,Munetaka Murakami,Chicago White Sox,"3-5, 2 HR, 6 RBI",Ronel Blanco,Houston Astros,"5.1 IP, 4 K, 5 ER"
823755,2026-07-26,American Family Field,Milwaukee Brewers,Colorado Rockies,R,11,2,Milwaukee Brewers,Colorado Rockies,Home,9,Jacob Misiorowski,Kyle Freeland,,Cooper Pratt,Milwaukee Brewers,"2-4, 0 HR, 2 RBI",Jacob Misiorowski,Milwaukee Brewers,"5.0 IP, 12 K, 1 ER"
823028,2026-07-26,Busch Stadium,St. Louis Cardinals,Cincinnati Reds,R,3,5,Cincinnati Reds,St. Louis Cardinals,Away,2,Brock Burke,Matt Svanson,Julian Garcia,Nathaniel Lowe,Cincinnati Reds,"3-5, 0 HR, 2 RBI",Kyle Leahy,St. Louis Cardinals,"6.0 IP, 9 K, 2 ER"
822870,2026-07-26,Globe Life Field,Texas Rangers,Seattle Mariners,R,4,6,Seattle Mariners,Texas Rangers,Away,2,Gabe Speier,Cole Winn,Andrés Muñoz,Dominic Canzone,Seattle Mariners,"3-5, 1 HR, 4 RBI",Jacob deGrom,Texas Rangers,"5.0 IP, 4 K, 1 ER"
823194,2026-07-26,Oracle Park,San Francisco Giants,Los Angeles Angels,R,3,4,Los Angeles Angels,San Francisco Giants,Away,1,José Soriano,Carson Whisenhunt,Mitch Farris,Mike Trout,Los Angeles Angels,"4-4, 0 HR, 0 RBI",Carson Whisenhunt,San Francisco Giants,"5.0 IP, 7 K, 4 ER"
823433,2026-07-26,Citizens Bank Park,Philadelphia Phillies,New York Yankees,R,11,4,Philadelphia Phillies,New York Yankees,Home,7,Cristopher Sánchez,Will Warren,,Bryson Stott,Philadelphia Phillies,"3-4, 1 HR, 5 RBI",Cristopher Sánchez,Philadelphia Phillies,"6.0 IP, 6 K, 3 ER"
822868,2026-07-27,Globe Life Field,Texas Rangers,Seattle Mariners,R,7,3,Texas Rangers,Seattle Mariners,Home,4,Kumar Rocker,George Kirby,,Joc Pederson,Texas Rangers,"2-4, 2 HR, 4 RBI",Kumar Rocker,Texas Rangers,"6.2 IP, 7 K, 2 ER"
824245,2026-07-27,Comerica Park,Detroit Tigers,Baltimore Orioles,R,5,8,Baltimore Orioles,Detroit Tigers,Away,3,Grant Wolfram,Keider Montero,Rico Garcia,Jackson Holliday,Baltimore Orioles,"4-5, 0 HR, 0 RBI",Kyle Bradish,Baltimore Orioles,"4.2 IP, 4 K, 5 ER"
823353,2026-07-27,PNC Park,Pittsburgh Pirates,Arizona Diamondbacks,R,3,2,Pittsburgh Pirates,Arizona Diamondbacks,Home,1,Mason Montgomery,Taylor Clarke,,Brandon Lowe,Pittsburgh Pirates,"3-5, 0 HR, 2 RBI",Merrill Kelly,Arizona Diamondbacks,"5.2 IP, 6 K, 0 ER"
823839,2026-07-27,loanDepot park,Miami Marlins,Philadelphia Phillies,R,8,7,Miami Marlins,Philadelphia Phillies,Home,1,Calvin Faucher,Jhoan Duran,,Otto Lopez,Miami Marlins,"3-5, 0 HR, 1 RBI",Zack Wheeler,Philadelphia Phillies,"3.0 IP, 6 K, 5 ER"
822705,2026-07-27,Nationals Park,Washington Nationals,Toronto Blue Jays,R,2,3,Toronto Blue Jays,Washington Nationals,Away,1,Mason Fluharty,Eddy Yean,Louis Varland,Luis García Jr.,Washington Nationals,"2-5, 0 HR, 1 RBI",Max Scherzer,Toronto Blue Jays,"2.2 IP, 4 K, 1 ER"
823597,2026-07-27,Citi Field,New York Mets,Atlanta Braves,R,14,3,New York Mets,Atlanta Braves,Home,11,Zac Thornton,Connor Thomas,,Francisco Lindor,New York Mets,"3-5, 2 HR, 6 RBI",Zac Thornton,New York Mets,"6.1 IP, 5 K, 3 ER"
824570,2026-07-27,Rate Field,Chicago White Sox,New York Yankees,R,5,9,New York Yankees,Chicago White Sox,Away,4,Brent Headrick,Bryan Hudson,David Bednar,Colson Montgomery,Chicago White Sox,"3-4, 0 HR, 2 RBI",Noah Schultz,Chicago White Sox,"3.1 IP, 5 K, 3 ER"
823025,2026-07-27,Busch Stadium,St. Louis Cardinals,Chicago Cubs,R,3,7,Chicago Cubs,St. Louis Cardinals,Away,4,David Peterson,Matthew Liberatore,,Nico Hoerner,Chicago Cubs,"4-5, 1 HR, 4 RBI",Matthew Liberatore,St. Louis Cardinals,"3.2 IP, 5 K, 3 ER"
824001,2026-07-27,Angel Stadium,Los Angeles Angels,Houston Astros,R,4,6,Houston Astros,Los Angeles Angels,Away,2,Cristian Javier,José Fermin,Josh Hader,Vaughn Grissom,Los Angeles Angels,"3-5, 1 HR, 2 RBI",Cristian Javier,Houston Astros,"5.0 IP, 7 K, 0 ER"
824977,2026-07-27,Sutter Health Park,Athletics,Boston Red Sox,R,2,4,Boston Red Sox,Athletics,Away,2,Payton Tolle,Jack Perkins,Aroldis Chapman,Colby Thomas,Athletics,"2-4, 0 HR, 0 RBI",Payton Tolle,Boston Red Sox,"5.1 IP, 7 K, 2 ER"
823195,2026-07-27,Oracle Park,San Francisco Giants,Milwaukee Brewers,R,3,0,San Francisco Giants,Milwaukee Brewers,Home,3,Tyler Mahle,Brandon Sproat,Erik Miller,Grant McCray,San Francisco Giants,"1-3, 1 HR, 2 RBI",Brandon Sproat,Milwaukee Brewers,"6.0 IP, 5 K, 3 ER"
824490,2026-07-28,Great American Ball Park,Cincinnati Reds,Cleveland Guardians,R,0,0,Cleveland Guardians,Cincinnati Reds,Away,0,Colin Holderman,Sam Moll,Cade Smith,Sal Stewart,Cincinnati Reds,"2-3, 1 HR, 3 RBI",Franco Aleman,Cleveland Guardians,"2.0 IP, 5 K, 0 ER"
824490,2026-07-28,Great American Ball Park,Cincinnati Reds,Cleveland Guardians,R,0,0,Cleveland Guardians,Cincinnati Reds,Away,0,Colin Holderman,Sam Moll,Cade Smith,Sal Stewart,Cincinnati Reds,"2-3, 1 HR, 3 RBI",Franco Aleman,Cleveland Guardians,"2.0 IP, 5 K, 0 ER"
824489,2026-07-28,Great American Ball Park,Cincinnati Reds,Cleveland Guardians,R,2,0,Cincinnati Reds,Cleveland Guardians,Home,2,Jose Franco,Gavin Williams,Emilio Pagán,JJ Bleday,Cincinnati Reds,"1-3, 1 HR, 1 RBI",Gavin Williams,Cleveland Guardians,"7.0 IP, 12 K, 2 ER"
824243,2026-07-28,Comerica Park,Detroit Tigers,Baltimore Orioles,R,14,0,Detroit Tigers,Baltimore Orioles,Home,14,Troy Melton,Dean Kremer,,Eduardo Valencia,Detroit Tigers,"4-5, 2 HR, 4 RBI",Troy Melton,Detroit Tigers,"7.0 IP, 5 K, 0 ER"
823350,2026-07-28,PNC Park,Pittsburgh Pirates,Arizona Diamondbacks,R,7,8,Arizona Diamondbacks,Pittsburgh Pirates,Away,1,Gerardo Carrillo,Wilber Dotel,,James McCann,Arizona Diamondbacks,"4-6, 0 HR, 1 RBI",Brandon Pfaadt,Arizona Diamondbacks,"7.0 IP, 4 K, 0 ER"
822949,2026-07-28,Tropicana Field,Tampa Bay Rays,Texas Rangers,R,1,4,Texas Rangers,Tampa Bay Rays,Away,3,Cal Quantrill,Griffin Jax,Jacob Latz,Junior Caminero,Tampa Bay Rays,"2-4, 0 HR, 1 RBI",Griffin Jax,Tampa Bay Rays,"5.2 IP, 10 K, 1 ER"
823838,2026-07-28,loanDepot park,Miami Marlins,Philadelphia Phillies,R,1,0,Miami Marlins,Philadelphia Phillies,Home,1,Sandy Alcantara,Aaron Nola,Pete Fairbanks,Liam Hicks,Miami Marlins,"2-4, 0 HR, 0 RBI",Sandy Alcantara,Miami Marlins,"7.0 IP, 5 K, 0 ER"
822703,2026-07-28,Nationals Park,Washington Nationals,Toronto Blue Jays,R,8,6,Washington Nationals,Toronto Blue Jays,Home,2,Cade Cavalli,Shane Bieber,Clayton Beeter,Luis García Jr.,Washington Nationals,"2-5, 1 HR, 2 RBI",Brendon Little,Toronto Blue Jays,"2.1 IP, 4 K, 0 ER"
823676,2026-07-28,Target Field,Minnesota Twins,Kansas City Royals,R,3,2,Minnesota Twins,Kansas City Royals,Home,1,Jack Anderson,Alex Lange,,Josh Bell,Minnesota Twins,"2-4, 0 HR, 1 RBI",Taj Bradley,Minnesota Twins,"6.0 IP, 10 K, 2 ER"
824569,2026-07-28,Rate Field,Chicago White Sox,New York Yankees,R,2,3,New York Yankees,Chicago White Sox,Away,1,Gerrit Cole,Anthony Kay,David Bednar,Braden Montgomery,Chicago White Sox,"2-3, 0 HR, 0 RBI",Anthony Kay,Chicago White Sox,"5.1 IP, 7 K, 3 ER"
823026,2026-07-28,Busch Stadium,St. Louis Cardinals,Chicago Cubs,R,2,10,Chicago Cubs,St. Louis Cardinals,Away,8,Colin Rea,Michael McGreevy,,Seiya Suzuki,Chicago Cubs,"3-5, 0 HR, 2 RBI",Justin Bruihl,St. Louis Cardinals,"2.0 IP, 4 K, 0 ER"
824003,2026-07-28,Angel Stadium,Los Angeles Angels,Houston Astros,R,2,3,Houston Astros,Los Angeles Angels,Away,1,Steven Okert,Mitch Farris,Josh Hader,Yordan Alvarez,Houston Astros,"2-4, 1 HR, 2 RBI",Reid Detmers,Los Angeles Angels,"5.0 IP, 9 K, 2 ER"
824976,2026-07-28,Sutter Health Park,Athletics,Boston Red Sox,R,4,3,Athletics,Boston Red Sox,Home,1,Gage Jump,Jake Bennett,Hogan Harris,Tommy White,Athletics,"4-4, 0 HR, 0 RBI",Gage Jump,Athletics,"6.0 IP, 7 K, 0 ER"
823275,2026-07-28,Petco Park,San Diego Padres,Colorado Rockies,R,8,7,San Diego Padres,Colorado Rockies,Home,1,Mason Miller,Jimmy Herget,,Fernando Tatis Jr.,San Diego Padres,"5-5, 0 HR, 2 RBI",Michael King,San Diego Padres,"6.0 IP, 6 K, 4 ER"
823193,2026-07-28,Oracle Park,San Francisco Giants,Milwaukee Brewers,R,2,8,Milwaukee Brewers,San Francisco Giants,Away,6,Logan Henderson,Landen Roupp,,Brice Turang,Milwaukee Brewers,"3-5, 0 HR, 2 RBI",Logan Henderson,Milwaukee Brewers,"5.2 IP, 7 K, 0 ER"
823923,2026-07-28,UNIQLO Field at Dodger Stadium,Los Angeles Dodgers,Seattle Mariners,R,6,7,Seattle Mariners,Los Angeles Dodgers,Away,1,José A. Ferrer,Brock Stewart,Andrés Muñoz,Shohei Ohtani,Los Angeles Dodgers,"3-4, 1 HR, 3 RBI",Justin Wrobleski,Los Angeles Dodgers,"6.0 IP, 7 K, 5 ER"
823598,2026-07-29,Citi Field,New York Mets,Atlanta Braves,R,0,1,Atlanta Braves,New York Mets,Away,1,Chris Sale,Christian Scott,Raisel Iglesias,Drake Baldwin,Atlanta Braves,"2-4, 0 HR, 0 RBI",Chris Sale,Atlanta Braves,"6.0 IP, 9 K, 0 ER"
823837,2026-07-29,loanDepot park,Miami Marlins,Philadelphia Phillies,R,8,6,Miami Marlins,Philadelphia Phillies,Home,2,Tyler Zuber,Jonathan Bowlan,Pete Fairbanks,Trea Turner,Philadelphia Phillies,"2-5, 1 HR, 1 RBI",Jesús Luzardo,Philadelphia Phillies,"6.1 IP, 5 K, 6 ER"
823351,2026-07-29,PNC Park,Pittsburgh Pirates,Arizona Diamondbacks,R,0,3,Arizona Diamondbacks,Pittsburgh Pirates,Away,3,Eduardo Rodriguez,Jared Jones,Brandyn Garcia,Max Kepler,Arizona Diamondbacks,"2-4, 0 HR, 1 RBI",Jared Jones,Pittsburgh Pirates,"6.0 IP, 5 K, 3 ER"
822702,2026-07-29,Nationals Park,Washington Nationals,Toronto Blue Jays,R,2,5,Toronto Blue Jays,Washington Nationals,Away,3,Trey Yesavage,Orlando Ribalta,Louis Varland,Kazuma Okamoto,Toronto Blue Jays,"3-5, 0 HR, 2 RBI",Trey Yesavage,Toronto Blue Jays,"6.2 IP, 4 K, 1 ER"
824242,2026-07-29,Comerica Park,Detroit Tigers,Baltimore Orioles,R,9,10,Baltimore Orioles,Detroit Tigers,Away,1,Grant Wolfram,Drew Sommers,Andrew Kittredge,Spencer Torkelson,Detroit Tigers,"2-5, 1 HR, 2 RBI",Tarik Skubal,Detroit Tigers,"6.2 IP, 6 K, 3 ER"
823596,2026-07-29,Citi Field,New York Mets,Atlanta Braves,R,3,2,New York Mets,Atlanta Braves,Home,1,Huascar Brazobán,Dylan Dodd,Devin Williams,Carson Benge,New York Mets,"2-4, 0 HR, 1 RBI",Sean Manaea,New York Mets,"6.0 IP, 4 K, 2 ER"
823598,2026-07-29,Citi Field,New York Mets,Atlanta Braves,R,0,1,Atlanta Braves,New York Mets,Away,1,Chris Sale,Christian Scott,Raisel Iglesias,Drake Baldwin,Atlanta Braves,"2-4, 0 HR, 0 RBI",Chris Sale,Atlanta Braves,"6.0 IP, 9 K, 0 ER"
823192,2026-07-29,Oracle Park,San Francisco Giants,Milwaukee Brewers,R,16,3,San Francisco Giants,Milwaukee Brewers,Home,13,Logan Webb,Thomas Pannone,,Heliot Ramos,San Francisco Giants,"4-5, 0 HR, 3 RBI",Logan Webb,San Francisco Giants,"6.0 IP, 4 K, 2 ER"
823273,2026-07-29,Petco Park,San Diego Padres,Colorado Rockies,R,3,1,San Diego Padres,Colorado Rockies,Home,2,Griffin Canning,Gabriel Hughes,Mason Miller,Brett Sullivan,Colorado Rockies,"2-3, 0 HR, 1 RBI",Griffin Canning,San Diego Padres,"3.0 IP, 4 K, 0 ER"
822947,2026-07-29,Tropicana Field,Tampa Bay Rays,Texas Rangers,R,3,0,Tampa Bay Rays,Texas Rangers,Home,3,Ian Seymour,MacKenzie Gore,Bryan Baker,Ryan Vilade,Tampa Bay Rays,"1-3, 1 HR, 2 RBI",MacKenzie Gore,Texas Rangers,"7.0 IP, 9 K, 3 ER"
824487,2026-07-29,Great American Ball Park,Cincinnati Reds,Cleveland Guardians,R,1,6,Cleveland Guardians,Cincinnati Reds,Away,5,Erik Sabrowski,Brady Singer,,Travis Bazzana,Cleveland Guardians,"2-5, 0 HR, 1 RBI",Joey Cantillo,Cleveland Guardians,"4.0 IP, 8 K, 0 ER"
823677,2026-07-29,Target Field,Minnesota Twins,Kansas City Royals,R,0,4,Kansas City Royals,Minnesota Twins,Away,4,Randy Dobnak,Joe Ryan,,Tyler Tolbert,Kansas City Royals,"2-3, 1 HR, 1 RBI",Kendry Rojas,Minnesota Twins,"3.0 IP, 4 K, 0 ER"
824567,2026-07-29,Rate Field,Chicago White Sox,New York Yankees,R,6,5,Chicago White Sox,New York Yankees,Home,1,Jordan Hicks,Ryan Yarbrough,,Spencer Jones,New York Yankees,"2-4, 1 HR, 3 RBI",Cam Schlittler,New York Yankees,"6.1 IP, 8 K, 1 ER"
823022,2026-07-29,Busch Stadium,St. Louis Cardinals,Chicago Cubs,R,3,2,St. Louis Cardinals,Chicago Cubs,Home,1,Luis Gastelum,Trent Thornton,,Iván Herrera,St. Louis Cardinals,"3-5, 0 HR, 2 RBI",Matthew Boyd,Chicago Cubs,"7.0 IP, 5 K, 0 ER"
824002,2026-07-29,Angel Stadium,Los Angeles Angels,Houston Astros,R,4,7,Houston Astros,Los Angeles Angels,Away,3,Hayden Wesneski,Mitch Farris,Bryan Abreu,Yainer Diaz,Houston Astros,"4-5, 1 HR, 2 RBI",Grayson Rodriguez,Los Angeles Angels,"5.0 IP, 6 K, 2 ER"
824973,2026-07-29,Sutter Health Park,Athletics,Boston Red Sox,R,2,4,Boston Red Sox,Athletics,Away,2,Aroldis Chapman,José Suarez,Greg Weissert,Andruw Monasterio,Boston Red Sox,"3-4, 1 HR, 2 RBI",Jacob Lopez,Athletics,"5.1 IP, 8 K, 1 ER"
823924,2026-07-29,UNIQLO Field at Dodger Stadium,Los Angeles Dodgers,Seattle Mariners,R,4,2,Los Angeles Dodgers,Seattle Mariners,Home,2,Eric Lauer,Emerson Hancock,Edwin Díaz,Andy Pages,Los Angeles Dodgers,"3-4, 1 HR, 2 RBI",Emerson Hancock,Seattle Mariners,"5.0 IP, 5 K, 3 ER"
822946,2026-07-30,Tropicana Field,Tampa Bay Rays,Texas Rangers,R,3,2,Tampa Bay Rays,Texas Rangers,Home,1,Garrett Cleavinger,Ben Peoples,Bryan Baker,Jonny DeLuca,Tampa Bay Rays,"2-4, 1 HR, 1 RBI",Steven Matz,Tampa Bay Rays,"2.0 IP, 3 K, 0 ER"
823674,2026-07-30,Target Field,Minnesota Twins,Kansas City Royals,R,4,3,Minnesota Twins,Kansas City Royals,Home,1,Yoendrys Gómez,Matt Strahm,,Jac Caglianone,Kansas City Royals,"2-4, 1 HR, 2 RBI",Noah Cameron,Kansas City Royals,"8.0 IP, 7 K, 0 ER"
824568,2026-07-30,Rate Field,Chicago White Sox,New York Yankees,R,2,1,Chicago White Sox,New York Yankees,Home,1,Seranthony Domínguez,Fernando Cruz,,Trent Grisham,New York Yankees,"2-4, 0 HR, 1 RBI",Sean Burke,Chicago White Sox,"6.0 IP, 10 K, 0 ER"
823023,2026-07-30,Busch Stadium,St. Louis Cardinals,Chicago Cubs,R,2,4,Chicago Cubs,St. Louis Cardinals,Away,2,Jacob Webb,Luis Gastelum,Aaron Civale,Nico Hoerner,Chicago Cubs,"3-5, 0 HR, 0 RBI",Javier Assad,Chicago Cubs,"4.1 IP, 6 K, 1 ER"
824488,2026-07-30,Great American Ball Park,Cincinnati Reds,Pittsburgh Pirates,R,3,2,Cincinnati Reds,Pittsburgh Pirates,Home,1,Emilio Pagán,Gregory Soto,,Elly De La Cruz,Cincinnati Reds,"3-4, 0 HR, 1 RBI",Rhett Lowder,Cincinnati Reds,"6.0 IP, 5 K, 2 ER"
823595,2026-07-30,Citi Field,New York Mets,Miami Marlins,R,4,2,New York Mets,Miami Marlins,Home,2,Brooks Raley,Michael Petersen,Devin Williams,Bo Bichette,New York Mets,"2-4, 0 HR, 0 RBI",Nolan McLean,New York Mets,"6.1 IP, 6 K, 2 ER"
824894,2026-07-30,Truist Park,Atlanta Braves,Washington Nationals,R,5,4,Atlanta Braves,Washington Nationals,Home,1,Victor Mederos,Jake Irvin,Raisel Iglesias,Luis García Jr.,Washington Nationals,"3-5, 1 HR, 2 RBI",Grant Holmes,Atlanta Braves,"4.2 IP, 4 K, 3 ER"
824974,2026-07-30,Sutter Health Park,Athletics,Boston Red Sox,R,4,5,Boston Red Sox,Athletics,Away,1,Sonny Gray,Luis Medina,Aroldis Chapman,Willson Contreras,Boston Red Sox,"2-3, 1 HR, 1 RBI",Mason Barnett,Athletics,"5.0 IP, 6 K, 3 ER"
823271,2026-07-30,Petco Park,San Diego Padres,San Francisco Giants,R,1,4,San Francisco Giants,San Diego Padres,Away,3,Robbie Ray,JP Sears,Erik Miller,Rafael Devers,San Francisco Giants,"3-4, 0 HR, 1 RBI",Robbie Ray,San Francisco Giants,"6.0 IP, 6 K, 1 ER"
823921,2026-07-30,UNIQLO Field at Dodger Stadium,Los Angeles Dodgers,Seattle Mariners,R,6,2,Los Angeles Dodgers,Seattle Mariners,Home,4,Roki Sasaki,Bryan Woo,,Randy Arozarena,Seattle Mariners,"3-4, 0 HR, 1 RBI",Bryan Woo,Seattle Mariners,"5.0 IP, 8 K, 5 ER"
824651,2026-07-31,Wrigley Field,Chicago Cubs,New York Yankees,R,0,2,New York Yankees,Chicago Cubs,Away,2,Will Warren,Shota Imanaga,David Bednar,Pedro Ramírez,Chicago Cubs,"2-4, 0 HR, 0 RBI",Will Warren,New York Yankees,"6.2 IP, 7 K, 0 ER"
824486,2026-07-31,Great American Ball Park,Cincinnati Reds,Pittsburgh Pirates,R,8,7,Cincinnati Reds,Pittsburgh Pirates,Home,1,Emilio Pagán,Wilber Dotel,,Brandon Lowe,Pittsburgh Pirates,"3-5, 0 HR, 1 RBI",Paul Skenes,Pittsburgh Pirates,"4.0 IP, 7 K, 5 ER"
824809,2026-07-31,Oriole Park at Camden Yards,Baltimore Orioles,Philadelphia Phillies,R,6,4,Baltimore Orioles,Philadelphia Phillies,Home,2,Anthony Nunez,Orion Kerkering,Tyler Wells,Trea Turner,Philadelphia Phillies,"3-4, 1 HR, 1 RBI",Andrew Painter,Philadelphia Phillies,"6.0 IP, 6 K, 2 ER"
822782,2026-07-31,Rogers Centre,Toronto Blue Jays,St. Louis Cardinals,R,3,1,Toronto Blue Jays,St. Louis Cardinals,Home,2,Jeff Hoffman,Peter Strzelecki,Louis Varland,Brandon Valenzuela,Toronto Blue Jays,"3-4, 0 HR, 0 RBI",Dylan Cease,Toronto Blue Jays,"6.0 IP, 7 K, 1 ER"
824407,2026-07-31,Progressive Field,Cleveland Guardians,Arizona Diamondbacks,R,1,4,Arizona Diamondbacks,Cleveland Guardians,Away,3,Jonathan Loáisiga,Tanner Bibee,Brandyn Garcia,Geraldo Perdomo,Arizona Diamondbacks,"2-4, 0 HR, 1 RBI",Tanner Bibee,Cleveland Guardians,"7.1 IP, 3 K, 2 ER"
822945,2026-07-31,Tropicana Field,Tampa Bay Rays,Chicago White Sox,R,1,6,Chicago White Sox,Tampa Bay Rays,Away,5,Erick Fedde,Nick Martinez,,Munetaka Murakami,Chicago White Sox,"2-4, 1 HR, 2 RBI",Erick Fedde,Chicago White Sox,"5.0 IP, 6 K, 1 ER"
823593,2026-07-31,Citi Field,New York Mets,Miami Marlins,R,2,5,Miami Marlins,New York Mets,Away,3,Janson Junk,Kodai Senga,Pete Fairbanks,Carson Benge,New York Mets,"3-4, 0 HR, 0 RBI",Kodai Senga,New York Mets,"4.0 IP, 4 K, 3 ER"
824892,2026-07-31,Truist Park,Atlanta Braves,Washington Nationals,R,6,2,Atlanta Braves,Washington Nationals,Home,4,Bryce Elder,Foster Griffin,Elieser Hernández,Jim Jarvis,Atlanta Braves,"3-3, 0 HR, 2 RBI",Elieser Hernández,Atlanta Braves,"3.0 IP, 4 K, 1 ER"
824164,2026-07-31,Daikin Park,Houston Astros,Texas Rangers,R,11,2,Houston Astros,Texas Rangers,Home,9,Hunter Brown,Nathan Eovaldi,,Yainer Diaz,Houston Astros,"4-5, 1 HR, 1 RBI",Hunter Brown,Houston Astros,"5.2 IP, 5 K, 2 ER"
824325,2026-07-31,Coors Field,Colorado Rockies,Kansas City Royals,R,3,1,Colorado Rockies,Kansas City Royals,Home,2,Tomoyuki Sugano,Michael Wacha,Jordan Romano,Kyle Karros,Colorado Rockies,"2-3, 0 HR, 0 RBI",Michael Wacha,Kansas City Royals,"6.0 IP, 7 K, 1 ER"
823999,2026-07-31,Angel Stadium,Los Angeles Angels,Milwaukee Brewers,R,2,6,Milwaukee Brewers,Los Angeles Angels,Away,4,Shane Drohan,Ryan Johnson,,Jake Bauers,Milwaukee Brewers,"2-4, 1 HR, 3 RBI",Shane Drohan,Milwaukee Brewers,"6.0 IP, 7 K, 2 ER"
824975,2026-07-31,Sutter Health Park,Athletics,Detroit Tigers,R,1,13,Detroit Tigers,Athletics,Away,12,Ty Madden,Jeffrey Springs,,Javier Báez,Detroit Tigers,"3-5, 0 HR, 3 RBI",Drew Sommers,Detroit Tigers,"2.0 IP, 3 K, 0 ER"
823272,2026-07-31,Petco Park,San Diego Padres,San Francisco Giants,R,7,0,San Diego Padres,San Francisco Giants,Home,7,Yuki Matsui,Carson Whisenhunt,Germán Márquez,Luis Campusano,San Diego Padres,"3-4, 0 HR, 1 RBI",Carson Whisenhunt,San Francisco Giants,"3.1 IP, 3 K, 6 ER"
823922,2026-07-31,UNIQLO Field at Dodger Stadium,Los Angeles Dodgers,Boston Red Sox,R,4,9,Boston Red Sox,Los Angeles Dodgers,Away,5,Brayan Bello,Cole Irvin,,Ceddanne Rafaela,Boston Red Sox,"3-5, 1 HR, 2 RBI",Cole Irvin,Los Angeles Dodgers,"6.0 IP, 5 K, 6 ER"
823111,2026-07-31,T-Mobile Park,Seattle Mariners,Minnesota Twins,R,3,5,Minnesota Twins,Seattle Mariners,Away,2,Kody Funderburk,José A. Ferrer,Yoendrys Gómez,Luke Keaschall,Minnesota Twins,"2-3, 0 HR, 1 RBI",Zebby Matthews,Minnesota Twins,"5.0 IP, 10 K, 3 ER"
